date,BlkCnt,blocks_cum,height_eod
2009-01-03,0.0,0,-1
2009-01-04,0.0,0,-1
2009-01-05,0.0,0,-1
2009-01-06,0.0,0,-1
2009-01-07,0.0,0,-1
2009-01-08,0.0,0,-1
2009-01-09,19.0,19,18
2009-01-10,61.0,80,79
2009-01-11,93.0,173,172
2009-01-12,94.0,267,266
2009-01-13,123.0,390,389
2009-01-14,129.0,519,518
2009-01-15,126.0,645,644
2009-01-16,108.0,753,752
2009-01-17,109.0,862,861
2009-01-18,107.0,969,968
2009-01-19,115.0,1084,1083
2009-01-20,114.0,1198,1197
2009-01-21,102.0,1300,1299
2009-01-22,91.0,1391,1390
2009-01-23,84.0,1475,1474
2009-01-24,201.0,1676,1675
2009-01-25,191.0,1867,1866
2009-01-26,96.0,1963,1962
2009-01-27,97.0,2060,2059
2009-01-28,112.0,2172,2171
2009-01-29,121.0,2293,2292
2009-01-30,117.0,2410,2409
2009-01-31,138.0,2548,2547
2009-02-01,113.0,2661,2660
2009-02-02,128.0,2789,2788
2009-02-03,139.0,2928,2927
2009-02-04,119.0,3047,3046
2009-02-05,126.0,3173,3172
2009-02-06,122.0,3295,3294
2009-02-07,129.0,3424,3423
2009-02-08,132.0,3556,3555
2009-02-09,134.0,3690,3689
2009-02-10,120.0,3810,3809
2009-02-11,133.0,3943,3942
2009-02-12,119.0,4062,4061
2009-02-13,124.0,4186,4185
2009-02-14,136.0,4322,4321
2009-02-15,128.0,4450,4449
2009-02-16,122.0,4572,4571
2009-02-17,117.0,4689,4688
2009-02-18,118.0,4807,4806
2009-02-19,124.0,4931,4930
2009-02-20,122.0,5053,5052
2009-02-21,114.0,5167,5166
2009-02-22,121.0,5288,5287
2009-02-23,108.0,5396,5395
2009-02-24,106.0,5502,5501
2009-02-25,105.0,5607,5606
2009-02-26,107.0,5714,5713
2009-02-27,115.0,5829,5828
2009-02-28,99.0,5928,5927
2009-03-01,105.0,6033,6032
2009-03-02,108.0,6141,6140
2009-03-03,105.0,6246,6245
2009-03-04,104.0,6350,6349
2009-03-05,112.0,6462,6461
2009-03-06,117.0,6579,6578
2009-03-07,109.0,6688,6687
2009-03-08,115.0,6803,6802
2009-03-09,108.0,6911,6910
2009-03-10,107.0,7018,7017
2009-03-11,114.0,7132,7131
2009-03-12,118.0,7250,7249
2009-03-13,113.0,7363,7362
2009-03-14,110.0,7473,7472
2009-03-15,123.0,7596,7595
2009-03-16,121.0,7717,7716
2009-03-17,114.0,7831,7830
2009-03-18,114.0,7945,7944
2009-03-19,122.0,8067,8066
2009-03-20,118.0,8185,8184
2009-03-21,50.0,8235,8234
2009-03-22,119.0,8354,8353
2009-03-23,130.0,8484,8483
2009-03-24,105.0,8589,8588
2009-03-25,117.0,8706,8705
2009-03-26,117.0,8823,8822
2009-03-27,106.0,8929,8928
2009-03-28,119.0,9048,9047
2009-03-29,116.0,9164,9163
2009-03-30,120.0,9284,9283
2009-03-31,110.0,9394,9393
2009-04-01,114.0,9508,9507
2009-04-02,115.0,9623,9622
2009-04-03,116.0,9739,9738
2009-04-04,113.0,9852,9851
2009-04-05,130.0,9982,9981
2009-04-06,109.0,10091,10090
2009-04-07,100.0,10191,10190
2009-04-08,105.0,10296,10295
2009-04-09,99.0,10395,10394
2009-04-10,108.0,10503,10502
2009-04-11,120.0,10623,10622
2009-04-12,118.0,10741,10740
2009-04-13,115.0,10856,10855
2009-04-14,124.0,10980,10979
2009-04-15,113.0,11093,11092
2009-04-16,123.0,11216,11215
2009-04-17,112.0,11328,11327
2009-04-18,126.0,11454,11453
2009-04-19,119.0,11573,11572
2009-04-20,119.0,11692,11691
2009-04-21,123.0,11815,11814
2009-04-22,121.0,11936,11935
2009-04-23,75.0,12011,12010
2009-04-24,115.0,12126,12125
2009-04-25,118.0,12244,12243
2009-04-26,112.0,12356,12355
2009-04-27,104.0,12460,12459
2009-04-28,117.0,12577,12576
2009-04-29,128.0,12705,12704
2009-04-30,131.0,12836,12835
2009-05-01,121.0,12957,12956
2009-05-02,126.0,13083,13082
2009-05-03,106.0,13189,13188
2009-05-04,128.0,13317,13316
2009-05-05,135.0,13452,13451
2009-05-06,135.0,13587,13586
2009-05-07,122.0,13709,13708
2009-05-08,107.0,13816,13815
2009-05-09,78.0,13894,13893
2009-05-10,85.0,13979,13978
2009-05-11,120.0,14099,14098
2009-05-12,130.0,14229,14228
2009-05-13,111.0,14340,14339
2009-05-14,139.0,14479,14478
2009-05-15,136.0,14615,14614
2009-05-16,119.0,14734,14733
2009-05-17,127.0,14861,14860
2009-05-18,118.0,14979,14978
2009-05-19,86.0,15065,15064
2009-05-20,120.0,15185,15184
2009-05-21,82.0,15267,15266
2009-05-22,61.0,15328,15327
2009-05-23,32.0,15360,15359
2009-05-24,100.0,15460,15459
2009-05-25,109.0,15569,15568
2009-05-26,125.0,15694,15693
2009-05-27,119.0,15813,15812
2009-05-28,95.0,15908,15907
2009-05-29,106.0,16014,16013
2009-05-30,109.0,16123,16122
2009-05-31,96.0,16219,16218
2009-06-01,71.0,16290,16289
2009-06-02,111.0,16401,16400
2009-06-03,71.0,16472,16471
2009-06-04,66.0,16538,16537
2009-06-05,30.0,16568,16567
2009-06-06,28.0,16596,16595
2009-06-07,16.0,16612,16611
2009-06-08,82.0,16694,16693
2009-06-09,91.0,16785,16784
2009-06-10,82.0,16867,16866
2009-06-11,89.0,16956,16955
2009-06-12,86.0,17042,17041
2009-06-13,78.0,17120,17119
2009-06-14,72.0,17192,17191
2009-06-15,84.0,17276,17275
2009-06-16,71.0,17347,17346
2009-06-17,79.0,17426,17425
2009-06-18,80.0,17506,17505
2009-06-19,87.0,17593,17592
2009-06-20,78.0,17671,17670
2009-06-21,81.0,17752,17751
2009-06-22,76.0,17828,17827
2009-06-23,76.0,17904,17903
2009-06-24,95.0,17999,17998
2009-06-25,68.0,18067,18066
2009-06-26,90.0,18157,18156
2009-06-27,84.0,18241,18240
2009-06-28,46.0,18287,18286
2009-06-29,83.0,18370,18369
2009-06-30,85.0,18455,18454
2009-07-01,74.0,18529,18528
2009-07-02,83.0,18612,18611
2009-07-03,82.0,18694,18693
2009-07-04,89.0,18783,18782
2009-07-05,79.0,18862,18861
2009-07-06,84.0,18946,18945
2009-07-07,69.0,19015,19014
2009-07-08,74.0,19089,19088
2009-07-09,86.0,19175,19174
2009-07-10,81.0,19256,19255
2009-07-11,83.0,19339,19338
2009-07-12,77.0,19416,19415
2009-07-13,78.0,19494,19493
2009-07-14,69.0,19563,19562
2009-07-15,45.0,19608,19607
2009-07-16,71.0,19679,19678
2009-07-17,47.0,19726,19725
2009-07-18,4.0,19730,19729
2009-07-19,70.0,19800,19799
2009-07-20,70.0,19870,19869
2009-07-21,82.0,19952,19951
2009-07-22,60.0,20012,20011
2009-07-23,76.0,20088,20087
2009-07-24,73.0,20161,20160
2009-07-25,32.0,20193,20192
2009-07-26,21.0,20214,20213
2009-07-27,74.0,20288,20287
2009-07-28,41.0,20329,20328
2009-07-29,19.0,20348,20347
2009-07-30,15.0,20363,20362
2009-07-31,17.0,20380,20379
2009-08-01,28.0,20408,20407
2009-08-02,23.0,20431,20430
2009-08-03,12.0,20443,20442
2009-08-04,81.0,20524,20523
2009-08-05,87.0,20611,20610
2009-08-06,90.0,20701,20700
2009-08-07,80.0,20781,20780
2009-08-08,80.0,20861,20860
2009-08-09,101.0,20962,20961
2009-08-10,75.0,21037,21036
2009-08-11,70.0,21107,21106
2009-08-12,63.0,21170,21169
2009-08-13,85.0,21255,21254
2009-08-14,63.0,21318,21317
2009-08-15,26.0,21344,21343
2009-08-16,19.0,21363,21362
2009-08-17,17.0,21380,21379
2009-08-18,10.0,21390,21389
2009-08-19,18.0,21408,21407
2009-08-20,22.0,21430,21429
2009-08-21,14.0,21444,21443
2009-08-22,7.0,21451,21450
2009-08-23,15.0,21466,21465
2009-08-24,15.0,21481,21480
2009-08-25,50.0,21531,21530
2009-08-26,48.0,21579,21578
2009-08-27,29.0,21608,21607
2009-08-28,75.0,21683,21682
2009-08-29,78.0,21761,21760
2009-08-30,97.0,21858,21857
2009-08-31,86.0,21944,21943
2009-09-01,78.0,22022,22021
2009-09-02,66.0,22088,22087
2009-09-03,61.0,22149,22148
2009-09-04,64.0,22213,22212
2009-09-05,76.0,22289,22288
2009-09-06,68.0,22357,22356
2009-09-07,78.0,22435,22434
2009-09-08,69.0,22504,22503
2009-09-09,54.0,22558,22557
2009-09-10,67.0,22625,22624
2009-09-11,67.0,22692,22691
2009-09-12,69.0,22761,22760
2009-09-13,75.0,22836,22835
2009-09-14,74.0,22910,22909
2009-09-15,44.0,22954,22953
2009-09-16,72.0,23026,23025
2009-09-17,84.0,23110,23109
2009-09-18,78.0,23188,23187
2009-09-19,74.0,23262,23261
2009-09-20,78.0,23340,23339
2009-09-21,69.0,23409,23408
2009-09-22,25.0,23434,23433
2009-09-23,36.0,23470,23469
2009-09-24,97.0,23567,23566
2009-09-25,91.0,23658,23657
2009-09-26,100.0,23758,23757
2009-09-27,87.0,23845,23844
2009-09-28,85.0,23930,23929
2009-09-29,88.0,24018,24017
2009-09-30,85.0,24103,24102
2009-10-01,82.0,24185,24184
2009-10-02,72.0,24257,24256
2009-10-03,58.0,24315,24314
2009-10-04,53.0,24368,24367
2009-10-05,55.0,24423,24422
2009-10-06,43.0,24466,24465
2009-10-07,60.0,24526,24525
2009-10-08,70.0,24596,24595
2009-10-09,79.0,24675,24674
2009-10-10,77.0,24752,24751
2009-10-11,74.0,24826,24825
2009-10-12,58.0,24884,24883
2009-10-13,57.0,24941,24940
2009-10-14,69.0,25010,25009
2009-10-15,71.0,25081,25080
2009-10-16,60.0,25141,25140
2009-10-17,57.0,25198,25197
2009-10-18,74.0,25272,25271
2009-10-19,112.0,25384,25383
2009-10-20,95.0,25479,25478
2009-10-21,80.0,25559,25558
2009-10-22,90.0,25649,25648
2009-10-23,89.0,25738,25737
2009-10-24,62.0,25800,25799
2009-10-25,76.0,25876,25875
2009-10-26,71.0,25947,25946
2009-10-27,64.0,26011,26010
2009-10-28,66.0,26077,26076
2009-10-29,46.0,26123,26122
2009-10-30,60.0,26183,26182
2009-10-31,46.0,26229,26228
2009-11-01,25.0,26254,26253
2009-11-02,33.0,26287,26286
2009-11-03,62.0,26349,26348
2009-11-04,63.0,26412,26411
2009-11-05,57.0,26469,26468
2009-11-06,62.0,26531,26530
2009-11-07,69.0,26600,26599
2009-11-08,73.0,26673,26672
2009-11-09,64.0,26737,26736
2009-11-10,78.0,26815,26814
2009-11-11,64.0,26879,26878
2009-11-12,66.0,26945,26944
2009-11-13,80.0,27025,27024
2009-11-14,79.0,27104,27103
2009-11-15,96.0,27200,27199
2009-11-16,97.0,27297,27296
2009-11-17,92.0,27389,27388
2009-11-18,79.0,27468,27467
2009-11-19,70.0,27538,27537
2009-11-20,86.0,27624,27623
2009-11-21,73.0,27697,27696
2009-11-22,106.0,27803,27802
2009-11-23,96.0,27899,27898
2009-11-24,93.0,27992,27991
2009-11-25,90.0,28082,28081
2009-11-26,84.0,28166,28165
2009-11-27,74.0,28240,28239
2009-11-28,71.0,28311,28310
2009-11-29,60.0,28371,28370
2009-11-30,75.0,28446,28445
2009-12-01,73.0,28519,28518
2009-12-02,94.0,28613,28612
2009-12-03,88.0,28701,28700
2009-12-04,36.0,28737,28736
2009-12-05,64.0,28801,28800
2009-12-06,103.0,28904,28903
2009-12-07,112.0,29016,29015
2009-12-08,105.0,29121,29120
2009-12-09,96.0,29217,29216
2009-12-10,104.0,29321,29320
2009-12-11,112.0,29433,29432
2009-12-12,110.0,29543,29542
2009-12-13,114.0,29657,29656
2009-12-14,102.0,29759,29758
2009-12-15,110.0,29869,29868
2009-12-16,136.0,30005,30004
2009-12-17,169.0,30174,30173
2009-12-18,225.0,30399,30398
2009-12-19,198.0,30597,30596
2009-12-20,175.0,30772,30771
2009-12-21,175.0,30947,30946
2009-12-22,162.0,31109,31108
2009-12-23,154.0,31263,31262
2009-12-24,154.0,31417,31416
2009-12-25,149.0,31566,31565
2009-12-26,174.0,31740,31739
2009-12-27,167.0,31907,31906
2009-12-28,137.0,32044,32043
2009-12-29,171.0,32215,32214
2009-12-30,141.0,32356,32355
2009-12-31,138.0,32494,32493
2010-01-01,132.0,32626,32625
2010-01-02,126.0,32752,32751
2010-01-03,186.0,32938,32937
2010-01-04,181.0,33119,33118
2010-01-05,198.0,33317,33316
2010-01-06,163.0,33480,33479
2010-01-07,154.0,33634,33633
2010-01-08,153.0,33787,33786
2010-01-09,151.0,33938,33937
2010-01-10,190.0,34128,34127
2010-01-11,159.0,34287,34286
2010-01-12,159.0,34446,34445
2010-01-13,164.0,34610,34609
2010-01-14,143.0,34753,34752
2010-01-15,141.0,34894,34893
2010-01-16,125.0,35019,35018
2010-01-17,131.0,35150,35149
2010-01-18,125.0,35275,35274
2010-01-19,124.0,35399,35398
2010-01-20,158.0,35557,35556
2010-01-21,175.0,35732,35731
2010-01-22,133.0,35865,35864
2010-01-23,160.0,36025,36024
2010-01-24,154.0,36179,36178
2010-01-25,211.0,36390,36389
2010-01-26,195.0,36585,36584
2010-01-27,164.0,36749,36748
2010-01-28,177.0,36926,36925
2010-01-29,197.0,37123,37122
2010-01-30,210.0,37333,37332
2010-01-31,165.0,37498,37497
2010-02-01,184.0,37682,37681
2010-02-02,145.0,37827,37826
2010-02-03,270.0,38097,38096
2010-02-04,229.0,38326,38325
2010-02-05,223.0,38549,38548
2010-02-06,192.0,38741,38740
2010-02-07,217.0,38958,38957
2010-02-08,200.0,39158,39157
2010-02-09,207.0,39365,39364
2010-02-10,168.0,39533,39532
2010-02-11,169.0,39702,39701
2010-02-12,183.0,39885,39884
2010-02-13,232.0,40117,40116
2010-02-14,208.0,40325,40324
2010-02-15,176.0,40501,40500
2010-02-16,195.0,40696,40695
2010-02-17,239.0,40935,40934
2010-02-18,208.0,41143,41142
2010-02-19,192.0,41335,41334
2010-02-20,208.0,41543,41542
2010-02-21,223.0,41766,41765
2010-02-22,260.0,42026,42025
2010-02-23,250.0,42276,42275
2010-02-24,171.0,42447,42446
2010-02-25,154.0,42601,42600
2010-02-26,172.0,42773,42772
2010-02-27,172.0,42945,42944
2010-02-28,156.0,43101,43100
2010-03-01,195.0,43296,43295
2010-03-02,188.0,43484,43483
2010-03-03,152.0,43636,43635
2010-03-04,185.0,43821,43820
2010-03-05,171.0,43992,43991
2010-03-06,177.0,44169,44168
2010-03-07,179.0,44348,44347
2010-03-08,125.0,44473,44472
2010-03-09,146.0,44619,44618
2010-03-10,162.0,44781,44780
2010-03-11,133.0,44914,44913
2010-03-12,121.0,45035,45034
2010-03-13,153.0,45188,45187
2010-03-14,125.0,45313,45312
2010-03-15,135.0,45448,45447
2010-03-16,126.0,45574,45573
2010-03-17,136.0,45710,45709
2010-03-18,140.0,45850,45849
2010-03-19,153.0,46003,46002
2010-03-20,192.0,46195,46194
2010-03-21,183.0,46378,46377
2010-03-22,179.0,46557,46556
2010-03-23,207.0,46764,46763
2010-03-24,171.0,46935,46934
2010-03-25,187.0,47122,47121
2010-03-26,197.0,47319,47318
2010-03-27,178.0,47497,47496
2010-03-28,186.0,47683,47682
2010-03-29,195.0,47878,47877
2010-03-30,215.0,48093,48092
2010-03-31,209.0,48302,48301
2010-04-01,168.0,48470,48469
2010-04-02,156.0,48626,48625
2010-04-03,161.0,48787,48786
2010-04-04,171.0,48958,48957
2010-04-05,153.0,49111,49110
2010-04-06,159.0,49270,49269
2010-04-07,193.0,49463,49462
2010-04-08,183.0,49646,49645
2010-04-09,189.0,49835,49834
2010-04-10,260.0,50095,50094
2010-04-11,223.0,50318,50317
2010-04-12,203.0,50521,50520
2010-04-13,189.0,50710,50709
2010-04-14,180.0,50890,50889
2010-04-15,216.0,51106,51105
2010-04-16,202.0,51308,51307
2010-04-17,221.0,51529,51528
2010-04-18,245.0,51774,51773
2010-04-19,232.0,52006,52005
2010-04-20,205.0,52211,52210
2010-04-21,219.0,52430,52429
2010-04-22,159.0,52589,52588
2010-04-23,150.0,52739,52738
2010-04-24,168.0,52907,52906
2010-04-25,158.0,53065,53064
2010-04-26,164.0,53229,53228
2010-04-27,180.0,53409,53408
2010-04-28,180.0,53589,53588
2010-04-29,147.0,53736,53735
2010-04-30,144.0,53880,53879
2010-05-01,183.0,54063,54062
2010-05-02,155.0,54218,54217
2010-05-03,159.0,54377,54376
2010-05-04,136.0,54513,54512
2010-05-05,137.0,54650,54649
2010-05-06,149.0,54799,54798
2010-05-07,132.0,54931,54930
2010-05-08,154.0,55085,55084
2010-05-09,143.0,55228,55227
2010-05-10,128.0,55356,55355
2010-05-11,111.0,55467,55466
2010-05-12,127.0,55594,55593
2010-05-13,128.0,55722,55721
2010-05-14,123.0,55845,55844
2010-05-15,91.0,55936,55935
2010-05-16,113.0,56049,56048
2010-05-17,143.0,56192,56191
2010-05-18,168.0,56360,56359
2010-05-19,164.0,56524,56523
2010-05-20,203.0,56727,56726
2010-05-21,176.0,56903,56902
2010-05-22,195.0,57098,57097
2010-05-23,211.0,57309,57308
2010-05-24,188.0,57497,57496
2010-05-25,210.0,57707,57706
2010-05-26,223.0,57930,57929
2010-05-27,192.0,58122,58121
2010-05-28,223.0,58345,58344
2010-05-29,184.0,58529,58528
2010-05-30,149.0,58678,58677
2010-05-31,142.0,58820,58819
2010-06-01,135.0,58955,58954
2010-06-02,147.0,59102,59101
2010-06-03,152.0,59254,59253
2010-06-04,125.0,59379,59378
2010-06-05,145.0,59524,59523
2010-06-06,148.0,59672,59671
2010-06-07,157.0,59829,59828
2010-06-08,160.0,59989,59988
2010-06-09,168.0,60157,60156
2010-06-10,160.0,60317,60316
2010-06-11,168.0,60485,60484
2010-06-12,135.0,60620,60619
2010-06-13,172.0,60792,60791
2010-06-14,161.0,60953,60952
2010-06-15,184.0,61137,61136
2010-06-16,142.0,61279,61278
2010-06-17,146.0,61425,61424
2010-06-18,150.0,61575,61574
2010-06-19,150.0,61725,61724
2010-06-20,185.0,61910,61909
2010-06-21,154.0,62064,62063
2010-06-22,156.0,62220,62219
2010-06-23,187.0,62407,62406
2010-06-24,169.0,62576,62575
2010-06-25,150.0,62726,62725
2010-06-26,159.0,62885,62884
2010-06-27,178.0,63063,63062
2010-06-28,152.0,63215,63214
2010-06-29,169.0,63384,63383
2010-06-30,182.0,63566,63565
2010-07-01,211.0,63777,63776
2010-07-02,167.0,63944,63943
2010-07-03,212.0,64156,64155
2010-07-04,166.0,64322,64321
2010-07-05,179.0,64501,64500
2010-07-06,169.0,64670,64669
2010-07-07,156.0,64826,64825
2010-07-08,151.0,64977,64976
2010-07-09,199.0,65176,65175
2010-07-10,198.0,65374,65373
2010-07-11,179.0,65553,65552
2010-07-12,659.0,66212,66211
2010-07-13,692.0,66904,66903
2010-07-14,578.0,67482,67481
2010-07-15,624.0,68106,68105
2010-07-16,505.0,68611,68610
2010-07-17,173.0,68784,68783
2010-07-18,172.0,68956,68955
2010-07-19,174.0,69130,69129
2010-07-20,181.0,69311,69310
2010-07-21,207.0,69518,69517
2010-07-22,176.0,69694,69693
2010-07-23,194.0,69888,69887
2010-07-24,189.0,70077,70076
2010-07-25,231.0,70308,70307
2010-07-26,243.0,70551,70550
2010-07-27,166.0,70717,70716
2010-07-28,159.0,70876,70875
2010-07-29,180.0,71056,71055
2010-07-30,182.0,71238,71237
2010-07-31,203.0,71441,71440
2010-08-01,239.0,71680,71679
2010-08-02,242.0,71922,71921
2010-08-03,227.0,72149,72148
2010-08-04,243.0,72392,72391
2010-08-05,218.0,72610,72609
2010-08-06,147.0,72757,72756
2010-08-07,155.0,72912,72911
2010-08-08,199.0,73111,73110
2010-08-09,190.0,73301,73300
2010-08-10,191.0,73492,73491
2010-08-11,233.0,73725,73724
2010-08-12,217.0,73942,73941
2010-08-13,215.0,74157,74156
2010-08-14,281.0,74438,74437
2010-08-15,207.0,74645,74644
2010-08-16,147.0,74792,74791
2010-08-17,129.0,74921,74920
2010-08-18,133.0,75054,75053
2010-08-19,135.0,75189,75188
2010-08-20,193.0,75382,75381
2010-08-21,173.0,75555,75554
2010-08-22,212.0,75767,75766
2010-08-23,213.0,75980,75979
2010-08-24,215.0,76195,76194
2010-08-25,216.0,76411,76410
2010-08-26,210.0,76621,76620
2010-08-27,171.0,76792,76791
2010-08-28,170.0,76962,76961
2010-08-29,162.0,77124,77123
2010-08-30,149.0,77273,77272
2010-08-31,184.0,77457,77456
2010-09-01,157.0,77614,77613
2010-09-02,156.0,77770,77769
2010-09-03,164.0,77934,77933
2010-09-04,181.0,78115,78114
2010-09-05,165.0,78280,78279
2010-09-06,158.0,78438,78437
2010-09-07,160.0,78598,78597
2010-09-08,165.0,78763,78762
2010-09-09,135.0,78898,78897
2010-09-10,177.0,79075,79074
2010-09-11,160.0,79235,79234
2010-09-12,177.0,79412,79411
2010-09-13,171.0,79583,79582
2010-09-14,203.0,79786,79785
2010-09-15,169.0,79955,79954
2010-09-16,219.0,80174,80173
2010-09-17,208.0,80382,80381
2010-09-18,237.0,80619,80618
2010-09-19,209.0,80828,80827
2010-09-20,203.0,81031,81030
2010-09-21,172.0,81203,81202
2010-09-22,174.0,81377,81376
2010-09-23,234.0,81611,81610
2010-09-24,228.0,81839,81838
2010-09-25,207.0,82046,82045
2010-09-26,205.0,82251,82250
2010-09-27,229.0,82480,82479
2010-09-28,212.0,82692,82691
2010-09-29,164.0,82856,82855
2010-09-30,146.0,83002,83001
2010-10-01,154.0,83156,83155
2010-10-02,100.0,83256,83255
2010-10-03,122.0,83378,83377
2010-10-04,153.0,83531,83530
2010-10-05,126.0,83657,83656
2010-10-06,171.0,83828,83827
2010-10-07,160.0,83988,83987
2010-10-08,154.0,84142,84141
2010-10-09,158.0,84300,84299
2010-10-10,178.0,84478,84477
2010-10-11,159.0,84637,84636
2010-10-12,155.0,84792,84791
2010-10-13,176.0,84968,84967
2010-10-14,205.0,85173,85172
2010-10-15,177.0,85350,85349
2010-10-16,258.0,85608,85607
2010-10-17,270.0,85878,85877
2010-10-18,249.0,86127,86126
2010-10-19,256.0,86383,86382
2010-10-20,264.0,86647,86646
2010-10-21,186.0,86833,86832
2010-10-22,154.0,86987,86986
2010-10-23,175.0,87162,87161
2010-10-24,205.0,87367,87366
2010-10-25,203.0,87570,87569
2010-10-26,241.0,87811,87810
2010-10-27,213.0,88024,88023
2010-10-28,219.0,88243,88242
2010-10-29,223.0,88466,88465
2010-10-30,252.0,88718,88717
2010-10-31,179.0,88897,88896
2010-11-01,177.0,89074,89073
2010-11-02,176.0,89250,89249
2010-11-03,190.0,89440,89439
2010-11-04,201.0,89641,89640
2010-11-05,219.0,89860,89859
2010-11-06,218.0,90078,90077
2010-11-07,241.0,90319,90318
2010-11-08,275.0,90594,90593
2010-11-09,217.0,90811,90810
2010-11-10,203.0,91014,91013
2010-11-11,219.0,91233,91232
2010-11-12,169.0,91402,91401
2010-11-13,223.0,91625,91624
2010-11-14,256.0,91881,91880
2010-11-15,200.0,92081,92080
2010-11-16,197.0,92278,92277
2010-11-17,247.0,92525,92524
2010-11-18,257.0,92782,92781
2010-11-19,150.0,92932,92931
2010-11-20,116.0,93048,93047
2010-11-21,140.0,93188,93187
2010-11-22,163.0,93351,93350
2010-11-23,140.0,93491,93490
2010-11-24,177.0,93668,93667
2010-11-25,181.0,93849,93848
2010-11-26,194.0,94043,94042
2010-11-27,180.0,94223,94222
2010-11-28,172.0,94395,94394
2010-11-29,209.0,94604,94603
2010-11-30,202.0,94806,94805
2010-12-01,188.0,94994,94993
2010-12-02,188.0,95182,95181
2010-12-03,189.0,95371,95370
2010-12-04,229.0,95600,95599
2010-12-05,239.0,95839,95838
2010-12-06,241.0,96080,96079
2010-12-07,239.0,96319,96318
2010-12-08,238.0,96557,96556
2010-12-09,223.0,96780,96779
2010-12-10,147.0,96927,96926
2010-12-11,175.0,97102,97101
2010-12-12,171.0,97273,97272
2010-12-13,141.0,97414,97413
2010-12-14,171.0,97585,97584
2010-12-15,196.0,97781,97780
2010-12-16,173.0,97954,97953
2010-12-17,166.0,98120,98119
2010-12-18,161.0,98281,98280
2010-12-19,184.0,98465,98464
2010-12-20,159.0,98624,98623
2010-12-21,196.0,98820,98819
2010-12-22,157.0,98977,98976
2010-12-23,145.0,99122,99121
2010-12-24,148.0,99270,99269
2010-12-25,168.0,99438,99437
2010-12-26,145.0,99583,99582
2010-12-27,166.0,99749,99748
2010-12-28,169.0,99918,99917
2010-12-29,165.0,100083,100082
2010-12-30,169.0,100252,100251
2010-12-31,162.0,100414,100413
2011-01-01,181.0,100595,100594
2011-01-02,175.0,100770,100769
2011-01-03,156.0,100926,100925
2011-01-04,141.0,101067,101066
2011-01-05,154.0,101221,101220
2011-01-06,141.0,101362,101361
2011-01-07,164.0,101526,101525
2011-01-08,170.0,101696,101695
2011-01-09,163.0,101859,101858
2011-01-10,162.0,102021,102020
2011-01-11,172.0,102193,102192
2011-01-12,167.0,102360,102359
2011-01-13,188.0,102548,102547
2011-01-14,181.0,102729,102728
2011-01-15,157.0,102886,102885
2011-01-16,174.0,103060,103059
2011-01-17,181.0,103241,103240
2011-01-18,141.0,103382,103381
2011-01-19,169.0,103551,103550
2011-01-20,186.0,103737,103736
2011-01-21,174.0,103911,103910
2011-01-22,165.0,104076,104075
2011-01-23,170.0,104246,104245
2011-01-24,188.0,104434,104433
2011-01-25,156.0,104590,104589
2011-01-26,180.0,104770,104769
2011-01-27,160.0,104930,104929
2011-01-28,158.0,105088,105087
2011-01-29,161.0,105249,105248
2011-01-30,156.0,105405,105404
2011-01-31,170.0,105575,105574
2011-02-01,164.0,105739,105738
2011-02-02,158.0,105897,105896
2011-02-03,160.0,106057,106056
2011-02-04,194.0,106251,106250
2011-02-05,179.0,106430,106429
2011-02-06,177.0,106607,106606
2011-02-07,203.0,106810,106809
2011-02-08,168.0,106978,106977
2011-02-09,192.0,107170,107169
2011-02-10,186.0,107356,107355
2011-02-11,186.0,107542,107541
2011-02-12,196.0,107738,107737
2011-02-13,198.0,107936,107935
2011-02-14,196.0,108132,108131
2011-02-15,225.0,108357,108356
2011-02-16,232.0,108589,108588
2011-02-17,231.0,108820,108819
2011-02-18,212.0,109032,109031
2011-02-19,161.0,109193,109192
2011-02-20,198.0,109391,109390
2011-02-21,194.0,109585,109584
2011-02-22,211.0,109796,109795
2011-02-23,243.0,110039,110038
2011-02-24,207.0,110246,110245
2011-02-25,225.0,110471,110470
2011-02-26,276.0,110747,110746
2011-02-27,244.0,110991,110990
2011-02-28,150.0,111141,111140
2011-03-01,130.0,111271,111270
2011-03-02,168.0,111439,111438
2011-03-03,186.0,111625,111624
2011-03-04,221.0,111846,111845
2011-03-05,277.0,112123,112122
2011-03-06,274.0,112397,112396
2011-03-07,211.0,112608,112607
2011-03-08,187.0,112795,112794
2011-03-09,160.0,112955,112954
2011-03-10,110.0,113065,113064
2011-03-11,130.0,113195,113194
2011-03-12,140.0,113335,113334
2011-03-13,117.0,113452,113451
2011-03-14,112.0,113564,113563
2011-03-15,112.0,113676,113675
2011-03-16,136.0,113812,113811
2011-03-17,141.0,113953,113952
2011-03-18,120.0,114073,114072
2011-03-19,115.0,114188,114187
2011-03-20,137.0,114325,114324
2011-03-21,148.0,114473,114472
2011-03-22,119.0,114592,114591
2011-03-23,157.0,114749,114748
2011-03-24,152.0,114901,114900
2011-03-25,173.0,115074,115073
2011-03-26,138.0,115212,115211
2011-03-27,143.0,115355,115354
2011-03-28,168.0,115523,115522
2011-03-29,163.0,115686,115685
2011-03-30,156.0,115842,115841
2011-03-31,201.0,116043,116042
2011-04-01,176.0,116219,116218
2011-04-02,180.0,116399,116398
2011-04-03,175.0,116574,116573
2011-04-04,178.0,116752,116751
2011-04-05,194.0,116946,116945
2011-04-06,148.0,117094,117093
2011-04-07,147.0,117241,117240
2011-04-08,166.0,117407,117406
2011-04-09,156.0,117563,117562
2011-04-10,173.0,117736,117735
2011-04-11,163.0,117899,117898
2011-04-12,163.0,118062,118061
2011-04-13,194.0,118256,118255
2011-04-14,160.0,118416,118415
2011-04-15,136.0,118552,118551
2011-04-16,173.0,118725,118724
2011-04-17,180.0,118905,118904
2011-04-18,148.0,119053,119052
2011-04-19,154.0,119207,119206
2011-04-20,144.0,119351,119350
2011-04-21,147.0,119498,119497
2011-04-22,176.0,119674,119673
2011-04-23,172.0,119846,119845
2011-04-24,162.0,120008,120007
2011-04-25,192.0,120200,120199
2011-04-26,195.0,120395,120394
2011-04-27,183.0,120578,120577
2011-04-28,164.0,120742,120741
2011-04-29,200.0,120942,120941
2011-04-30,189.0,121131,121130
2011-05-01,179.0,121310,121309
2011-05-02,197.0,121507,121506
2011-05-03,196.0,121703,121702
2011-05-04,197.0,121900,121899
2011-05-05,219.0,122119,122118
2011-05-06,218.0,122337,122336
2011-05-07,214.0,122551,122550
2011-05-08,219.0,122770,122769
2011-05-09,239.0,123009,123008
2011-05-10,183.0,123192,123191
2011-05-11,191.0,123383,123382
2011-05-12,169.0,123552,123551
2011-05-13,207.0,123759,123758
2011-05-14,242.0,124001,124000
2011-05-15,220.0,124221,124220
2011-05-16,247.0,124468,124467
2011-05-17,257.0,124725,124724
2011-05-18,288.0,125013,125012
2011-05-19,171.0,125184,125183
2011-05-20,220.0,125404,125403
2011-05-21,220.0,125624,125623
2011-05-22,252.0,125876,125875
2011-05-23,286.0,126162,126161
2011-05-24,299.0,126461,126460
2011-05-25,307.0,126768,126767
2011-05-26,296.0,127064,127063
2011-05-27,167.0,127231,127230
2011-05-28,155.0,127386,127385
2011-05-29,180.0,127566,127565
2011-05-30,154.0,127720,127719
2011-05-31,150.0,127870,127869
2011-06-01,188.0,128058,128057
2011-06-02,190.0,128248,128247
2011-06-03,202.0,128450,128449
2011-06-04,224.0,128674,128673
2011-06-05,208.0,128882,128881
2011-06-06,233.0,129115,129114
2011-06-07,170.0,129285,129284
2011-06-08,185.0,129470,129469
2011-06-09,222.0,129692,129691
2011-06-10,223.0,129915,129914
2011-06-11,252.0,130167,130166
2011-06-12,233.0,130400,130399
2011-06-13,227.0,130627,130626
2011-06-14,247.0,130874,130873
2011-06-15,279.0,131153,131152
2011-06-16,180.0,131333,131332
2011-06-17,186.0,131519,131518
2011-06-18,197.0,131716,131715
2011-06-19,223.0,131939,131938
2011-06-20,234.0,132173,132172
2011-06-21,253.0,132426,132425
2011-06-22,260.0,132686,132685
2011-06-23,240.0,132926,132925
2011-06-24,216.0,133142,133141
2011-06-25,143.0,133285,133284
2011-06-26,149.0,133434,133433
2011-06-27,169.0,133603,133602
2011-06-28,160.0,133763,133762
2011-06-29,172.0,133935,133934
2011-06-30,191.0,134126,134125
2011-07-01,173.0,134299,134298
2011-07-02,169.0,134468,134467
2011-07-03,165.0,134633,134632
2011-07-04,170.0,134803,134802
2011-07-05,139.0,134942,134941
2011-07-06,157.0,135099,135098
2011-07-07,131.0,135230,135229
2011-07-08,165.0,135395,135394
2011-07-09,149.0,135544,135543
2011-07-10,137.0,135681,135680
2011-07-11,157.0,135838,135837
2011-07-12,141.0,135979,135978
2011-07-13,191.0,136170,136169
2011-07-14,144.0,136314,136313
2011-07-15,162.0,136476,136475
2011-07-16,157.0,136633,136632
2011-07-17,170.0,136803,136802
2011-07-18,170.0,136973,136972
2011-07-19,142.0,137115,137114
2011-07-20,149.0,137264,137263
2011-07-21,152.0,137416,137415
2011-07-22,151.0,137567,137566
2011-07-23,146.0,137713,137712
2011-07-24,166.0,137879,137878
2011-07-25,165.0,138044,138043
2011-07-26,176.0,138220,138219
2011-07-27,174.0,138394,138393
2011-07-28,155.0,138549,138548
2011-07-29,164.0,138713,138712
2011-07-30,152.0,138865,138864
2011-07-31,175.0,139040,139039
2011-08-01,165.0,139205,139204
2011-08-02,154.0,139359,139358
2011-08-03,157.0,139516,139515
2011-08-04,129.0,139645,139644
2011-08-05,140.0,139785,139784
2011-08-06,122.0,139907,139906
2011-08-07,126.0,140033,140032
2011-08-08,136.0,140169,140168
2011-08-09,146.0,140315,140314
2011-08-10,152.0,140467,140466
2011-08-11,137.0,140604,140603
2011-08-12,131.0,140735,140734
2011-08-13,130.0,140865,140864
2011-08-14,132.0,140997,140996
2011-08-15,129.0,141126,141125
2011-08-16,147.0,141273,141272
2011-08-17,136.0,141409,141408
2011-08-18,144.0,141553,141552
2011-08-19,131.0,141684,141683
2011-08-20,152.0,141836,141835
2011-08-21,160.0,141996,141995
2011-08-22,169.0,142165,142164
2011-08-23,155.0,142320,142319
2011-08-24,134.0,142454,142453
2011-08-25,135.0,142589,142588
2011-08-26,147.0,142736,142735
2011-08-27,122.0,142858,142857
2011-08-28,116.0,142974,142973
2011-08-29,138.0,143112,143111
2011-08-30,146.0,143258,143257
2011-08-31,155.0,143413,143412
2011-09-01,129.0,143542,143541
2011-09-02,156.0,143698,143697
2011-09-03,145.0,143843,143842
2011-09-04,134.0,143977,143976
2011-09-05,156.0,144133,144132
2011-09-06,151.0,144284,144283
2011-09-07,136.0,144420,144419
2011-09-08,129.0,144549,144548
2011-09-09,154.0,144703,144702
2011-09-10,133.0,144836,144835
2011-09-11,125.0,144961,144960
2011-09-12,133.0,145094,145093
2011-09-13,142.0,145236,145235
2011-09-14,146.0,145382,145381
2011-09-15,156.0,145538,145537
2011-09-16,119.0,145657,145656
2011-09-17,134.0,145791,145790
2011-09-18,158.0,145949,145948
2011-09-19,127.0,146076,146075
2011-09-20,140.0,146216,146215
2011-09-21,146.0,146362,146361
2011-09-22,148.0,146510,146509
2011-09-23,133.0,146643,146642
2011-09-24,129.0,146772,146771
2011-09-25,137.0,146909,146908
2011-09-26,134.0,147043,147042
2011-09-27,133.0,147176,147175
2011-09-28,147.0,147323,147322
2011-09-29,125.0,147448,147447
2011-09-30,122.0,147570,147569
2011-10-01,143.0,147713,147712
2011-10-02,121.0,147834,147833
2011-10-03,145.0,147979,147978
2011-10-04,112.0,148091,148090
2011-10-05,145.0,148236,148235
2011-10-06,128.0,148364,148363
2011-10-07,138.0,148502,148501
2011-10-08,119.0,148621,148620
2011-10-09,127.0,148748,148747
2011-10-10,123.0,148871,148870
2011-10-11,93.0,148964,148963
2011-10-12,120.0,149084,149083
2011-10-13,97.0,149181,149180
2011-10-14,139.0,149320,149319
2011-10-15,134.0,149454,149453
2011-10-16,119.0,149573,149572
2011-10-17,118.0,149691,149690
2011-10-18,120.0,149811,149810
2011-10-19,133.0,149944,149943
2011-10-20,115.0,150059,150058
2011-10-21,121.0,150180,150179
2011-10-22,98.0,150278,150277
2011-10-23,108.0,150386,150385
2011-10-24,127.0,150513,150512
2011-10-25,129.0,150642,150641
2011-10-26,117.0,150759,150758
2011-10-27,100.0,150859,150858
2011-10-28,105.0,150964,150963
2011-10-29,113.0,151077,151076
2011-10-30,111.0,151188,151187
2011-10-31,131.0,151319,151318
2011-11-01,150.0,151469,151468
2011-11-02,154.0,151623,151622
2011-11-03,125.0,151748,151747
2011-11-04,147.0,151895,151894
2011-11-05,146.0,152041,152040
2011-11-06,144.0,152185,152184
2011-11-07,132.0,152317,152316
2011-11-08,149.0,152466,152465
2011-11-09,161.0,152627,152626
2011-11-10,141.0,152768,152767
2011-11-11,119.0,152887,152886
2011-11-12,143.0,153030,153029
2011-11-13,144.0,153174,153173
2011-11-14,143.0,153317,153316
2011-11-15,165.0,153482,153481
2011-11-16,135.0,153617,153616
2011-11-17,139.0,153756,153755
2011-11-18,133.0,153889,153888
2011-11-19,123.0,154012,154011
2011-11-20,143.0,154155,154154
2011-11-21,118.0,154273,154272
2011-11-22,140.0,154413,154412
2011-11-23,134.0,154547,154546
2011-11-24,113.0,154660,154659
2011-11-25,135.0,154795,154794
2011-11-26,120.0,154915,154914
2011-11-27,114.0,155029,155028
2011-11-28,127.0,155156,155155
2011-11-29,138.0,155294,155293
2011-11-30,162.0,155456,155455
2011-12-01,182.0,155638,155637
2011-12-02,146.0,155784,155783
2011-12-03,152.0,155936,155935
2011-12-04,136.0,156072,156071
2011-12-05,158.0,156230,156229
2011-12-06,171.0,156401,156400
2011-12-07,138.0,156539,156538
2011-12-08,164.0,156703,156702
2011-12-09,147.0,156850,156849
2011-12-10,144.0,156994,156993
2011-12-11,152.0,157146,157145
2011-12-12,127.0,157273,157272
2011-12-13,132.0,157405,157404
2011-12-14,153.0,157558,157557
2011-12-15,112.0,157670,157669
2011-12-16,118.0,157788,157787
2011-12-17,150.0,157938,157937
2011-12-18,144.0,158082,158081
2011-12-19,159.0,158241,158240
2011-12-20,134.0,158375,158374
2011-12-21,149.0,158524,158523
2011-12-22,148.0,158672,158671
2011-12-23,142.0,158814,158813
2011-12-24,145.0,158959,158958
2011-12-25,174.0,159133,159132
2011-12-26,177.0,159310,159309
2011-12-27,145.0,159455,159454
2011-12-28,155.0,159610,159609
2011-12-29,138.0,159748,159747
2011-12-30,142.0,159890,159889
2011-12-31,151.0,160041,160040
2012-01-01,153.0,160194,160193
2012-01-02,151.0,160345,160344
2012-01-03,159.0,160504,160503
2012-01-04,149.0,160653,160652
2012-01-05,147.0,160800,160799
2012-01-06,171.0,160971,160970
2012-01-07,184.0,161155,161154
2012-01-08,163.0,161318,161317
2012-01-09,164.0,161482,161481
2012-01-10,141.0,161623,161622
2012-01-11,153.0,161776,161775
2012-01-12,155.0,161931,161930
2012-01-13,140.0,162071,162070
2012-01-14,150.0,162221,162220
2012-01-15,139.0,162360,162359
2012-01-16,175.0,162535,162534
2012-01-17,157.0,162692,162691
2012-01-18,128.0,162820,162819
2012-01-19,150.0,162970,162969
2012-01-20,145.0,163115,163114
2012-01-21,164.0,163279,163278
2012-01-22,136.0,163415,163414
2012-01-23,170.0,163585,163584
2012-01-24,139.0,163724,163723
2012-01-25,148.0,163872,163871
2012-01-26,138.0,164010,164009
2012-01-27,141.0,164151,164150
2012-01-28,145.0,164296,164295
2012-01-29,167.0,164463,164462
2012-01-30,172.0,164635,164634
2012-01-31,150.0,164785,164784
2012-02-01,141.0,164926,164925
2012-02-02,159.0,165085,165084
2012-02-03,158.0,165243,165242
2012-02-04,157.0,165400,165399
2012-02-05,142.0,165542,165541
2012-02-06,146.0,165688,165687
2012-02-07,137.0,165825,165824
2012-02-08,145.0,165970,165969
2012-02-09,145.0,166115,166114
2012-02-10,138.0,166253,166252
2012-02-11,150.0,166403,166402
2012-02-12,158.0,166561,166560
2012-02-13,137.0,166698,166697
2012-02-14,138.0,166836,166835
2012-02-15,134.0,166970,166969
2012-02-16,138.0,167108,167107
2012-02-17,152.0,167260,167259
2012-02-18,171.0,167431,167430
2012-02-19,158.0,167589,167588
2012-02-20,140.0,167729,167728
2012-02-21,129.0,167858,167857
2012-02-22,159.0,168017,168016
2012-02-23,166.0,168183,168182
2012-02-24,149.0,168332,168331
2012-02-25,165.0,168497,168496
2012-02-26,150.0,168647,168646
2012-02-27,154.0,168801,168800
2012-02-28,160.0,168961,168960
2012-02-29,179.0,169140,169139
2012-03-01,151.0,169291,169290
2012-03-02,134.0,169425,169424
2012-03-03,113.0,169538,169537
2012-03-04,137.0,169675,169674
2012-03-05,145.0,169820,169819
2012-03-06,137.0,169957,169956
2012-03-07,154.0,170111,170110
2012-03-08,156.0,170267,170266
2012-03-09,168.0,170435,170434
2012-03-10,165.0,170600,170599
2012-03-11,134.0,170734,170733
2012-03-12,166.0,170900,170899
2012-03-13,160.0,171060,171059
2012-03-14,137.0,171197,171196
2012-03-15,121.0,171318,171317
2012-03-16,153.0,171471,171470
2012-03-17,170.0,171641,171640
2012-03-18,160.0,171801,171800
2012-03-19,143.0,171944,171943
2012-03-20,160.0,172104,172103
2012-03-21,158.0,172262,172261
2012-03-22,158.0,172420,172419
2012-03-23,126.0,172546,172545
2012-03-24,184.0,172730,172729
2012-03-25,157.0,172887,172886
2012-03-26,151.0,173038,173037
2012-03-27,156.0,173194,173193
2012-03-28,150.0,173344,173343
2012-03-29,141.0,173485,173484
2012-03-30,154.0,173639,173638
2012-03-31,170.0,173809,173808
2012-04-01,142.0,173951,173950
2012-04-02,116.0,174067,174066
2012-04-03,133.0,174200,174199
2012-04-04,137.0,174337,174336
2012-04-05,117.0,174454,174453
2012-04-06,136.0,174590,174589
2012-04-07,129.0,174719,174718
2012-04-08,150.0,174869,174868
2012-04-09,146.0,175015,175014
2012-04-10,147.0,175162,175161
2012-04-11,141.0,175303,175302
2012-04-12,127.0,175430,175429
2012-04-13,123.0,175553,175552
2012-04-14,139.0,175692,175691
2012-04-15,107.0,175799,175798
2012-04-16,150.0,175949,175948
2012-04-17,135.0,176084,176083
2012-04-18,130.0,176214,176213
2012-04-19,157.0,176371,176370
2012-04-20,154.0,176525,176524
2012-04-21,154.0,176679,176678
2012-04-22,140.0,176819,176818
2012-04-23,135.0,176954,176953
2012-04-24,138.0,177092,177091
2012-04-25,127.0,177219,177218
2012-04-26,155.0,177374,177373
2012-04-27,135.0,177509,177508
2012-04-28,152.0,177661,177660
2012-04-29,179.0,177840,177839
2012-04-30,179.0,178019,178018
2012-05-01,170.0,178189,178188
2012-05-02,150.0,178339,178338
2012-05-03,157.0,178496,178495
2012-05-04,161.0,178657,178656
2012-05-05,167.0,178824,178823
2012-05-06,164.0,178988,178987
2012-05-07,170.0,179158,179157
2012-05-08,176.0,179334,179333
2012-05-09,166.0,179500,179499
2012-05-10,129.0,179629,179628
2012-05-11,143.0,179772,179771
2012-05-12,128.0,179900,179899
2012-05-13,140.0,180040,180039
2012-05-14,139.0,180179,180178
2012-05-15,130.0,180309,180308
2012-05-16,121.0,180430,180429
2012-05-17,116.0,180546,180545
2012-05-18,145.0,180691,180690
2012-05-19,149.0,180840,180839
2012-05-20,138.0,180978,180977
2012-05-21,126.0,181104,181103
2012-05-22,115.0,181219,181218
2012-05-23,130.0,181349,181348
2012-05-24,125.0,181474,181473
2012-05-25,121.0,181595,181594
2012-05-26,142.0,181737,181736
2012-05-27,159.0,181896,181895
2012-05-28,142.0,182038,182037
2012-05-29,126.0,182164,182163
2012-05-30,131.0,182295,182294
2012-05-31,138.0,182433,182432
2012-06-01,152.0,182585,182584
2012-06-02,160.0,182745,182744
2012-06-03,153.0,182898,182897
2012-06-04,155.0,183053,183052
2012-06-05,147.0,183200,183199
2012-06-06,153.0,183353,183352
2012-06-07,139.0,183492,183491
2012-06-08,141.0,183633,183632
2012-06-09,171.0,183804,183803
2012-06-10,166.0,183970,183969
2012-06-11,140.0,184110,184109
2012-06-12,156.0,184266,184265
2012-06-13,150.0,184416,184415
2012-06-14,156.0,184572,184571
2012-06-15,159.0,184731,184730
2012-06-16,156.0,184887,184886
2012-06-17,164.0,185051,185050
2012-06-18,175.0,185226,185225
2012-06-19,147.0,185373,185372
2012-06-20,145.0,185518,185517
2012-06-21,136.0,185654,185653
2012-06-22,138.0,185792,185791
2012-06-23,164.0,185956,185955
2012-06-24,131.0,186087,186086
2012-06-25,154.0,186241,186240
2012-06-26,149.0,186390,186389
2012-06-27,163.0,186553,186552
2012-06-28,137.0,186690,186689
2012-06-29,146.0,186836,186835
2012-06-30,132.0,186968,186967
2012-07-01,142.0,187110,187109
2012-07-02,152.0,187262,187261
2012-07-03,160.0,187422,187421
2012-07-04,150.0,187572,187571
2012-07-05,144.0,187716,187715
2012-07-06,155.0,187871,187870
2012-07-07,166.0,188037,188036
2012-07-08,153.0,188190,188189
2012-07-09,163.0,188353,188352
2012-07-10,150.0,188503,188502
2012-07-11,134.0,188637,188636
2012-07-12,150.0,188787,188786
2012-07-13,163.0,188950,188949
2012-07-14,161.0,189111,189110
2012-07-15,140.0,189251,189250
2012-07-16,150.0,189401,189400
2012-07-17,172.0,189573,189572
2012-07-18,155.0,189728,189727
2012-07-19,135.0,189863,189862
2012-07-20,148.0,190011,190010
2012-07-21,141.0,190152,190151
2012-07-22,155.0,190307,190306
2012-07-23,141.0,190448,190447
2012-07-24,161.0,190609,190608
2012-07-25,160.0,190769,190768
2012-07-26,169.0,190938,190937
2012-07-27,178.0,191116,191115
2012-07-28,153.0,191269,191268
2012-07-29,166.0,191435,191434
2012-07-30,176.0,191611,191610
2012-07-31,130.0,191741,191740
2012-08-01,134.0,191875,191874
2012-08-02,165.0,192040,192039
2012-08-03,162.0,192202,192201
2012-08-04,156.0,192358,192357
2012-08-05,139.0,192497,192496
2012-08-06,140.0,192637,192636
2012-08-07,164.0,192801,192800
2012-08-08,166.0,192967,192966
2012-08-09,170.0,193137,193136
2012-08-10,156.0,193293,193292
2012-08-11,168.0,193461,193460
2012-08-12,159.0,193620,193619
2012-08-13,160.0,193780,193779
2012-08-14,157.0,193937,193936
2012-08-15,167.0,194104,194103
2012-08-16,154.0,194258,194257
2012-08-17,138.0,194396,194395
2012-08-18,151.0,194547,194546
2012-08-19,182.0,194729,194728
2012-08-20,174.0,194903,194902
2012-08-21,173.0,195076,195075
2012-08-22,156.0,195232,195231
2012-08-23,165.0,195397,195396
2012-08-24,148.0,195545,195544
2012-08-25,138.0,195683,195682
2012-08-26,179.0,195862,195861
2012-08-27,145.0,196007,196006
2012-08-28,151.0,196158,196157
2012-08-29,168.0,196326,196325
2012-08-30,154.0,196480,196479
2012-08-31,140.0,196620,196619
2012-09-01,161.0,196781,196780
2012-09-02,164.0,196945,196944
2012-09-03,157.0,197102,197101
2012-09-04,153.0,197255,197254
2012-09-05,180.0,197435,197434
2012-09-06,171.0,197606,197605
2012-09-07,168.0,197774,197773
2012-09-08,145.0,197919,197918
2012-09-09,159.0,198078,198077
2012-09-10,150.0,198228,198227
2012-09-11,145.0,198373,198372
2012-09-12,155.0,198528,198527
2012-09-13,130.0,198658,198657
2012-09-14,162.0,198820,198819
2012-09-15,144.0,198964,198963
2012-09-16,161.0,199125,199124
2012-09-17,168.0,199293,199292
2012-09-18,167.0,199460,199459
2012-09-19,141.0,199601,199600
2012-09-20,152.0,199753,199752
2012-09-21,169.0,199922,199921
2012-09-22,157.0,200079,200078
2012-09-23,158.0,200237,200236
2012-09-24,153.0,200390,200389
2012-09-25,139.0,200529,200528
2012-09-26,140.0,200669,200668
2012-09-27,161.0,200830,200829
2012-09-28,158.0,200988,200987
2012-09-29,168.0,201156,201155
2012-09-30,159.0,201315,201314
2012-10-01,131.0,201446,201445
2012-10-02,146.0,201592,201591
2012-10-03,133.0,201725,201724
2012-10-04,131.0,201856,201855
2012-10-05,136.0,201992,201991
2012-10-06,155.0,202147,202146
2012-10-07,125.0,202272,202271
2012-10-08,178.0,202450,202449
2012-10-09,142.0,202592,202591
2012-10-10,149.0,202741,202740
2012-10-11,138.0,202879,202878
2012-10-12,149.0,203028,203027
2012-10-13,148.0,203176,203175
2012-10-14,127.0,203303,203302
2012-10-15,169.0,203472,203471
2012-10-16,155.0,203627,203626
2012-10-17,142.0,203769,203768
2012-10-18,157.0,203926,203925
2012-10-19,135.0,204061,204060
2012-10-20,158.0,204219,204218
2012-10-21,161.0,204380,204379
2012-10-22,157.0,204537,204536
2012-10-23,130.0,204667,204666
2012-10-24,162.0,204829,204828
2012-10-25,143.0,204972,204971
2012-10-26,165.0,205137,205136
2012-10-27,175.0,205312,205311
2012-10-28,166.0,205478,205477
2012-10-29,158.0,205636,205635
2012-10-30,143.0,205779,205778
2012-10-31,144.0,205923,205922
2012-11-01,137.0,206060,206059
2012-11-02,143.0,206203,206202
2012-11-03,146.0,206349,206348
2012-11-04,157.0,206506,206505
2012-11-05,160.0,206666,206665
2012-11-06,135.0,206801,206800
2012-11-07,157.0,206958,206957
2012-11-08,154.0,207112,207111
2012-11-09,152.0,207264,207263
2012-11-10,144.0,207408,207407
2012-11-11,147.0,207555,207554
2012-11-12,132.0,207687,207686
2012-11-13,140.0,207827,207826
2012-11-14,143.0,207970,207969
2012-11-15,136.0,208106,208105
2012-11-16,145.0,208251,208250
2012-11-17,140.0,208391,208390
2012-11-18,146.0,208537,208536
2012-11-19,146.0,208683,208682
2012-11-20,147.0,208830,208829
2012-11-21,152.0,208982,208981
2012-11-22,144.0,209126,209125
2012-11-23,163.0,209289,209288
2012-11-24,151.0,209440,209439
2012-11-25,146.0,209586,209585
2012-11-26,157.0,209743,209742
2012-11-27,148.0,209891,209890
2012-11-28,172.0,210063,210062
2012-11-29,166.0,210229,210228
2012-11-30,125.0,210354,210353
2012-12-01,167.0,210521,210520
2012-12-02,143.0,210664,210663
2012-12-03,147.0,210811,210810
2012-12-04,112.0,210923,210922
2012-12-05,122.0,211045,211044
2012-12-06,137.0,211182,211181
2012-12-07,129.0,211311,211310
2012-12-08,138.0,211449,211448
2012-12-09,126.0,211575,211574
2012-12-10,143.0,211718,211717
2012-12-11,144.0,211862,211861
2012-12-12,130.0,211992,211991
2012-12-13,131.0,212123,212122
2012-12-14,106.0,212229,212228
2012-12-15,116.0,212345,212344
2012-12-16,111.0,212456,212455
2012-12-17,134.0,212590,212589
2012-12-18,125.0,212715,212714
2012-12-19,142.0,212857,212856
2012-12-20,106.0,212963,212962
2012-12-21,126.0,213089,213088
2012-12-22,153.0,213242,213241
2012-12-23,122.0,213364,213363
2012-12-24,132.0,213496,213495
2012-12-25,124.0,213620,213619
2012-12-26,154.0,213774,213773
2012-12-27,156.0,213930,213929
2012-12-28,169.0,214099,214098
2012-12-29,144.0,214243,214242
2012-12-30,166.0,214409,214408
2012-12-31,158.0,214567,214566
2013-01-01,162.0,214729,214728
2013-01-02,153.0,214882,214881
2013-01-03,162.0,215044,215043
2013-01-04,153.0,215197,215196
2013-01-05,141.0,215338,215337
2013-01-06,145.0,215483,215482
2013-01-07,168.0,215651,215650
2013-01-08,133.0,215784,215783
2013-01-09,130.0,215914,215913
2013-01-10,147.0,216061,216060
2013-01-11,117.0,216178,216177
2013-01-12,122.0,216300,216299
2013-01-13,133.0,216433,216432
2013-01-14,157.0,216590,216589
2013-01-15,121.0,216711,216710
2013-01-16,131.0,216842,216841
2013-01-17,111.0,216953,216952
2013-01-18,121.0,217074,217073
2013-01-19,154.0,217228,217227
2013-01-20,130.0,217358,217357
2013-01-21,132.0,217490,217489
2013-01-22,144.0,217634,217633
2013-01-23,126.0,217760,217759
2013-01-24,156.0,217916,217915
2013-01-25,137.0,218053,218052
2013-01-26,156.0,218209,218208
2013-01-27,151.0,218360,218359
2013-01-28,147.0,218507,218506
2013-01-29,158.0,218665,218664
2013-01-30,153.0,218818,218817
2013-01-31,193.0,219011,219010
2013-02-01,147.0,219158,219157
2013-02-02,153.0,219311,219310
2013-02-03,186.0,219497,219496
2013-02-04,164.0,219661,219660
2013-02-05,167.0,219828,219827
2013-02-06,146.0,219974,219973
2013-02-07,154.0,220128,220127
2013-02-08,151.0,220279,220278
2013-02-09,143.0,220422,220421
2013-02-10,161.0,220583,220582
2013-02-11,159.0,220742,220741
2013-02-12,139.0,220881,220880
2013-02-13,171.0,221052,221051
2013-02-14,151.0,221203,221202
2013-02-15,179.0,221382,221381
2013-02-16,189.0,221571,221570
2013-02-17,188.0,221759,221758
2013-02-18,161.0,221920,221919
2013-02-19,159.0,222079,222078
2013-02-20,193.0,222272,222271
2013-02-21,176.0,222448,222447
2013-02-22,170.0,222618,222617
2013-02-23,164.0,222782,222781
2013-02-24,156.0,222938,222937
2013-02-25,204.0,223142,223141
2013-02-26,166.0,223308,223307
2013-02-27,193.0,223501,223500
2013-02-28,168.0,223669,223668
2013-03-01,152.0,223821,223820
2013-03-02,145.0,223966,223965
2013-03-03,161.0,224127,224126
2013-03-04,179.0,224306,224305
2013-03-05,139.0,224445,224444
2013-03-06,155.0,224600,224599
2013-03-07,160.0,224760,224759
2013-03-08,160.0,224920,224919
2013-03-09,169.0,225089,225088
2013-03-10,183.0,225272,225271
2013-03-11,164.0,225436,225435
2013-03-12,135.0,225571,225570
2013-03-13,157.0,225728,225727
2013-03-14,179.0,225907,225906
2013-03-15,172.0,226079,226078
2013-03-16,175.0,226254,226253
2013-03-17,209.0,226463,226462
2013-03-18,190.0,226653,226652
2013-03-19,170.0,226823,226822
2013-03-20,211.0,227034,227033
2013-03-21,218.0,227252,227251
2013-03-22,229.0,227481,227480
2013-03-23,217.0,227698,227697
2013-03-24,189.0,227887,227886
2013-03-25,144.0,228031,228030
2013-03-26,151.0,228182,228181
2013-03-27,131.0,228313,228312
2013-03-28,183.0,228496,228495
2013-03-29,174.0,228670,228669
2013-03-30,173.0,228843,228842
2013-03-31,169.0,229012,229011
2013-04-01,198.0,229210,229209
2013-04-02,181.0,229391,229390
2013-04-03,175.0,229566,229565
2013-04-04,154.0,229720,229719
2013-04-05,158.0,229878,229877
2013-04-06,163.0,230041,230040
2013-04-07,164.0,230205,230204
2013-04-08,155.0,230360,230359
2013-04-09,176.0,230536,230535
2013-04-10,191.0,230727,230726
2013-04-11,160.0,230887,230886
2013-04-12,173.0,231060,231059
2013-04-13,167.0,231227,231226
2013-04-14,153.0,231380,231379
2013-04-15,164.0,231544,231543
2013-04-16,177.0,231721,231720
2013-04-17,171.0,231892,231891
2013-04-18,147.0,232039,232038
2013-04-19,137.0,232176,232175
2013-04-20,154.0,232330,232329
2013-04-21,176.0,232506,232505
2013-04-22,153.0,232659,232658
2013-04-23,168.0,232827,232826
2013-04-24,162.0,232989,232988
2013-04-25,172.0,233161,233160
2013-04-26,171.0,233332,233331
2013-04-27,147.0,233479,233478
2013-04-28,177.0,233656,233655
2013-04-29,174.0,233830,233829
2013-04-30,149.0,233979,233978
2013-05-01,151.0,234130,234129
2013-05-02,134.0,234264,234263
2013-05-03,137.0,234401,234400
2013-05-04,159.0,234560,234559
2013-05-05,165.0,234725,234724
2013-05-06,166.0,234891,234890
2013-05-07,168.0,235059,235058
2013-05-08,165.0,235224,235223
2013-05-09,164.0,235388,235387
2013-05-10,172.0,235560,235559
2013-05-11,182.0,235742,235741
2013-05-12,168.0,235910,235909
2013-05-13,174.0,236084,236083
2013-05-14,154.0,236238,236237
2013-05-15,141.0,236379,236378
2013-05-16,148.0,236527,236526
2013-05-17,161.0,236688,236687
2013-05-18,149.0,236837,236836
2013-05-19,156.0,236993,236992
2013-05-20,129.0,237122,237121
2013-05-21,151.0,237273,237272
2013-05-22,156.0,237429,237428
2013-05-23,174.0,237603,237602
2013-05-24,169.0,237772,237771
2013-05-25,165.0,237937,237936
2013-05-26,163.0,238100,238099
2013-05-27,176.0,238276,238275
2013-05-28,158.0,238434,238433
2013-05-29,168.0,238602,238601
2013-05-30,179.0,238781,238780
2013-05-31,175.0,238956,238955
2013-06-01,213.0,239169,239168
2013-06-02,199.0,239368,239367
2013-06-03,213.0,239581,239580
2013-06-04,213.0,239794,239793
2013-06-05,184.0,239978,239977
2013-06-06,181.0,240159,240158
2013-06-07,161.0,240320,240319
2013-06-08,181.0,240501,240500
2013-06-09,159.0,240660,240659
2013-06-10,174.0,240834,240833
2013-06-11,180.0,241014,241013
2013-06-12,203.0,241217,241216
2013-06-13,186.0,241403,241402
2013-06-14,180.0,241583,241582
2013-06-15,173.0,241756,241755
2013-06-16,185.0,241941,241940
2013-06-17,145.0,242086,242085
2013-06-18,140.0,242226,242225
2013-06-19,136.0,242362,242361
2013-06-20,154.0,242516,242515
2013-06-21,168.0,242684,242683
2013-06-22,176.0,242860,242859
2013-06-23,165.0,243025,243024
2013-06-24,150.0,243175,243174
2013-06-25,157.0,243332,243331
2013-06-26,174.0,243506,243505
2013-06-27,167.0,243673,243672
2013-06-28,169.0,243842,243841
2013-06-29,169.0,244011,244010
2013-06-30,153.0,244164,244163
2013-07-01,157.0,244321,244320
2013-07-02,153.0,244474,244473
2013-07-03,184.0,244658,244657
2013-07-04,165.0,244823,244822
2013-07-05,186.0,245009,245008
2013-07-06,187.0,245196,245195
2013-07-07,186.0,245382,245381
2013-07-08,192.0,245574,245573
2013-07-09,185.0,245759,245758
2013-07-10,195.0,245954,245953
2013-07-11,174.0,246128,246127
2013-07-12,154.0,246282,246281
2013-07-13,157.0,246439,246438
2013-07-14,172.0,246611,246610
2013-07-15,164.0,246775,246774
2013-07-16,164.0,246939,246938
2013-07-17,184.0,247123,247122
2013-07-18,161.0,247284,247283
2013-07-19,171.0,247455,247454
2013-07-20,186.0,247641,247640
2013-07-21,199.0,247840,247839
2013-07-22,165.0,248005,248004
2013-07-23,141.0,248146,248145
2013-07-24,159.0,248305,248304
2013-07-25,146.0,248451,248450
2013-07-26,164.0,248615,248614
2013-07-27,181.0,248796,248795
2013-07-28,168.0,248964,248963
2013-07-29,178.0,249142,249141
2013-07-30,197.0,249339,249338
2013-07-31,190.0,249529,249528
2013-08-01,177.0,249706,249705
2013-08-02,192.0,249898,249897
2013-08-03,170.0,250068,250067
2013-08-04,179.0,250247,250246
2013-08-05,189.0,250436,250435
2013-08-06,190.0,250626,250625
2013-08-07,186.0,250812,250811
2013-08-08,205.0,251017,251016
2013-08-09,195.0,251212,251211
2013-08-10,210.0,251422,251421
2013-08-11,216.0,251638,251637
2013-08-12,216.0,251854,251853
2013-08-13,183.0,252037,252036
2013-08-14,168.0,252205,252204
2013-08-15,170.0,252375,252374
2013-08-16,168.0,252543,252542
2013-08-17,190.0,252733,252732
2013-08-18,194.0,252927,252926
2013-08-19,177.0,253104,253103
2013-08-20,190.0,253294,253293
2013-08-21,196.0,253490,253489
2013-08-22,216.0,253706,253705
2013-08-23,196.0,253902,253901
2013-08-24,183.0,254085,254084
2013-08-25,151.0,254236,254235
2013-08-26,166.0,254402,254401
2013-08-27,169.0,254571,254570
2013-08-28,178.0,254749,254748
2013-08-29,189.0,254938,254937
2013-08-30,205.0,255143,255142
2013-08-31,223.0,255366,255365
2013-09-01,221.0,255587,255586
2013-09-02,215.0,255802,255801
2013-09-03,194.0,255996,255995
2013-09-04,163.0,256159,256158
2013-09-05,179.0,256338,256337
2013-09-06,185.0,256523,256522
2013-09-07,145.0,256668,256667
2013-09-08,157.0,256825,256824
2013-09-09,203.0,257028,257027
2013-09-10,191.0,257219,257218
2013-09-11,200.0,257419,257418
2013-09-12,213.0,257632,257631
2013-09-13,204.0,257836,257835
2013-09-14,218.0,258054,258053
2013-09-15,181.0,258235,258234
2013-09-16,154.0,258389,258388
2013-09-17,179.0,258568,258567
2013-09-18,165.0,258733,258732
2013-09-19,190.0,258923,258922
2013-09-20,200.0,259123,259122
2013-09-21,189.0,259312,259311
2013-09-22,203.0,259515,259514
2013-09-23,210.0,259725,259724
2013-09-24,212.0,259937,259936
2013-09-25,206.0,260143,260142
2013-09-26,162.0,260305,260304
2013-09-27,178.0,260483,260482
2013-09-28,177.0,260660,260659
2013-09-29,170.0,260830,260829
2013-09-30,163.0,260993,260992
2013-10-01,187.0,261180,261179
2013-10-02,191.0,261371,261370
2013-10-03,199.0,261570,261569
2013-10-04,180.0,261750,261749
2013-10-05,219.0,261969,261968
2013-10-06,185.0,262154,262153
2013-10-07,156.0,262310,262309
2013-10-08,162.0,262472,262471
2013-10-09,178.0,262650,262649
2013-10-10,192.0,262842,262841
2013-10-11,185.0,263027,263026
2013-10-12,214.0,263241,263240
2013-10-13,221.0,263462,263461
2013-10-14,250.0,263712,263711
2013-10-15,260.0,263972,263971
2013-10-16,210.0,264182,264181
2013-10-17,167.0,264349,264348
2013-10-18,192.0,264541,264540
2013-10-19,223.0,264764,264763
2013-10-20,199.0,264963,264962
2013-10-21,211.0,265174,265173
2013-10-22,245.0,265419,265418
2013-10-23,221.0,265640,265639
2013-10-24,215.0,265855,265854
2013-10-25,235.0,266090,266089
2013-10-26,182.0,266272,266271
2013-10-27,179.0,266451,266450
2013-10-28,175.0,266626,266625
2013-10-29,160.0,266786,266785
2013-10-30,195.0,266981,266980
2013-10-31,211.0,267192,267191
2013-11-01,208.0,267400,267399
2013-11-02,202.0,267602,267601
2013-11-03,192.0,267794,267793
2013-11-04,195.0,267989,267988
2013-11-05,174.0,268163,268162
2013-11-06,163.0,268326,268325
2013-11-07,144.0,268470,268469
2013-11-08,134.0,268604,268603
2013-11-09,148.0,268752,268751
2013-11-10,171.0,268923,268922
2013-11-11,187.0,269110,269109
2013-11-12,201.0,269311,269310
2013-11-13,168.0,269479,269478
2013-11-14,183.0,269662,269661
2013-11-15,166.0,269828,269827
2013-11-16,194.0,270022,270021
2013-11-17,186.0,270208,270207
2013-11-18,156.0,270364,270363
2013-11-19,161.0,270525,270524
2013-11-20,164.0,270689,270688
2013-11-21,150.0,270839,270838
2013-11-22,172.0,271011,271010
2013-11-23,170.0,271181,271180
2013-11-24,168.0,271349,271348
2013-11-25,173.0,271522,271521
2013-11-26,159.0,271681,271680
2013-11-27,173.0,271854,271853
2013-11-28,181.0,272035,272034
2013-11-29,173.0,272208,272207
2013-11-30,176.0,272384,272383
2013-12-01,195.0,272579,272578
2013-12-02,159.0,272738,272737
2013-12-03,200.0,272938,272937
2013-12-04,171.0,273109,273108
2013-12-05,170.0,273279,273278
2013-12-06,208.0,273487,273486
2013-12-07,195.0,273682,273681
2013-12-08,195.0,273877,273876
2013-12-09,176.0,274053,274052
2013-12-10,192.0,274245,274244
2013-12-11,165.0,274410,274409
2013-12-12,163.0,274573,274572
2013-12-13,174.0,274747,274746
2013-12-14,198.0,274945,274944
2013-12-15,177.0,275122,275121
2013-12-16,201.0,275323,275322
2013-12-17,203.0,275526,275525
2013-12-18,199.0,275725,275724
2013-12-19,226.0,275951,275950
2013-12-20,178.0,276129,276128
2013-12-21,161.0,276290,276289
2013-12-22,169.0,276459,276458
2013-12-23,171.0,276630,276629
2013-12-24,169.0,276799,276798
2013-12-25,162.0,276961,276960
2013-12-26,180.0,277141,277140
2013-12-27,184.0,277325,277324
2013-12-28,150.0,277475,277474
2013-12-29,168.0,277643,277642
2013-12-30,173.0,277816,277815
2013-12-31,184.0,278000,277999
2014-01-01,205.0,278205,278204
2014-01-02,134.0,278339,278338
2014-01-03,161.0,278500,278499
2014-01-04,141.0,278641,278640
2014-01-05,193.0,278834,278833
2014-01-06,186.0,279020,279019
2014-01-07,177.0,279197,279196
2014-01-08,193.0,279390,279389
2014-01-09,207.0,279597,279596
2014-01-10,187.0,279784,279783
2014-01-11,210.0,279994,279993
2014-01-12,207.0,280201,280200
2014-01-13,169.0,280370,280369
2014-01-14,162.0,280532,280531
2014-01-15,184.0,280716,280715
2014-01-16,185.0,280901,280900
2014-01-17,152.0,281053,281052
2014-01-18,174.0,281227,281226
2014-01-19,169.0,281396,281395
2014-01-20,195.0,281591,281590
2014-01-21,166.0,281757,281756
2014-01-22,192.0,281949,281948
2014-01-23,177.0,282126,282125
2014-01-24,189.0,282315,282314
2014-01-25,165.0,282480,282479
2014-01-26,152.0,282632,282631
2014-01-27,174.0,282806,282805
2014-01-28,154.0,282960,282959
2014-01-29,152.0,283112,283111
2014-01-30,176.0,283288,283287
2014-01-31,184.0,283472,283471
2014-02-01,189.0,283661,283660
2014-02-02,186.0,283847,283846
2014-02-03,181.0,284028,284027
2014-02-04,172.0,284200,284199
2014-02-05,168.0,284368,284367
2014-02-06,182.0,284550,284549
2014-02-07,155.0,284705,284704
2014-02-08,182.0,284887,284886
2014-02-09,138.0,285025,285024
2014-02-10,156.0,285181,285180
2014-02-11,164.0,285345,285344
2014-02-12,178.0,285523,285522
2014-02-13,178.0,285701,285700
2014-02-14,191.0,285892,285891
2014-02-15,187.0,286079,286078
2014-02-16,195.0,286274,286273
2014-02-17,155.0,286429,286428
2014-02-18,163.0,286592,286591
2014-02-19,200.0,286792,286791
2014-02-20,177.0,286969,286968
2014-02-21,152.0,287121,287120
2014-02-22,180.0,287301,287300
2014-02-23,168.0,287469,287468
2014-02-24,191.0,287660,287659
2014-02-25,161.0,287821,287820
2014-02-26,184.0,288005,288004
2014-02-27,188.0,288193,288192
2014-02-28,181.0,288374,288373
2014-03-01,144.0,288518,288517
2014-03-02,140.0,288658,288657
2014-03-03,148.0,288806,288805
2014-03-04,149.0,288955,288954
2014-03-05,156.0,289111,289110
2014-03-06,173.0,289284,289283
2014-03-07,166.0,289450,289449
2014-03-08,168.0,289618,289617
2014-03-09,179.0,289797,289796
2014-03-10,149.0,289946,289945
2014-03-11,168.0,290114,290113
2014-03-12,182.0,290296,290295
2014-03-13,162.0,290458,290457
2014-03-14,133.0,290591,290590
2014-03-15,165.0,290756,290755
2014-03-16,171.0,290927,290926
2014-03-17,161.0,291088,291087
2014-03-18,146.0,291234,291233
2014-03-19,160.0,291394,291393
2014-03-20,177.0,291571,291570
2014-03-21,186.0,291757,291756
2014-03-22,170.0,291927,291926
2014-03-23,214.0,292141,292140
2014-03-24,188.0,292329,292328
2014-03-25,157.0,292486,292485
2014-03-26,159.0,292645,292644
2014-03-27,173.0,292818,292817
2014-03-28,174.0,292992,292991
2014-03-29,175.0,293167,293166
2014-03-30,140.0,293307,293306
2014-03-31,180.0,293487,293486
2014-04-01,171.0,293658,293657
2014-04-02,197.0,293855,293854
2014-04-03,204.0,294059,294058
2014-04-04,195.0,294254,294253
2014-04-05,171.0,294425,294424
2014-04-06,151.0,294576,294575
2014-04-07,151.0,294727,294726
2014-04-08,134.0,294861,294860
2014-04-09,161.0,295022,295021
2014-04-10,155.0,295177,295176
2014-04-11,169.0,295346,295345
2014-04-12,161.0,295507,295506
2014-04-13,187.0,295694,295693
2014-04-14,193.0,295887,295886
2014-04-15,182.0,296069,296068
2014-04-16,159.0,296228,296227
2014-04-17,169.0,296397,296396
2014-04-18,160.0,296557,296556
2014-04-19,159.0,296716,296715
2014-04-20,178.0,296894,296893
2014-04-21,171.0,297065,297064
2014-04-22,154.0,297219,297218
2014-04-23,165.0,297384,297383
2014-04-24,151.0,297535,297534
2014-04-25,182.0,297717,297716
2014-04-26,163.0,297880,297879
2014-04-27,177.0,298057,298056
2014-04-28,152.0,298209,298208
2014-04-29,171.0,298380,298379
2014-04-30,137.0,298517,298516
2014-05-01,176.0,298693,298692
2014-05-02,161.0,298854,298853
2014-05-03,142.0,298996,298995
2014-05-04,151.0,299147,299146
2014-05-05,125.0,299272,299271
2014-05-06,194.0,299466,299465
2014-05-07,159.0,299625,299624
2014-05-08,167.0,299792,299791
2014-05-09,170.0,299962,299961
2014-05-10,179.0,300141,300140
2014-05-11,152.0,300293,300292
2014-05-12,164.0,300457,300456
2014-05-13,162.0,300619,300618
2014-05-14,150.0,300769,300768
2014-05-15,171.0,300940,300939
2014-05-16,181.0,301121,301120
2014-05-17,173.0,301294,301293
2014-05-18,172.0,301466,301465
2014-05-19,168.0,301634,301633
2014-05-20,177.0,301811,301810
2014-05-21,175.0,301986,301985
2014-05-22,172.0,302158,302157
2014-05-23,165.0,302323,302322
2014-05-24,154.0,302477,302476
2014-05-25,161.0,302638,302637
2014-05-26,158.0,302796,302795
2014-05-27,136.0,302932,302931
2014-05-28,169.0,303101,303100
2014-05-29,141.0,303242,303241
2014-05-30,167.0,303409,303408
2014-05-31,147.0,303556,303555
2014-06-01,175.0,303731,303730
2014-06-02,193.0,303924,303923
2014-06-03,178.0,304102,304101
2014-06-04,181.0,304283,304282
2014-06-05,152.0,304435,304434
2014-06-06,139.0,304574,304573
2014-06-07,155.0,304729,304728
2014-06-08,136.0,304865,304864
2014-06-09,156.0,305021,305020
2014-06-10,167.0,305188,305187
2014-06-11,146.0,305334,305333
2014-06-12,172.0,305506,305505
2014-06-13,163.0,305669,305668
2014-06-14,178.0,305847,305846
2014-06-15,190.0,306037,306036
2014-06-16,188.0,306225,306224
2014-06-17,184.0,306409,306408
2014-06-18,158.0,306567,306566
2014-06-19,167.0,306734,306733
2014-06-20,186.0,306920,306919
2014-06-21,186.0,307106,307105
2014-06-22,180.0,307286,307285
2014-06-23,176.0,307462,307461
2014-06-24,188.0,307650,307649
2014-06-25,187.0,307837,307836
2014-06-26,171.0,308008,308007
2014-06-27,197.0,308205,308204
2014-06-28,182.0,308387,308386
2014-06-29,157.0,308544,308543
2014-06-30,132.0,308676,308675
2014-07-01,133.0,308809,308808
2014-07-02,137.0,308946,308945
2014-07-03,139.0,309085,309084
2014-07-04,166.0,309251,309250
2014-07-05,152.0,309403,309402
2014-07-06,142.0,309545,309544
2014-07-07,150.0,309695,309694
2014-07-08,150.0,309845,309844
2014-07-09,166.0,310011,310010
2014-07-10,149.0,310160,310159
2014-07-11,156.0,310316,310315
2014-07-12,157.0,310473,310472
2014-07-13,160.0,310633,310632
2014-07-14,135.0,310768,310767
2014-07-15,159.0,310927,310926
2014-07-16,144.0,311071,311070
2014-07-17,172.0,311243,311242
2014-07-18,172.0,311415,311414
2014-07-19,177.0,311592,311591
2014-07-20,155.0,311747,311746
2014-07-21,155.0,311902,311901
2014-07-22,142.0,312044,312043
2014-07-23,146.0,312190,312189
2014-07-24,143.0,312333,312332
2014-07-25,163.0,312496,312495
2014-07-26,134.0,312630,312629
2014-07-27,153.0,312783,312782
2014-07-28,150.0,312933,312932
2014-07-29,149.0,313082,313081
2014-07-30,172.0,313254,313253
2014-07-31,154.0,313408,313407
2014-08-01,157.0,313565,313564
2014-08-02,163.0,313728,313727
2014-08-03,154.0,313882,313881
2014-08-04,128.0,314010,314009
2014-08-05,135.0,314145,314144
2014-08-06,164.0,314309,314308
2014-08-07,160.0,314469,314468
2014-08-08,158.0,314627,314626
2014-08-09,182.0,314809,314808
2014-08-10,177.0,314986,314985
2014-08-11,182.0,315168,315167
2014-08-12,174.0,315342,315341
2014-08-13,145.0,315487,315486
2014-08-14,180.0,315667,315666
2014-08-15,165.0,315832,315831
2014-08-16,158.0,315990,315989
2014-08-17,170.0,316160,316159
2014-08-18,198.0,316358,316357
2014-08-19,186.0,316544,316543
2014-08-20,169.0,316713,316712
2014-08-21,165.0,316878,316877
2014-08-22,157.0,317035,317034
2014-08-23,162.0,317197,317196
2014-08-24,146.0,317343,317342
2014-08-25,137.0,317480,317479
2014-08-26,173.0,317653,317652
2014-08-27,169.0,317822,317821
2014-08-28,173.0,317995,317994
2014-08-29,170.0,318165,318164
2014-08-30,182.0,318347,318346
2014-08-31,188.0,318535,318534
2014-09-01,136.0,318671,318670
2014-09-02,147.0,318818,318817
2014-09-03,169.0,318987,318986
2014-09-04,158.0,319145,319144
2014-09-05,145.0,319290,319289
2014-09-06,179.0,319469,319468
2014-09-07,155.0,319624,319623
2014-09-08,144.0,319768,319767
2014-09-09,146.0,319914,319913
2014-09-10,157.0,320071,320070
2014-09-11,170.0,320241,320240
2014-09-12,154.0,320395,320394
2014-09-13,181.0,320576,320575
2014-09-14,158.0,320734,320733
2014-09-15,158.0,320892,320891
2014-09-16,171.0,321063,321062
2014-09-17,186.0,321249,321248
2014-09-18,179.0,321428,321427
2014-09-19,171.0,321599,321598
2014-09-20,176.0,321775,321774
2014-09-21,164.0,321939,321938
2014-09-22,168.0,322107,322106
2014-09-23,150.0,322257,322256
2014-09-24,156.0,322413,322412
2014-09-25,172.0,322585,322584
2014-09-26,134.0,322719,322718
2014-09-27,134.0,322853,322852
2014-09-28,130.0,322983,322982
2014-09-29,137.0,323120,323119
2014-09-30,153.0,323273,323272
2014-10-01,155.0,323428,323427
2014-10-02,138.0,323566,323565
2014-10-03,146.0,323712,323711
2014-10-04,154.0,323866,323865
2014-10-05,169.0,324035,324034
2014-10-06,161.0,324196,324195
2014-10-07,134.0,324330,324329
2014-10-08,144.0,324474,324473
2014-10-09,148.0,324622,324621
2014-10-10,155.0,324777,324776
2014-10-11,144.0,324921,324920
2014-10-12,148.0,325069,325068
2014-10-13,155.0,325224,325223
2014-10-14,132.0,325356,325355
2014-10-15,151.0,325507,325506
2014-10-16,148.0,325655,325654
2014-10-17,142.0,325797,325796
2014-10-18,164.0,325961,325960
2014-10-19,133.0,326094,326093
2014-10-20,137.0,326231,326230
2014-10-21,153.0,326384,326383
2014-10-22,159.0,326543,326542
2014-10-23,151.0,326694,326693
2014-10-24,159.0,326853,326852
2014-10-25,155.0,327008,327007
2014-10-26,125.0,327133,327132
2014-10-27,159.0,327292,327291
2014-10-28,138.0,327430,327429
2014-10-29,155.0,327585,327584
2014-10-30,170.0,327755,327754
2014-10-31,188.0,327943,327942
2014-11-01,159.0,328102,328101
2014-11-02,155.0,328257,328256
2014-11-03,169.0,328426,328425
2014-11-04,162.0,328588,328587
2014-11-05,138.0,328726,328725
2014-11-06,154.0,328880,328879
2014-11-07,150.0,329030,329029
2014-11-08,153.0,329183,329182
2014-11-09,150.0,329333,329332
2014-11-10,147.0,329480,329479
2014-11-11,129.0,329609,329608
2014-11-12,147.0,329756,329755
2014-11-13,145.0,329901,329900
2014-11-14,154.0,330055,330054
2014-11-15,140.0,330195,330194
2014-11-16,150.0,330345,330344
2014-11-17,144.0,330489,330488
2014-11-18,154.0,330643,330642
2014-11-19,141.0,330784,330783
2014-11-20,138.0,330922,330921
2014-11-21,127.0,331049,331048
2014-11-22,154.0,331203,331202
2014-11-23,142.0,331345,331344
2014-11-24,147.0,331492,331491
2014-11-25,132.0,331624,331623
2014-11-26,137.0,331761,331760
2014-11-27,141.0,331902,331901
2014-11-28,148.0,332050,332049
2014-11-29,157.0,332207,332206
2014-11-30,160.0,332367,332366
2014-12-01,130.0,332497,332496
2014-12-02,150.0,332647,332646
2014-12-03,116.0,332763,332762
2014-12-04,146.0,332909,332908
2014-12-05,156.0,333065,333064
2014-12-06,137.0,333202,333201
2014-12-07,126.0,333328,333327
2014-12-08,163.0,333491,333490
2014-12-09,142.0,333633,333632
2014-12-10,143.0,333776,333775
2014-12-11,148.0,333924,333923
2014-12-12,141.0,334065,334064
2014-12-13,146.0,334211,334210
2014-12-14,141.0,334352,334351
2014-12-15,141.0,334493,334492
2014-12-16,143.0,334636,334635
2014-12-17,128.0,334764,334763
2014-12-18,129.0,334893,334892
2014-12-19,137.0,335030,335029
2014-12-20,134.0,335164,335163
2014-12-21,132.0,335296,335295
2014-12-22,164.0,335460,335459
2014-12-23,150.0,335610,335609
2014-12-24,153.0,335763,335762
2014-12-25,158.0,335921,335920
2014-12-26,152.0,336073,336072
2014-12-27,152.0,336225,336224
2014-12-28,169.0,336394,336393
2014-12-29,164.0,336558,336557
2014-12-30,155.0,336713,336712
2014-12-31,152.0,336865,336864
2015-01-01,165.0,337030,337029
2015-01-02,165.0,337195,337194
2015-01-03,162.0,337357,337356
2015-01-04,172.0,337529,337528
2015-01-05,156.0,337685,337684
2015-01-06,158.0,337843,337842
2015-01-07,140.0,337983,337982
2015-01-08,147.0,338130,338129
2015-01-09,140.0,338270,338269
2015-01-10,147.0,338417,338416
2015-01-11,155.0,338572,338571
2015-01-12,142.0,338714,338713
2015-01-13,127.0,338841,338840
2015-01-14,145.0,338986,338985
2015-01-15,151.0,339137,339136
2015-01-16,139.0,339276,339275
2015-01-17,138.0,339414,339413
2015-01-18,153.0,339567,339566
2015-01-19,144.0,339711,339710
2015-01-20,118.0,339829,339828
2015-01-21,149.0,339978,339977
2015-01-22,135.0,340113,340112
2015-01-23,124.0,340237,340236
2015-01-24,126.0,340363,340362
2015-01-25,125.0,340488,340487
2015-01-26,127.0,340615,340614
2015-01-27,149.0,340764,340763
2015-01-28,164.0,340928,340927
2015-01-29,164.0,341092,341091
2015-01-30,138.0,341230,341229
2015-01-31,166.0,341396,341395
2015-02-01,155.0,341551,341550
2015-02-02,159.0,341710,341709
2015-02-03,127.0,341837,341836
2015-02-04,159.0,341996,341995
2015-02-05,159.0,342155,342154
2015-02-06,177.0,342332,342331
2015-02-07,159.0,342491,342490
2015-02-08,132.0,342623,342622
2015-02-09,161.0,342784,342783
2015-02-10,144.0,342928,342927
2015-02-11,158.0,343086,343085
2015-02-12,119.0,343205,343204
2015-02-13,146.0,343351,343350
2015-02-14,160.0,343511,343510
2015-02-15,140.0,343651,343650
2015-02-16,157.0,343808,343807
2015-02-17,149.0,343957,343956
2015-02-18,167.0,344124,344123
2015-02-19,166.0,344290,344289
2015-02-20,158.0,344448,344447
2015-02-21,142.0,344590,344589
2015-02-22,151.0,344741,344740
2015-02-23,142.0,344883,344882
2015-02-24,129.0,345012,345011
2015-02-25,159.0,345171,345170
2015-02-26,150.0,345321,345320
2015-02-27,152.0,345473,345472
2015-02-28,142.0,345615,345614
2015-03-01,140.0,345755,345754
2015-03-02,158.0,345913,345912
2015-03-03,158.0,346071,346070
2015-03-04,140.0,346211,346210
2015-03-05,132.0,346343,346342
2015-03-06,148.0,346491,346490
2015-03-07,140.0,346631,346630
2015-03-08,156.0,346787,346786
2015-03-09,144.0,346931,346930
2015-03-10,152.0,347083,347082
2015-03-11,154.0,347237,347236
2015-03-12,131.0,347368,347367
2015-03-13,146.0,347514,347513
2015-03-14,131.0,347645,347644
2015-03-15,143.0,347788,347787
2015-03-16,139.0,347927,347926
2015-03-17,128.0,348055,348054
2015-03-18,153.0,348208,348207
2015-03-19,137.0,348345,348344
2015-03-20,136.0,348481,348480
2015-03-21,151.0,348632,348631
2015-03-22,142.0,348774,348773
2015-03-23,145.0,348919,348918
2015-03-24,173.0,349092,349091
2015-03-25,162.0,349254,349253
2015-03-26,148.0,349402,349401
2015-03-27,171.0,349573,349572
2015-03-28,148.0,349721,349720
2015-03-29,153.0,349874,349873
2015-03-30,142.0,350016,350015
2015-03-31,150.0,350166,350165
2015-04-01,132.0,350298,350297
2015-04-02,166.0,350464,350463
2015-04-03,146.0,350610,350609
2015-04-04,153.0,350763,350762
2015-04-05,148.0,350911,350910
2015-04-06,126.0,351037,351036
2015-04-07,152.0,351189,351188
2015-04-08,125.0,351314,351313
2015-04-09,133.0,351447,351446
2015-04-10,152.0,351599,351598
2015-04-11,140.0,351739,351738
2015-04-12,128.0,351867,351866
2015-04-13,156.0,352023,352022
2015-04-14,149.0,352172,352171
2015-04-15,122.0,352294,352293
2015-04-16,138.0,352432,352431
2015-04-17,126.0,352558,352557
2015-04-18,146.0,352704,352703
2015-04-19,145.0,352849,352848
2015-04-20,154.0,353003,353002
2015-04-21,153.0,353156,353155
2015-04-22,152.0,353308,353307
2015-04-23,130.0,353438,353437
2015-04-24,124.0,353562,353561
2015-04-25,163.0,353725,353724
2015-04-26,144.0,353869,353868
2015-04-27,137.0,354006,354005
2015-04-28,153.0,354159,354158
2015-04-29,127.0,354286,354285
2015-04-30,134.0,354420,354419
2015-05-01,148.0,354568,354567
2015-05-02,147.0,354715,354714
2015-05-03,141.0,354856,354855
2015-05-04,128.0,354984,354983
2015-05-05,154.0,355138,355137
2015-05-06,161.0,355299,355298
2015-05-07,141.0,355440,355439
2015-05-08,150.0,355590,355589
2015-05-09,129.0,355719,355718
2015-05-10,129.0,355848,355847
2015-05-11,158.0,356006,356005
2015-05-12,150.0,356156,356155
2015-05-13,162.0,356318,356317
2015-05-14,154.0,356472,356471
2015-05-15,147.0,356619,356618
2015-05-16,132.0,356751,356750
2015-05-17,171.0,356922,356921
2015-05-18,144.0,357066,357065
2015-05-19,130.0,357196,357195
2015-05-20,145.0,357341,357340
2015-05-21,155.0,357496,357495
2015-05-22,138.0,357634,357633
2015-05-23,112.0,357746,357745
2015-05-24,146.0,357892,357891
2015-05-25,141.0,358033,358032
2015-05-26,144.0,358177,358176
2015-05-27,138.0,358315,358314
2015-05-28,132.0,358447,358446
2015-05-29,154.0,358601,358600
2015-05-30,136.0,358737,358736
2015-05-31,148.0,358885,358884
2015-06-01,132.0,359017,359016
2015-06-02,150.0,359167,359166
2015-06-03,142.0,359309,359308
2015-06-04,141.0,359450,359449
2015-06-05,138.0,359588,359587
2015-06-06,178.0,359766,359765
2015-06-07,149.0,359915,359914
2015-06-08,157.0,360072,360071
2015-06-09,151.0,360223,360222
2015-06-10,169.0,360392,360391
2015-06-11,135.0,360527,360526
2015-06-12,142.0,360669,360668
2015-06-13,159.0,360828,360827
2015-06-14,148.0,360976,360975
2015-06-15,144.0,361120,361119
2015-06-16,118.0,361238,361237
2015-06-17,158.0,361396,361395
2015-06-18,156.0,361552,361551
2015-06-19,147.0,361699,361698
2015-06-20,134.0,361833,361832
2015-06-21,124.0,361957,361956
2015-06-22,153.0,362110,362109
2015-06-23,140.0,362250,362249
2015-06-24,156.0,362406,362405
2015-06-25,152.0,362558,362557
2015-06-26,154.0,362712,362711
2015-06-27,129.0,362841,362840
2015-06-28,141.0,362982,362981
2015-06-29,140.0,363122,363121
2015-06-30,145.0,363267,363266
2015-07-01,135.0,363402,363401
2015-07-02,154.0,363556,363555
2015-07-03,161.0,363717,363716
2015-07-04,152.0,363869,363868
2015-07-05,142.0,364011,364010
2015-07-06,181.0,364192,364191
2015-07-07,134.0,364326,364325
2015-07-08,161.0,364487,364486
2015-07-09,133.0,364620,364619
2015-07-10,154.0,364774,364773
2015-07-11,148.0,364922,364921
2015-07-12,135.0,365057,365056
2015-07-13,148.0,365205,365204
2015-07-14,144.0,365349,365348
2015-07-15,153.0,365502,365501
2015-07-16,134.0,365636,365635
2015-07-17,147.0,365783,365782
2015-07-18,149.0,365932,365931
2015-07-19,152.0,366084,366083
2015-07-20,156.0,366240,366239
2015-07-21,127.0,366367,366366
2015-07-22,154.0,366521,366520
2015-07-23,140.0,366661,366660
2015-07-24,169.0,366830,366829
2015-07-25,154.0,366984,366983
2015-07-26,144.0,367128,367127
2015-07-27,149.0,367277,367276
2015-07-28,136.0,367413,367412
2015-07-29,152.0,367565,367564
2015-07-30,134.0,367699,367698
2015-07-31,151.0,367850,367849
2015-08-01,155.0,368005,368004
2015-08-02,151.0,368156,368155
2015-08-03,157.0,368313,368312
2015-08-04,136.0,368449,368448
2015-08-05,133.0,368582,368581
2015-08-06,143.0,368725,368724
2015-08-07,137.0,368862,368861
2015-08-08,161.0,369023,369022
2015-08-09,142.0,369165,369164
2015-08-10,167.0,369332,369331
2015-08-11,162.0,369494,369493
2015-08-12,126.0,369620,369619
2015-08-13,147.0,369767,369766
2015-08-14,142.0,369909,369908
2015-08-15,137.0,370046,370045
2015-08-16,138.0,370184,370183
2015-08-17,147.0,370331,370330
2015-08-18,141.0,370472,370471
2015-08-19,156.0,370628,370627
2015-08-20,150.0,370778,370777
2015-08-21,165.0,370943,370942
2015-08-22,158.0,371101,371100
2015-08-23,134.0,371235,371234
2015-08-24,155.0,371390,371389
2015-08-25,135.0,371525,371524
2015-08-26,161.0,371686,371685
2015-08-27,137.0,371823,371822
2015-08-28,155.0,371978,371977
2015-08-29,160.0,372138,372137
2015-08-30,150.0,372288,372287
2015-08-31,157.0,372445,372444
2015-09-01,154.0,372599,372598
2015-09-02,160.0,372759,372758
2015-09-03,146.0,372905,372904
2015-09-04,156.0,373061,373060
2015-09-05,147.0,373208,373207
2015-09-06,144.0,373352,373351
2015-09-07,152.0,373504,373503
2015-09-08,136.0,373640,373639
2015-09-09,149.0,373789,373788
2015-09-10,171.0,373960,373959
2015-09-11,158.0,374118,374117
2015-09-12,135.0,374253,374252
2015-09-13,151.0,374404,374403
2015-09-14,152.0,374556,374555
2015-09-15,160.0,374716,374715
2015-09-16,142.0,374858,374857
2015-09-17,144.0,375002,375001
2015-09-18,147.0,375149,375148
2015-09-19,125.0,375274,375273
2015-09-20,128.0,375402,375401
2015-09-21,132.0,375534,375533
2015-09-22,157.0,375691,375690
2015-09-23,158.0,375849,375848
2015-09-24,140.0,375989,375988
2015-09-25,164.0,376153,376152
2015-09-26,147.0,376300,376299
2015-09-27,149.0,376449,376448
2015-09-28,143.0,376592,376591
2015-09-29,174.0,376766,376765
2015-09-30,148.0,376914,376913
2015-10-01,149.0,377063,377062
2015-10-02,138.0,377201,377200
2015-10-03,145.0,377346,377345
2015-10-04,153.0,377499,377498
2015-10-05,153.0,377652,377651
2015-10-06,142.0,377794,377793
2015-10-07,133.0,377927,377926
2015-10-08,140.0,378067,378066
2015-10-09,126.0,378193,378192
2015-10-10,160.0,378353,378352
2015-10-11,146.0,378499,378498
2015-10-12,142.0,378641,378640
2015-10-13,137.0,378778,378777
2015-10-14,152.0,378930,378929
2015-10-15,166.0,379096,379095
2015-10-16,144.0,379240,379239
2015-10-17,136.0,379376,379375
2015-10-18,145.0,379521,379520
2015-10-19,165.0,379686,379685
2015-10-20,128.0,379814,379813
2015-10-21,144.0,379958,379957
2015-10-22,148.0,380106,380105
2015-10-23,149.0,380255,380254
2015-10-24,145.0,380400,380399
2015-10-25,155.0,380555,380554
2015-10-26,164.0,380719,380718
2015-10-27,147.0,380866,380865
2015-10-28,139.0,381005,381004
2015-10-29,151.0,381156,381155
2015-10-30,171.0,381327,381326
2015-10-31,147.0,381474,381473
2015-11-01,153.0,381627,381626
2015-11-02,153.0,381780,381779
2015-11-03,155.0,381935,381934
2015-11-04,155.0,382090,382089
2015-11-05,146.0,382236,382235
2015-11-06,145.0,382381,382380
2015-11-07,152.0,382533,382532
2015-11-08,139.0,382672,382671
2015-11-09,149.0,382821,382820
2015-11-10,146.0,382967,382966
2015-11-11,168.0,383135,383134
2015-11-12,161.0,383296,383295
2015-11-13,160.0,383456,383455
2015-11-14,142.0,383598,383597
2015-11-15,160.0,383758,383757
2015-11-16,173.0,383931,383930
2015-11-17,149.0,384080,384079
2015-11-18,153.0,384233,384232
2015-11-19,136.0,384369,384368
2015-11-20,167.0,384536,384535
2015-11-21,174.0,384710,384709
2015-11-22,172.0,384882,384881
2015-11-23,163.0,385045,385044
2015-11-24,156.0,385201,385200
2015-11-25,148.0,385349,385348
2015-11-26,176.0,385525,385524
2015-11-27,133.0,385658,385657
2015-11-28,154.0,385812,385811
2015-11-29,149.0,385961,385960
2015-11-30,162.0,386123,386122
2015-12-01,167.0,386290,386289
2015-12-02,161.0,386451,386450
2015-12-03,142.0,386593,386592
2015-12-04,153.0,386746,386745
2015-12-05,175.0,386921,386920
2015-12-06,159.0,387080,387079
2015-12-07,147.0,387227,387226
2015-12-08,175.0,387402,387401
2015-12-09,168.0,387570,387569
2015-12-10,216.0,387786,387785
2015-12-11,160.0,387946,387945
2015-12-12,162.0,388108,388107
2015-12-13,142.0,388250,388249
2015-12-14,195.0,388445,388444
2015-12-15,183.0,388628,388627
2015-12-16,163.0,388791,388790
2015-12-17,155.0,388946,388945
2015-12-18,169.0,389115,389114
2015-12-19,157.0,389272,389271
2015-12-20,165.0,389437,389436
2015-12-21,149.0,389586,389585
2015-12-22,150.0,389736,389735
2015-12-23,157.0,389893,389892
2015-12-24,138.0,390031,390030
2015-12-25,162.0,390193,390192
2015-12-26,171.0,390364,390363
2015-12-27,205.0,390569,390568
2015-12-28,151.0,390720,390719
2015-12-29,159.0,390879,390878
2015-12-30,165.0,391044,391043
2015-12-31,142.0,391186,391185
2016-01-01,135.0,391321,391320
2016-01-02,145.0,391466,391465
2016-01-03,145.0,391611,391610
2016-01-04,181.0,391792,391791
2016-01-05,157.0,391949,391948
2016-01-06,141.0,392090,392089
2016-01-07,147.0,392237,392236
2016-01-08,173.0,392410,392409
2016-01-09,151.0,392561,392560
2016-01-10,175.0,392736,392735
2016-01-11,170.0,392906,392905
2016-01-12,170.0,393076,393075
2016-01-13,148.0,393224,393223
2016-01-14,133.0,393357,393356
2016-01-15,122.0,393479,393478
2016-01-16,142.0,393621,393620
2016-01-17,151.0,393772,393771
2016-01-18,173.0,393945,393944
2016-01-19,133.0,394078,394077
2016-01-20,152.0,394230,394229
2016-01-21,137.0,394367,394366
2016-01-22,176.0,394543,394542
2016-01-23,179.0,394722,394721
2016-01-24,171.0,394893,394892
2016-01-25,162.0,395055,395054
2016-01-26,160.0,395215,395214
2016-01-27,155.0,395370,395369
2016-01-28,146.0,395516,395515
2016-01-29,169.0,395685,395684
2016-01-30,187.0,395872,395871
2016-01-31,181.0,396053,396052
2016-02-01,161.0,396214,396213
2016-02-02,180.0,396394,396393
2016-02-03,179.0,396573,396572
2016-02-04,168.0,396741,396740
2016-02-05,188.0,396929,396928
2016-02-06,200.0,397129,397128
2016-02-07,176.0,397305,397304
2016-02-08,148.0,397453,397452
2016-02-09,176.0,397629,397628
2016-02-10,164.0,397793,397792
2016-02-11,192.0,397985,397984
2016-02-12,171.0,398156,398155
2016-02-13,156.0,398312,398311
2016-02-14,166.0,398478,398477
2016-02-15,152.0,398630,398629
2016-02-16,138.0,398768,398767
2016-02-17,155.0,398923,398922
2016-02-18,169.0,399092,399091
2016-02-19,145.0,399237,399236
2016-02-20,150.0,399387,399386
2016-02-21,128.0,399515,399514
2016-02-22,127.0,399642,399641
2016-02-23,136.0,399778,399777
2016-02-24,118.0,399896,399895
2016-02-25,155.0,400051,400050
2016-02-26,140.0,400191,400190
2016-02-27,147.0,400338,400337
2016-02-28,134.0,400472,400471
2016-02-29,133.0,400605,400604
2016-03-01,141.0,400746,400745
2016-03-02,157.0,400903,400902
2016-03-03,135.0,401038,401037
2016-03-04,155.0,401193,401192
2016-03-05,150.0,401343,401342
2016-03-06,148.0,401491,401490
2016-03-07,133.0,401624,401623
2016-03-08,154.0,401778,401777
2016-03-09,168.0,401946,401945
2016-03-10,155.0,402101,402100
2016-03-11,160.0,402261,402260
2016-03-12,144.0,402405,402404
2016-03-13,133.0,402538,402537
2016-03-14,152.0,402690,402689
2016-03-15,161.0,402851,402850
2016-03-16,152.0,403003,403002
2016-03-17,141.0,403144,403143
2016-03-18,136.0,403280,403279
2016-03-19,136.0,403416,403415
2016-03-20,146.0,403562,403561
2016-03-21,139.0,403701,403700
2016-03-22,148.0,403849,403848
2016-03-23,149.0,403998,403997
2016-03-24,147.0,404145,404144
2016-03-25,146.0,404291,404290
2016-03-26,153.0,404444,404443
2016-03-27,141.0,404585,404584
2016-03-28,170.0,404755,404754
2016-03-29,157.0,404912,404911
2016-03-30,147.0,405059,405058
2016-03-31,124.0,405183,405182
2016-04-01,153.0,405336,405335
2016-04-02,139.0,405475,405474
2016-04-03,142.0,405617,405616
2016-04-04,166.0,405783,405782
2016-04-05,155.0,405938,405937
2016-04-06,157.0,406095,406094
2016-04-07,139.0,406234,406233
2016-04-08,144.0,406378,406377
2016-04-09,162.0,406540,406539
2016-04-10,173.0,406713,406712
2016-04-11,153.0,406866,406865
2016-04-12,148.0,407014,407013
2016-04-13,164.0,407178,407177
2016-04-14,164.0,407342,407341
2016-04-15,139.0,407481,407480
2016-04-16,138.0,407619,407618
2016-04-17,158.0,407777,407776
2016-04-18,134.0,407911,407910
2016-04-19,150.0,408061,408060
2016-04-20,165.0,408226,408225
2016-04-21,151.0,408377,408376
2016-04-22,143.0,408520,408519
2016-04-23,144.0,408664,408663
2016-04-24,132.0,408796,408795
2016-04-25,127.0,408923,408922
2016-04-26,151.0,409074,409073
2016-04-27,129.0,409203,409202
2016-04-28,135.0,409338,409337
2016-04-29,158.0,409496,409495
2016-04-30,146.0,409642,409641
2016-05-01,155.0,409797,409796
2016-05-02,157.0,409954,409953
2016-05-03,151.0,410105,410104
2016-05-04,167.0,410272,410271
2016-05-05,155.0,410427,410426
2016-05-06,162.0,410589,410588
2016-05-07,150.0,410739,410738
2016-05-08,168.0,410907,410906
2016-05-09,171.0,411078,411077
2016-05-10,158.0,411236,411235
2016-05-11,133.0,411369,411368
2016-05-12,139.0,411508,411507
2016-05-13,152.0,411660,411659
2016-05-14,144.0,411804,411803
2016-05-15,139.0,411943,411942
2016-05-16,141.0,412084,412083
2016-05-17,141.0,412225,412224
2016-05-18,153.0,412378,412377
2016-05-19,120.0,412498,412497
2016-05-20,149.0,412647,412646
2016-05-21,141.0,412788,412787
2016-05-22,184.0,412972,412971
2016-05-23,180.0,413152,413151
2016-05-24,147.0,413299,413298
2016-05-25,138.0,413437,413436
2016-05-26,135.0,413572,413571
2016-05-27,139.0,413711,413710
2016-05-28,133.0,413844,413843
2016-05-29,147.0,413991,413990
2016-05-30,144.0,414135,414134
2016-05-31,127.0,414262,414261
2016-06-01,143.0,414405,414404
2016-06-02,138.0,414543,414542
2016-06-03,142.0,414685,414684
2016-06-04,119.0,414804,414803
2016-06-05,170.0,414974,414973
2016-06-06,170.0,415144,415143
2016-06-07,140.0,415284,415283
2016-06-08,144.0,415428,415427
2016-06-09,165.0,415593,415592
2016-06-10,144.0,415737,415736
2016-06-11,156.0,415893,415892
2016-06-12,146.0,416039,416038
2016-06-13,161.0,416200,416199
2016-06-14,132.0,416332,416331
2016-06-15,152.0,416484,416483
2016-06-16,149.0,416633,416632
2016-06-17,149.0,416782,416781
2016-06-18,158.0,416940,416939
2016-06-19,177.0,417117,417116
2016-06-20,164.0,417281,417280
2016-06-21,149.0,417430,417429
2016-06-22,129.0,417559,417558
2016-06-23,140.0,417699,417698
2016-06-24,129.0,417828,417827
2016-06-25,162.0,417990,417989
2016-06-26,146.0,418136,418135
2016-06-27,147.0,418283,418282
2016-06-28,148.0,418431,418430
2016-06-29,146.0,418577,418576
2016-06-30,150.0,418727,418726
2016-07-01,155.0,418882,418881
2016-07-02,149.0,419031,419030
2016-07-03,154.0,419185,419184
2016-07-04,151.0,419336,419335
2016-07-05,145.0,419481,419480
2016-07-06,140.0,419621,419620
2016-07-07,137.0,419758,419757
2016-07-08,145.0,419903,419902
2016-07-09,149.0,420052,420051
2016-07-10,156.0,420208,420207
2016-07-11,143.0,420351,420350
2016-07-12,143.0,420494,420493
2016-07-13,129.0,420623,420622
2016-07-14,141.0,420764,420763
2016-07-15,135.0,420899,420898
2016-07-16,157.0,421056,421055
2016-07-17,149.0,421205,421204
2016-07-18,148.0,421353,421352
2016-07-19,128.0,421481,421480
2016-07-20,150.0,421631,421630
2016-07-21,133.0,421764,421763
2016-07-22,129.0,421893,421892
2016-07-23,131.0,422024,422023
2016-07-24,124.0,422148,422147
2016-07-25,131.0,422279,422278
2016-07-26,129.0,422408,422407
2016-07-27,128.0,422536,422535
2016-07-28,136.0,422672,422671
2016-07-29,147.0,422819,422818
2016-07-30,119.0,422938,422937
2016-07-31,154.0,423092,423091
2016-08-01,153.0,423245,423244
2016-08-02,154.0,423399,423398
2016-08-03,166.0,423565,423564
2016-08-04,153.0,423718,423717
2016-08-05,169.0,423887,423886
2016-08-06,166.0,424053,424052
2016-08-07,148.0,424201,424200
2016-08-08,148.0,424349,424348
2016-08-09,124.0,424473,424472
2016-08-10,151.0,424624,424623
2016-08-11,150.0,424774,424773
2016-08-12,149.0,424923,424922
2016-08-13,163.0,425086,425085
2016-08-14,163.0,425249,425248
2016-08-15,146.0,425395,425394
2016-08-16,135.0,425530,425529
2016-08-17,123.0,425653,425652
2016-08-18,154.0,425807,425806
2016-08-19,154.0,425961,425960
2016-08-20,155.0,426116,426115
2016-08-21,163.0,426279,426278
2016-08-22,158.0,426437,426436
2016-08-23,147.0,426584,426583
2016-08-24,152.0,426736,426735
2016-08-25,130.0,426866,426865
2016-08-26,132.0,426998,426997
2016-08-27,144.0,427142,427141
2016-08-28,152.0,427294,427293
2016-08-29,149.0,427443,427442
2016-08-30,164.0,427607,427606
2016-08-31,134.0,427741,427740
2016-09-01,140.0,427881,427880
2016-09-02,153.0,428034,428033
2016-09-03,126.0,428160,428159
2016-09-04,179.0,428339,428338
2016-09-05,140.0,428479,428478
2016-09-06,136.0,428615,428614
2016-09-07,152.0,428767,428766
2016-09-08,144.0,428911,428910
2016-09-09,142.0,429053,429052
2016-09-10,155.0,429208,429207
2016-09-11,164.0,429372,429371
2016-09-12,163.0,429535,429534
2016-09-13,165.0,429700,429699
2016-09-14,156.0,429856,429855
2016-09-15,154.0,430010,430009
2016-09-16,139.0,430149,430148
2016-09-17,163.0,430312,430311
2016-09-18,145.0,430457,430456
2016-09-19,133.0,430590,430589
2016-09-20,151.0,430741,430740
2016-09-21,166.0,430907,430906
2016-09-22,141.0,431048,431047
2016-09-23,136.0,431184,431183
2016-09-24,166.0,431350,431349
2016-09-25,185.0,431535,431534
2016-09-26,153.0,431688,431687
2016-09-27,167.0,431855,431854
2016-09-28,148.0,432003,432002
2016-09-29,143.0,432146,432145
2016-09-30,142.0,432288,432287
2016-10-01,157.0,432445,432444
2016-10-02,141.0,432586,432585
2016-10-03,151.0,432737,432736
2016-10-04,158.0,432895,432894
2016-10-05,167.0,433062,433061
2016-10-06,161.0,433223,433222
2016-10-07,143.0,433366,433365
2016-10-08,169.0,433535,433534
2016-10-09,160.0,433695,433694
2016-10-10,124.0,433819,433818
2016-10-11,139.0,433958,433957
2016-10-12,144.0,434102,434101
2016-10-13,128.0,434230,434229
2016-10-14,136.0,434366,434365
2016-10-15,142.0,434508,434507
2016-10-16,130.0,434638,434637
2016-10-17,125.0,434763,434762
2016-10-18,155.0,434918,434917
2016-10-19,125.0,435043,435042
2016-10-20,134.0,435177,435176
2016-10-21,164.0,435341,435340
2016-10-22,149.0,435490,435489
2016-10-23,144.0,435634,435633
2016-10-24,143.0,435777,435776
2016-10-25,139.0,435916,435915
2016-10-26,138.0,436054,436053
2016-10-27,162.0,436216,436215
2016-10-28,152.0,436368,436367
2016-10-29,149.0,436517,436516
2016-10-30,168.0,436685,436684
2016-10-31,147.0,436832,436831
2016-11-01,144.0,436976,436975
2016-11-02,133.0,437109,437108
2016-11-03,155.0,437264,437263
2016-11-04,116.0,437380,437379
2016-11-05,147.0,437527,437526
2016-11-06,153.0,437680,437679
2016-11-07,146.0,437826,437825
2016-11-08,169.0,437995,437994
2016-11-09,147.0,438142,438141
2016-11-10,168.0,438310,438309
2016-11-11,163.0,438473,438472
2016-11-12,168.0,438641,438640
2016-11-13,142.0,438783,438782
2016-11-14,172.0,438955,438954
2016-11-15,156.0,439111,439110
2016-11-16,171.0,439282,439281
2016-11-17,159.0,439441,439440
2016-11-18,148.0,439589,439588
2016-11-19,142.0,439731,439730
2016-11-20,128.0,439859,439858
2016-11-21,139.0,439998,439997
2016-11-22,134.0,440132,440131
2016-11-23,147.0,440279,440278
2016-11-24,162.0,440441,440440
2016-11-25,152.0,440593,440592
2016-11-26,153.0,440746,440745
2016-11-27,144.0,440890,440889
2016-11-28,164.0,441054,441053
2016-11-29,149.0,441203,441202
2016-11-30,142.0,441345,441344
2016-12-01,146.0,441491,441490
2016-12-02,143.0,441634,441633
2016-12-03,172.0,441806,441805
2016-12-04,148.0,441954,441953
2016-12-05,152.0,442106,442105
2016-12-06,150.0,442256,442255
2016-12-07,174.0,442430,442429
2016-12-08,157.0,442587,442586
2016-12-09,135.0,442722,442721
2016-12-10,132.0,442854,442853
2016-12-11,187.0,443041,443040
2016-12-12,156.0,443197,443196
2016-12-13,178.0,443375,443374
2016-12-14,139.0,443514,443513
2016-12-15,127.0,443641,443640
2016-12-16,133.0,443774,443773
2016-12-17,144.0,443918,443917
2016-12-18,141.0,444059,444058
2016-12-19,151.0,444210,444209
2016-12-20,138.0,444348,444347
2016-12-21,159.0,444507,444506
2016-12-22,159.0,444666,444665
2016-12-23,152.0,444818,444817
2016-12-24,137.0,444955,444954
2016-12-25,165.0,445120,445119
2016-12-26,142.0,445262,445261
2016-12-27,156.0,445418,445417
2016-12-28,164.0,445582,445581
2016-12-29,150.0,445732,445731
2016-12-30,157.0,445889,445888
2016-12-31,148.0,446037,446036
2017-01-01,156.0,446193,446192
2017-01-02,159.0,446352,446351
2017-01-03,164.0,446516,446515
2017-01-04,153.0,446669,446668
2017-01-05,140.0,446809,446808
2017-01-06,161.0,446970,446969
2017-01-07,138.0,447108,447107
2017-01-08,167.0,447275,447274
2017-01-09,136.0,447411,447410
2017-01-10,160.0,447571,447570
2017-01-11,153.0,447724,447723
2017-01-12,172.0,447896,447895
2017-01-13,150.0,448046,448045
2017-01-14,172.0,448218,448217
2017-01-15,167.0,448385,448384
2017-01-16,169.0,448554,448553
2017-01-17,158.0,448712,448711
2017-01-18,150.0,448862,448861
2017-01-19,174.0,449036,449035
2017-01-20,189.0,449225,449224
2017-01-21,181.0,449406,449405
2017-01-22,174.0,449580,449579
2017-01-23,138.0,449718,449717
2017-01-24,149.0,449867,449866
2017-01-25,149.0,450016,450015
2017-01-26,155.0,450171,450170
2017-01-27,170.0,450341,450340
2017-01-28,152.0,450493,450492
2017-01-29,167.0,450660,450659
2017-01-30,144.0,450804,450803
2017-01-31,145.0,450949,450948
2017-02-01,192.0,451141,451140
2017-02-02,157.0,451298,451297
2017-02-03,149.0,451447,451446
2017-02-04,144.0,451591,451590
2017-02-05,159.0,451750,451749
2017-02-06,125.0,451875,451874
2017-02-07,151.0,452026,452025
2017-02-08,146.0,452172,452171
2017-02-09,169.0,452341,452340
2017-02-10,147.0,452488,452487
2017-02-11,139.0,452627,452626
2017-02-12,140.0,452767,452766
2017-02-13,163.0,452930,452929
2017-02-14,169.0,453099,453098
2017-02-15,139.0,453238,453237
2017-02-16,151.0,453389,453388
2017-02-17,151.0,453540,453539
2017-02-18,151.0,453691,453690
2017-02-19,134.0,453825,453824
2017-02-20,148.0,453973,453972
2017-02-21,138.0,454111,454110
2017-02-22,138.0,454249,454248
2017-02-23,150.0,454399,454398
2017-02-24,163.0,454562,454561
2017-02-25,167.0,454729,454728
2017-02-26,178.0,454907,454906
2017-02-27,144.0,455051,455050
2017-02-28,153.0,455204,455203
2017-03-01,144.0,455348,455347
2017-03-02,157.0,455505,455504
2017-03-03,151.0,455656,455655
2017-03-04,132.0,455788,455787
2017-03-05,147.0,455935,455934
2017-03-06,142.0,456077,456076
2017-03-07,153.0,456230,456229
2017-03-08,142.0,456372,456371
2017-03-09,148.0,456520,456519
2017-03-10,156.0,456676,456675
2017-03-11,149.0,456825,456824
2017-03-12,155.0,456980,456979
2017-03-13,145.0,457125,457124
2017-03-14,156.0,457281,457280
2017-03-15,142.0,457423,457422
2017-03-16,153.0,457576,457575
2017-03-17,154.0,457730,457729
2017-03-18,157.0,457887,457886
2017-03-19,165.0,458052,458051
2017-03-20,136.0,458188,458187
2017-03-21,142.0,458330,458329
2017-03-22,159.0,458489,458488
2017-03-23,148.0,458637,458636
2017-03-24,176.0,458813,458812
2017-03-25,133.0,458946,458945
2017-03-26,166.0,459112,459111
2017-03-27,132.0,459244,459243
2017-03-28,155.0,459399,459398
2017-03-29,138.0,459537,459536
2017-03-30,164.0,459701,459700
2017-03-31,135.0,459836,459835
2017-04-01,132.0,459968,459967
2017-04-02,158.0,460126,460125
2017-04-03,176.0,460302,460301
2017-04-04,125.0,460427,460426
2017-04-05,162.0,460589,460588
2017-04-06,147.0,460736,460735
2017-04-07,162.0,460898,460897
2017-04-08,137.0,461035,461034
2017-04-09,159.0,461194,461193
2017-04-10,147.0,461341,461340
2017-04-11,167.0,461508,461507
2017-04-12,142.0,461650,461649
2017-04-13,127.0,461777,461776
2017-04-14,139.0,461916,461915
2017-04-15,150.0,462066,462065
2017-04-16,146.0,462212,462211
2017-04-17,138.0,462350,462349
2017-04-18,146.0,462496,462495
2017-04-19,143.0,462639,462638
2017-04-20,138.0,462777,462776
2017-04-21,167.0,462944,462943
2017-04-22,145.0,463089,463088
2017-04-23,153.0,463242,463241
2017-04-24,124.0,463366,463365
2017-04-25,148.0,463514,463513
2017-04-26,153.0,463667,463666
2017-04-27,147.0,463814,463813
2017-04-28,136.0,463950,463949
2017-04-29,173.0,464123,464122
2017-04-30,151.0,464274,464273
2017-05-01,150.0,464424,464423
2017-05-02,158.0,464582,464581
2017-05-03,132.0,464714,464713
2017-05-04,168.0,464882,464881
2017-05-05,129.0,465011,465010
2017-05-06,168.0,465179,465178
2017-05-07,167.0,465346,465345
2017-05-08,180.0,465526,465525
2017-05-09,155.0,465681,465680
2017-05-10,148.0,465829,465828
2017-05-11,135.0,465964,465963
2017-05-12,154.0,466118,466117
2017-05-13,158.0,466276,466275
2017-05-14,164.0,466440,466439
2017-05-15,170.0,466610,466609
2017-05-16,132.0,466742,466741
2017-05-17,155.0,466897,466896
2017-05-18,142.0,467039,467038
2017-05-19,164.0,467203,467202
2017-05-20,165.0,467368,467367
2017-05-21,147.0,467515,467514
2017-05-22,146.0,467661,467660
2017-05-23,168.0,467829,467828
2017-05-24,154.0,467983,467982
2017-05-25,163.0,468146,468145
2017-05-26,153.0,468299,468298
2017-05-27,168.0,468467,468466
2017-05-28,165.0,468632,468631
2017-05-29,151.0,468783,468782
2017-05-30,179.0,468962,468961
2017-05-31,164.0,469126,469125
2017-06-01,170.0,469296,469295
2017-06-02,146.0,469442,469441
2017-06-03,192.0,469634,469633
2017-06-04,161.0,469795,469794
2017-06-05,164.0,469959,469958
2017-06-06,151.0,470110,470109
2017-06-07,165.0,470275,470274
2017-06-08,165.0,470440,470439
2017-06-09,151.0,470591,470590
2017-06-10,141.0,470732,470731
2017-06-11,146.0,470878,470877
2017-06-12,147.0,471025,471024
2017-06-13,141.0,471166,471165
2017-06-14,140.0,471306,471305
2017-06-15,153.0,471459,471458
2017-06-16,148.0,471607,471606
2017-06-17,145.0,471752,471751
2017-06-18,145.0,471897,471896
2017-06-19,151.0,472048,472047
2017-06-20,138.0,472186,472185
2017-06-21,140.0,472326,472325
2017-06-22,139.0,472465,472464
2017-06-23,160.0,472625,472624
2017-06-24,146.0,472771,472770
2017-06-25,122.0,472893,472892
2017-06-26,142.0,473035,473034
2017-06-27,131.0,473166,473165
2017-06-28,157.0,473323,473322
2017-06-29,120.0,473443,473442
2017-06-30,154.0,473597,473596
2017-07-01,164.0,473761,473760
2017-07-02,188.0,473949,473948
2017-07-03,170.0,474119,474118
2017-07-04,153.0,474272,474271
2017-07-05,149.0,474421,474420
2017-07-06,142.0,474563,474562
2017-07-07,148.0,474711,474710
2017-07-08,165.0,474876,474875
2017-07-09,138.0,475014,475013
2017-07-10,197.0,475211,475210
2017-07-11,173.0,475384,475383
2017-07-12,177.0,475561,475560
2017-07-13,157.0,475718,475717
2017-07-14,139.0,475857,475856
2017-07-15,127.0,475984,475983
2017-07-16,163.0,476147,476146
2017-07-17,148.0,476295,476294
2017-07-18,165.0,476460,476459
2017-07-19,149.0,476609,476608
2017-07-20,162.0,476771,476770
2017-07-21,154.0,476925,476924
2017-07-22,160.0,477085,477084
2017-07-23,172.0,477257,477256
2017-07-24,178.0,477435,477434
2017-07-25,148.0,477583,477582
2017-07-26,147.0,477730,477729
2017-07-27,154.0,477884,477883
2017-07-28,150.0,478034,478033
2017-07-29,157.0,478191,478190
2017-07-30,147.0,478338,478337
2017-07-31,145.0,478483,478482
2017-08-01,149.0,478632,478631
2017-08-02,152.0,478784,478783
2017-08-03,138.0,478922,478921
2017-08-04,179.0,479101,479100
2017-08-05,177.0,479278,479277
2017-08-06,140.0,479418,479417
2017-08-07,153.0,479571,479570
2017-08-08,164.0,479735,479734
2017-08-09,138.0,479873,479872
2017-08-10,134.0,480007,480006
2017-08-11,144.0,480151,480150
2017-08-12,135.0,480286,480285
2017-08-13,148.0,480434,480433
2017-08-14,130.0,480564,480563
2017-08-15,152.0,480716,480715
2017-08-16,130.0,480846,480845
2017-08-17,179.0,481025,481024
2017-08-18,149.0,481174,481173
2017-08-19,151.0,481325,481324
2017-08-20,130.0,481455,481454
2017-08-21,115.0,481570,481569
2017-08-22,89.0,481659,481658
2017-08-23,159.0,481818,481817
2017-08-24,101.0,481919,481918
2017-08-25,101.0,482020,482019
2017-08-26,105.0,482125,482124
2017-08-27,155.0,482280,482279
2017-08-28,129.0,482409,482408
2017-08-29,149.0,482558,482557
2017-08-30,168.0,482726,482725
2017-08-31,163.0,482889,482888
2017-09-01,174.0,483063,483062
2017-09-02,164.0,483227,483226
2017-09-03,154.0,483381,483380
2017-09-04,175.0,483556,483555
2017-09-05,197.0,483753,483752
2017-09-06,162.0,483915,483914
2017-09-07,176.0,484091,484090
2017-09-08,175.0,484266,484265
2017-09-09,169.0,484435,484434
2017-09-10,138.0,484573,484572
2017-09-11,174.0,484747,484746
2017-09-12,188.0,484935,484934
2017-09-13,190.0,485125,485124
2017-09-14,174.0,485299,485298
2017-09-15,180.0,485479,485478
2017-09-16,169.0,485648,485647
2017-09-17,176.0,485824,485823
2017-09-18,127.0,485951,485950
2017-09-19,156.0,486107,486106
2017-09-20,117.0,486224,486223
2017-09-21,176.0,486400,486399
2017-09-22,139.0,486539,486538
2017-09-23,166.0,486705,486704
2017-09-24,145.0,486850,486849
2017-09-25,125.0,486975,486974
2017-09-26,138.0,487113,487112
2017-09-27,147.0,487260,487259
2017-09-28,177.0,487437,487436
2017-09-29,169.0,487606,487605
2017-09-30,138.0,487744,487743
2017-10-01,130.0,487874,487873
2017-10-02,150.0,488024,488023
2017-10-03,183.0,488207,488206
2017-10-04,134.0,488341,488340
2017-10-05,125.0,488466,488465
2017-10-06,159.0,488625,488624
2017-10-07,158.0,488783,488782
2017-10-08,182.0,488965,488964
2017-10-09,161.0,489126,489125
2017-10-10,160.0,489286,489285
2017-10-11,139.0,489425,489424
2017-10-12,153.0,489578,489577
2017-10-13,136.0,489714,489713
2017-10-14,141.0,489855,489854
2017-10-15,195.0,490050,490049
2017-10-16,174.0,490224,490223
2017-10-17,164.0,490388,490387
2017-10-18,151.0,490539,490538
2017-10-19,178.0,490717,490716
2017-10-20,179.0,490896,490895
2017-10-21,153.0,491049,491048
2017-10-22,182.0,491231,491230
2017-10-23,171.0,491402,491401
2017-10-24,167.0,491569,491568
2017-10-25,185.0,491754,491753
2017-10-26,180.0,491934,491933
2017-10-27,104.0,492038,492037
2017-10-28,85.0,492123,492122
2017-10-29,154.0,492277,492276
2017-10-30,147.0,492424,492423
2017-10-31,138.0,492562,492561
2017-11-01,156.0,492718,492717
2017-11-02,150.0,492868,492867
2017-11-03,119.0,492987,492986
2017-11-04,130.0,493117,493116
2017-11-05,141.0,493258,493257
2017-11-06,133.0,493391,493390
2017-11-07,156.0,493547,493546
2017-11-08,144.0,493691,493690
2017-11-09,153.0,493844,493843
2017-11-10,120.0,493964,493963
2017-11-11,80.0,494044,494043
2017-11-12,80.0,494124,494123
2017-11-13,140.0,494264,494263
2017-11-14,128.0,494392,494391
2017-11-15,152.0,494544,494543
2017-11-16,152.0,494696,494695
2017-11-17,167.0,494863,494862
2017-11-18,136.0,494999,494998
2017-11-19,160.0,495159,495158
2017-11-20,175.0,495334,495333
2017-11-21,173.0,495507,495506
2017-11-22,148.0,495655,495654
2017-11-23,157.0,495812,495811
2017-11-24,149.0,495961,495960
2017-11-25,156.0,496117,496116
2017-11-26,153.0,496270,496269
2017-11-27,170.0,496440,496439
2017-11-28,156.0,496596,496595
2017-11-29,173.0,496769,496768
2017-11-30,167.0,496936,496935
2017-12-01,183.0,497119,497118
2017-12-02,161.0,497280,497279
2017-12-03,176.0,497456,497455
2017-12-04,181.0,497637,497636
2017-12-05,178.0,497815,497814
2017-12-06,188.0,498003,498002
2017-12-07,152.0,498155,498154
2017-12-08,156.0,498311,498310
2017-12-09,174.0,498485,498484
2017-12-10,164.0,498649,498648
2017-12-11,171.0,498820,498819
2017-12-12,156.0,498976,498975
2017-12-13,186.0,499162,499161
2017-12-14,185.0,499347,499346
2017-12-15,169.0,499516,499515
2017-12-16,171.0,499687,499686
2017-12-17,185.0,499872,499871
2017-12-18,182.0,500054,500053
2017-12-19,140.0,500194,500193
2017-12-20,136.0,500330,500329
2017-12-21,132.0,500462,500461
2017-12-22,155.0,500617,500616
2017-12-23,139.0,500756,500755
2017-12-24,152.0,500908,500907
2017-12-25,135.0,501043,501042
2017-12-26,142.0,501185,501184
2017-12-27,156.0,501341,501340
2017-12-28,149.0,501490,501489
2017-12-29,165.0,501655,501654
2017-12-30,147.0,501802,501801
2017-12-31,163.0,501965,501964
2018-01-01,156.0,502121,502120
2018-01-02,171.0,502292,502291
2018-01-03,157.0,502449,502448
2018-01-04,168.0,502617,502616
2018-01-05,143.0,502760,502759
2018-01-06,168.0,502928,502927
2018-01-07,162.0,503090,503089
2018-01-08,166.0,503256,503255
2018-01-09,164.0,503420,503419
2018-01-10,166.0,503586,503585
2018-01-11,193.0,503779,503778
2018-01-12,178.0,503957,503956
2018-01-13,149.0,504106,504105
2018-01-14,155.0,504261,504260
2018-01-15,150.0,504411,504410
2018-01-16,159.0,504570,504569
2018-01-17,167.0,504737,504736
2018-01-18,173.0,504910,504909
2018-01-19,165.0,505075,505074
2018-01-20,178.0,505253,505252
2018-01-21,187.0,505440,505439
2018-01-22,167.0,505607,505606
2018-01-23,177.0,505784,505783
2018-01-24,176.0,505960,505959
2018-01-25,158.0,506118,506117
2018-01-26,155.0,506273,506272
2018-01-27,157.0,506430,506429
2018-01-28,158.0,506588,506587
2018-01-29,148.0,506736,506735
2018-01-30,167.0,506903,506902
2018-01-31,117.0,507020,507019
2018-02-01,160.0,507180,507179
2018-02-02,168.0,507348,507347
2018-02-03,158.0,507506,507505
2018-02-04,178.0,507684,507683
2018-02-05,185.0,507869,507868
2018-02-06,170.0,508039,508038
2018-02-07,141.0,508180,508179
2018-02-08,131.0,508311,508310
2018-02-09,135.0,508446,508445
2018-02-10,143.0,508589,508588
2018-02-11,151.0,508740,508739
2018-02-12,166.0,508906,508905
2018-02-13,164.0,509070,509069
2018-02-14,179.0,509249,509248
2018-02-15,131.0,509380,509379
2018-02-16,157.0,509537,509536
2018-02-17,149.0,509686,509685
2018-02-18,162.0,509848,509847
2018-02-19,162.0,510010,510009
2018-02-20,141.0,510151,510150
2018-02-21,169.0,510320,510319
2018-02-22,149.0,510469,510468
2018-02-23,148.0,510617,510616
2018-02-24,145.0,510762,510761
2018-02-25,171.0,510933,510932
2018-02-26,141.0,511074,511073
2018-02-27,160.0,511234,511233
2018-02-28,155.0,511389,511388
2018-03-01,165.0,511554,511553
2018-03-02,156.0,511710,511709
2018-03-03,180.0,511890,511889
2018-03-04,148.0,512038,512037
2018-03-05,149.0,512187,512186
2018-03-06,156.0,512343,512342
2018-03-07,157.0,512500,512499
2018-03-08,162.0,512662,512661
2018-03-09,146.0,512808,512807
2018-03-10,140.0,512948,512947
2018-03-11,153.0,513101,513100
2018-03-12,161.0,513262,513261
2018-03-13,158.0,513420,513419
2018-03-14,144.0,513564,513563
2018-03-15,144.0,513708,513707
2018-03-16,156.0,513864,513863
2018-03-17,149.0,514013,514012
2018-03-18,151.0,514164,514163
2018-03-19,155.0,514319,514318
2018-03-20,127.0,514446,514445
2018-03-21,152.0,514598,514597
2018-03-22,143.0,514741,514740
2018-03-23,133.0,514874,514873
2018-03-24,156.0,515030,515029
2018-03-25,135.0,515165,515164
2018-03-26,150.0,515315,515314
2018-03-27,152.0,515467,515466
2018-03-28,135.0,515602,515601
2018-03-29,152.0,515754,515753
2018-03-30,162.0,515916,515915
2018-03-31,128.0,516044,516043
2018-04-01,162.0,516206,516205
2018-04-02,156.0,516362,516361
2018-04-03,163.0,516525,516524
2018-04-04,147.0,516672,516671
2018-04-05,156.0,516828,516827
2018-04-06,138.0,516966,516965
2018-04-07,180.0,517146,517145
2018-04-08,161.0,517307,517306
2018-04-09,147.0,517454,517453
2018-04-10,164.0,517618,517617
2018-04-11,161.0,517779,517778
2018-04-12,154.0,517933,517932
2018-04-13,165.0,518098,518097
2018-04-14,137.0,518235,518234
2018-04-15,163.0,518398,518397
2018-04-16,141.0,518539,518538
2018-04-17,162.0,518701,518700
2018-04-18,160.0,518861,518860
2018-04-19,178.0,519039,519038
2018-04-20,137.0,519176,519175
2018-04-21,159.0,519335,519334
2018-04-22,160.0,519495,519494
2018-04-23,153.0,519648,519647
2018-04-24,159.0,519807,519806
2018-04-25,123.0,519930,519929
2018-04-26,141.0,520071,520070
2018-04-27,142.0,520213,520212
2018-04-28,128.0,520341,520340
2018-04-29,158.0,520499,520498
2018-04-30,155.0,520654,520653
2018-05-01,158.0,520812,520811
2018-05-02,140.0,520952,520951
2018-05-03,151.0,521103,521102
2018-05-04,138.0,521241,521240
2018-05-05,161.0,521402,521401
2018-05-06,137.0,521539,521538
2018-05-07,150.0,521689,521688
2018-05-08,139.0,521828,521827
2018-05-09,160.0,521988,521987
2018-05-10,154.0,522142,522141
2018-05-11,127.0,522269,522268
2018-05-12,165.0,522434,522433
2018-05-13,148.0,522582,522581
2018-05-14,132.0,522714,522713
2018-05-15,146.0,522860,522859
2018-05-16,179.0,523039,523038
2018-05-17,132.0,523171,523170
2018-05-18,148.0,523319,523318
2018-05-19,154.0,523473,523472
2018-05-20,144.0,523617,523616
2018-05-21,157.0,523774,523773
2018-05-22,151.0,523925,523924
2018-05-23,162.0,524087,524086
2018-05-24,143.0,524230,524229
2018-05-25,176.0,524406,524405
2018-05-26,162.0,524568,524567
2018-05-27,164.0,524732,524731
2018-05-28,156.0,524888,524887
2018-05-29,139.0,525027,525026
2018-05-30,174.0,525201,525200
2018-05-31,170.0,525371,525370
2018-06-01,166.0,525537,525536
2018-06-02,152.0,525689,525688
2018-06-03,163.0,525852,525851
2018-06-04,183.0,526035,526034
2018-06-05,175.0,526210,526209
2018-06-06,147.0,526357,526356
2018-06-07,143.0,526500,526499
2018-06-08,145.0,526645,526644
2018-06-09,143.0,526788,526787
2018-06-10,127.0,526915,526914
2018-06-11,140.0,527055,527054
2018-06-12,145.0,527200,527199
2018-06-13,143.0,527343,527342
2018-06-14,153.0,527496,527495
2018-06-15,153.0,527649,527648
2018-06-16,166.0,527815,527814
2018-06-17,157.0,527972,527971
2018-06-18,164.0,528136,528135
2018-06-19,155.0,528291,528290
2018-06-20,155.0,528446,528445
2018-06-21,170.0,528616,528615
2018-06-22,151.0,528767,528766
2018-06-23,160.0,528927,528926
2018-06-24,171.0,529098,529097
2018-06-25,157.0,529255,529254
2018-06-26,146.0,529401,529400
2018-06-27,121.0,529522,529521
2018-06-28,157.0,529679,529678
2018-06-29,151.0,529830,529829
2018-06-30,141.0,529971,529970
2018-07-01,147.0,530118,530117
2018-07-02,141.0,530259,530258
2018-07-03,116.0,530375,530374
2018-07-04,134.0,530509,530508
2018-07-05,137.0,530646,530645
2018-07-06,160.0,530806,530805
2018-07-07,156.0,530962,530961
2018-07-08,158.0,531120,531119
2018-07-09,136.0,531256,531255
2018-07-10,149.0,531405,531404
2018-07-11,135.0,531540,531539
2018-07-12,141.0,531681,531680
2018-07-13,143.0,531824,531823
2018-07-14,133.0,531957,531956
2018-07-15,133.0,532090,532089
2018-07-16,120.0,532210,532209
2018-07-17,159.0,532369,532368
2018-07-18,174.0,532543,532542
2018-07-19,171.0,532714,532713
2018-07-20,154.0,532868,532867
2018-07-21,137.0,533005,533004
2018-07-22,182.0,533187,533186
2018-07-23,166.0,533353,533352
2018-07-24,159.0,533512,533511
2018-07-25,177.0,533689,533688
2018-07-26,165.0,533854,533853
2018-07-27,167.0,534021,534020
2018-07-28,145.0,534166,534165
2018-07-29,170.0,534336,534335
2018-07-30,134.0,534470,534469
2018-07-31,147.0,534617,534616
2018-08-01,150.0,534767,534766
2018-08-02,153.0,534920,534919
2018-08-03,166.0,535086,535085
2018-08-04,176.0,535262,535261
2018-08-05,160.0,535422,535421
2018-08-06,131.0,535553,535552
2018-08-07,151.0,535704,535703
2018-08-08,157.0,535861,535860
2018-08-09,149.0,536010,536009
2018-08-10,176.0,536186,536185
2018-08-11,170.0,536356,536355
2018-08-12,155.0,536511,536510
2018-08-13,150.0,536661,536660
2018-08-14,136.0,536797,536796
2018-08-15,161.0,536958,536957
2018-08-16,158.0,537116,537115
2018-08-17,152.0,537268,537267
2018-08-18,160.0,537428,537427
2018-08-19,145.0,537573,537572
2018-08-20,150.0,537723,537722
2018-08-21,148.0,537871,537870
2018-08-22,160.0,538031,538030
2018-08-23,149.0,538180,538179
2018-08-24,146.0,538326,538325
2018-08-25,135.0,538461,538460
2018-08-26,173.0,538634,538633
2018-08-27,185.0,538819,538818
2018-08-28,153.0,538972,538971
2018-08-29,139.0,539111,539110
2018-08-30,154.0,539265,539264
2018-08-31,155.0,539420,539419
2018-09-01,151.0,539571,539570
2018-09-02,144.0,539715,539714
2018-09-03,144.0,539859,539858
2018-09-04,126.0,539985,539984
2018-09-05,132.0,540117,540116
2018-09-06,150.0,540267,540266
2018-09-07,152.0,540419,540418
2018-09-08,150.0,540569,540568
2018-09-09,163.0,540732,540731
2018-09-10,135.0,540867,540866
2018-09-11,141.0,541008,541007
2018-09-12,168.0,541176,541175
2018-09-13,148.0,541324,541323
2018-09-14,132.0,541456,541455
2018-09-15,140.0,541596,541595
2018-09-16,139.0,541735,541734
2018-09-17,135.0,541870,541869
2018-09-18,142.0,542012,542011
2018-09-19,156.0,542168,542167
2018-09-20,154.0,542322,542321
2018-09-21,144.0,542466,542465
2018-09-22,155.0,542621,542620
2018-09-23,150.0,542771,542770
2018-09-24,148.0,542919,542918
2018-09-25,169.0,543088,543087
2018-09-26,139.0,543227,543226
2018-09-27,143.0,543370,543369
2018-09-28,154.0,543524,543523
2018-09-29,152.0,543676,543675
2018-09-30,163.0,543839,543838
2018-10-01,158.0,543997,543996
2018-10-02,137.0,544134,544133
2018-10-03,145.0,544279,544278
2018-10-04,150.0,544429,544428
2018-10-05,130.0,544559,544558
2018-10-06,125.0,544684,544683
2018-10-07,142.0,544826,544825
2018-10-08,135.0,544961,544960
2018-10-09,130.0,545091,545090
2018-10-10,144.0,545235,545234
2018-10-11,159.0,545394,545393
2018-10-12,132.0,545526,545525
2018-10-13,141.0,545667,545666
2018-10-14,114.0,545781,545780
2018-10-15,162.0,545943,545942
2018-10-16,135.0,546078,546077
2018-10-17,138.0,546216,546215
2018-10-18,138.0,546354,546353
2018-10-19,142.0,546496,546495
2018-10-20,143.0,546639,546638
2018-10-21,138.0,546777,546776
2018-10-22,155.0,546932,546931
2018-10-23,154.0,547086,547085
2018-10-24,113.0,547199,547198
2018-10-25,137.0,547336,547335
2018-10-26,143.0,547479,547478
2018-10-27,136.0,547615,547614
2018-10-28,140.0,547755,547754
2018-10-29,146.0,547901,547900
2018-10-30,154.0,548055,548054
2018-10-31,163.0,548218,548217
2018-11-01,154.0,548372,548371
2018-11-02,143.0,548515,548514
2018-11-03,161.0,548676,548675
2018-11-04,123.0,548799,548798
2018-11-05,144.0,548943,548942
2018-11-06,128.0,549071,549070
2018-11-07,130.0,549201,549200
2018-11-08,121.0,549322,549321
2018-11-09,127.0,549449,549448
2018-11-10,131.0,549580,549579
2018-11-11,146.0,549726,549725
2018-11-12,140.0,549866,549865
2018-11-13,120.0,549986,549985
2018-11-14,135.0,550121,550120
2018-11-15,127.0,550248,550247
2018-11-16,126.0,550374,550373
2018-11-17,145.0,550519,550518
2018-11-18,123.0,550642,550641
2018-11-19,126.0,550768,550767
2018-11-20,132.0,550900,550899
2018-11-21,105.0,551005,551004
2018-11-22,122.0,551127,551126
2018-11-23,125.0,551252,551251
2018-11-24,143.0,551395,551394
2018-11-25,127.0,551522,551521
2018-11-26,111.0,551633,551632
2018-11-27,131.0,551764,551763
2018-11-28,118.0,551882,551881
2018-11-29,105.0,551987,551986
2018-11-30,101.0,552088,552087
2018-12-01,124.0,552212,552211
2018-12-02,114.0,552326,552325
2018-12-03,114.0,552440,552439
2018-12-04,138.0,552578,552577
2018-12-05,130.0,552708,552707
2018-12-06,135.0,552843,552842
2018-12-07,114.0,552957,552956
2018-12-08,127.0,553084,553083
2018-12-09,128.0,553212,553211
2018-12-10,124.0,553336,553335
2018-12-11,125.0,553461,553460
2018-12-12,120.0,553581,553580
2018-12-13,131.0,553712,553711
2018-12-14,146.0,553858,553857
2018-12-15,149.0,554007,554006
2018-12-16,115.0,554122,554121
2018-12-17,160.0,554282,554281
2018-12-18,128.0,554410,554409
2018-12-19,149.0,554559,554558
2018-12-20,135.0,554694,554693
2018-12-21,140.0,554834,554833
2018-12-22,175.0,555009,555008
2018-12-23,176.0,555185,555184
2018-12-24,152.0,555337,555336
2018-12-25,159.0,555496,555495
2018-12-26,157.0,555653,555652
2018-12-27,174.0,555827,555826
2018-12-28,167.0,555994,555993
2018-12-29,138.0,556132,556131
2018-12-30,176.0,556308,556307
2018-12-31,155.0,556463,556462
2019-01-01,149.0,556612,556611
2019-01-02,151.0,556763,556762
2019-01-03,155.0,556918,556917
2019-01-04,149.0,557067,557066
2019-01-05,163.0,557230,557229
2019-01-06,141.0,557371,557370
2019-01-07,141.0,557512,557511
2019-01-08,169.0,557681,557680
2019-01-09,164.0,557845,557844
2019-01-10,156.0,558001,558000
2019-01-11,148.0,558149,558148
2019-01-12,138.0,558287,558286
2019-01-13,137.0,558424,558423
2019-01-14,149.0,558573,558572
2019-01-15,132.0,558705,558704
2019-01-16,133.0,558838,558837
2019-01-17,127.0,558965,558964
2019-01-18,138.0,559103,559102
2019-01-19,133.0,559236,559235
2019-01-20,157.0,559393,559392
2019-01-21,150.0,559543,559542
2019-01-22,130.0,559673,559672
2019-01-23,146.0,559819,559818
2019-01-24,162.0,559981,559980
2019-01-25,138.0,560119,560118
2019-01-26,150.0,560269,560268
2019-01-27,137.0,560406,560405
2019-01-28,145.0,560551,560550
2019-01-29,146.0,560697,560696
2019-01-30,136.0,560833,560832
2019-01-31,155.0,560988,560987
2019-02-01,158.0,561146,561145
2019-02-02,144.0,561290,561289
2019-02-03,138.0,561428,561427
2019-02-04,147.0,561575,561574
2019-02-05,147.0,561722,561721
2019-02-06,164.0,561886,561885
2019-02-07,174.0,562060,562059
2019-02-08,163.0,562223,562222
2019-02-09,150.0,562373,562372
2019-02-10,140.0,562513,562512
2019-02-11,145.0,562658,562657
2019-02-12,128.0,562786,562785
2019-02-13,153.0,562939,562938
2019-02-14,141.0,563080,563079
2019-02-15,127.0,563207,563206
2019-02-16,150.0,563357,563356
2019-02-17,159.0,563516,563515
2019-02-18,155.0,563671,563670
2019-02-19,156.0,563827,563826
2019-02-20,130.0,563957,563956
2019-02-21,119.0,564076,564075
2019-02-22,162.0,564238,564237
2019-02-23,143.0,564381,564380
2019-02-24,137.0,564518,564517
2019-02-25,143.0,564661,564660
2019-02-26,161.0,564822,564821
2019-02-27,141.0,564963,564962
2019-02-28,150.0,565113,565112
2019-03-01,162.0,565275,565274
2019-03-02,132.0,565407,565406
2019-03-03,146.0,565553,565552
2019-03-04,137.0,565690,565689
2019-03-05,149.0,565839,565838
2019-03-06,128.0,565967,565966
2019-03-07,142.0,566109,566108
2019-03-08,146.0,566255,566254
2019-03-09,138.0,566393,566392
2019-03-10,136.0,566529,566528
2019-03-11,142.0,566671,566670
2019-03-12,143.0,566814,566813
2019-03-13,135.0,566949,566948
2019-03-14,155.0,567104,567103
2019-03-15,153.0,567257,567256
2019-03-16,163.0,567420,567419
2019-03-17,146.0,567566,567565
2019-03-18,161.0,567727,567726
2019-03-19,174.0,567901,567900
2019-03-20,161.0,568062,568061
2019-03-21,143.0,568205,568204
2019-03-22,161.0,568366,568365
2019-03-23,145.0,568511,568510
2019-03-24,150.0,568661,568660
2019-03-25,148.0,568809,568808
2019-03-26,134.0,568943,568942
2019-03-27,149.0,569092,569091
2019-03-28,146.0,569238,569237
2019-03-29,147.0,569385,569384
2019-03-30,139.0,569524,569523
2019-03-31,139.0,569663,569662
2019-04-01,136.0,569799,569798
2019-04-02,157.0,569956,569955
2019-04-03,142.0,570098,570097
2019-04-04,140.0,570238,570237
2019-04-05,158.0,570396,570395
2019-04-06,139.0,570535,570534
2019-04-07,141.0,570676,570675
2019-04-08,148.0,570824,570823
2019-04-09,132.0,570956,570955
2019-04-10,148.0,571104,571103
2019-04-11,157.0,571261,571260
2019-04-12,151.0,571412,571411
2019-04-13,135.0,571547,571546
2019-04-14,122.0,571669,571668
2019-04-15,145.0,571814,571813
2019-04-16,145.0,571959,571958
2019-04-17,138.0,572097,572096
2019-04-18,149.0,572246,572245
2019-04-19,152.0,572398,572397
2019-04-20,131.0,572529,572528
2019-04-21,162.0,572691,572690
2019-04-22,134.0,572825,572824
2019-04-23,116.0,572941,572940
2019-04-24,163.0,573104,573103
2019-04-25,143.0,573247,573246
2019-04-26,151.0,573398,573397
2019-04-27,137.0,573535,573534
2019-04-28,163.0,573698,573697
2019-04-29,163.0,573861,573860
2019-04-30,140.0,574001,574000
2019-05-01,171.0,574172,574171
2019-05-02,184.0,574356,574355
2019-05-03,152.0,574508,574507
2019-05-04,132.0,574640,574639
2019-05-05,129.0,574769,574768
2019-05-06,151.0,574920,574919
2019-05-07,127.0,575047,575046
2019-05-08,152.0,575199,575198
2019-05-09,150.0,575349,575348
2019-05-10,125.0,575474,575473
2019-05-11,130.0,575604,575603
2019-05-12,158.0,575762,575761
2019-05-13,167.0,575929,575928
2019-05-14,152.0,576081,576080
2019-05-15,149.0,576230,576229
2019-05-16,146.0,576376,576375
2019-05-17,151.0,576527,576526
2019-05-18,153.0,576680,576679
2019-05-19,163.0,576843,576842
2019-05-20,161.0,577004,577003
2019-05-21,153.0,577157,577156
2019-05-22,167.0,577324,577323
2019-05-23,158.0,577482,577481
2019-05-24,153.0,577635,577634
2019-05-25,140.0,577775,577774
2019-05-26,165.0,577940,577939
2019-05-27,167.0,578107,578106
2019-05-28,164.0,578271,578270
2019-05-29,174.0,578445,578444
2019-05-30,160.0,578605,578604
2019-05-31,117.0,578722,578721
2019-06-01,151.0,578873,578872
2019-06-02,131.0,579004,579003
2019-06-03,119.0,579123,579122
2019-06-04,154.0,579277,579276
2019-06-05,160.0,579437,579436
2019-06-06,157.0,579594,579593
2019-06-07,158.0,579752,579751
2019-06-08,124.0,579876,579875
2019-06-09,147.0,580023,580022
2019-06-10,157.0,580180,580179
2019-06-11,143.0,580323,580322
2019-06-12,131.0,580454,580453
2019-06-13,151.0,580605,580604
2019-06-14,169.0,580774,580773
2019-06-15,146.0,580920,580919
2019-06-16,130.0,581050,581049
2019-06-17,133.0,581183,581182
2019-06-18,163.0,581346,581345
2019-06-19,177.0,581523,581522
2019-06-20,144.0,581667,581666
2019-06-21,133.0,581800,581799
2019-06-22,141.0,581941,581940
2019-06-23,181.0,582122,582121
2019-06-24,177.0,582299,582298
2019-06-25,146.0,582445,582444
2019-06-26,165.0,582610,582609
2019-06-27,142.0,582752,582751
2019-06-28,163.0,582915,582914
2019-06-29,174.0,583089,583088
2019-06-30,152.0,583241,583240
2019-07-01,143.0,583384,583383
2019-07-02,158.0,583542,583541
2019-07-03,172.0,583714,583713
2019-07-04,167.0,583881,583880
2019-07-05,189.0,584070,584069
2019-07-06,178.0,584248,584247
2019-07-07,153.0,584401,584400
2019-07-08,178.0,584579,584578
2019-07-09,154.0,584733,584732
2019-07-10,129.0,584862,584861
2019-07-11,129.0,584991,584990
2019-07-12,164.0,585155,585154
2019-07-13,141.0,585296,585295
2019-07-14,145.0,585441,585440
2019-07-15,146.0,585587,585586
2019-07-16,162.0,585749,585748
2019-07-17,133.0,585882,585881
2019-07-18,121.0,586003,586002
2019-07-19,118.0,586121,586120
2019-07-20,177.0,586298,586297
2019-07-21,149.0,586447,586446
2019-07-22,158.0,586605,586604
2019-07-23,143.0,586748,586747
2019-07-24,139.0,586887,586886
2019-07-25,150.0,587037,587036
2019-07-26,166.0,587203,587202
2019-07-27,152.0,587355,587354
2019-07-28,175.0,587530,587529
2019-07-29,168.0,587698,587697
2019-07-30,142.0,587840,587839
2019-07-31,171.0,588011,588010
2019-08-01,142.0,588153,588152
2019-08-02,169.0,588322,588321
2019-08-03,173.0,588495,588494
2019-08-04,167.0,588662,588661
2019-08-05,143.0,588805,588804
2019-08-06,161.0,588966,588965
2019-08-07,153.0,589119,589118
2019-08-08,142.0,589261,589260
2019-08-09,147.0,589408,589407
2019-08-10,151.0,589559,589558
2019-08-11,153.0,589712,589711
2019-08-12,133.0,589845,589844
2019-08-13,157.0,590002,590001
2019-08-14,152.0,590154,590153
2019-08-15,157.0,590311,590310
2019-08-16,147.0,590458,590457
2019-08-17,128.0,590586,590585
2019-08-18,126.0,590712,590711
2019-08-19,163.0,590875,590874
2019-08-20,153.0,591028,591027
2019-08-21,136.0,591164,591163
2019-08-22,141.0,591305,591304
2019-08-23,153.0,591458,591457
2019-08-24,160.0,591618,591617
2019-08-25,155.0,591773,591772
2019-08-26,137.0,591910,591909
2019-08-27,135.0,592045,592044
2019-08-28,151.0,592196,592195
2019-08-29,165.0,592361,592360
2019-08-30,160.0,592521,592520
2019-08-31,166.0,592687,592686
2019-09-01,143.0,592830,592829
2019-09-02,149.0,592979,592978
2019-09-03,164.0,593143,593142
2019-09-04,136.0,593279,593278
2019-09-05,165.0,593444,593443
2019-09-06,158.0,593602,593601
2019-09-07,150.0,593752,593751
2019-09-08,177.0,593929,593928
2019-09-09,146.0,594075,594074
2019-09-10,182.0,594257,594256
2019-09-11,184.0,594441,594440
2019-09-12,158.0,594599,594598
2019-09-13,150.0,594749,594748
2019-09-14,155.0,594904,594903
2019-09-15,147.0,595051,595050
2019-09-16,163.0,595214,595213
2019-09-17,148.0,595362,595361
2019-09-18,174.0,595536,595535
2019-09-19,148.0,595684,595683
2019-09-20,151.0,595835,595834
2019-09-21,166.0,596001,596000
2019-09-22,166.0,596167,596166
2019-09-23,114.0,596281,596280
2019-09-24,157.0,596438,596437
2019-09-25,156.0,596594,596593
2019-09-26,171.0,596765,596764
2019-09-27,132.0,596897,596896
2019-09-28,159.0,597056,597055
2019-09-29,136.0,597192,597191
2019-09-30,130.0,597322,597321
2019-10-01,143.0,597465,597464
2019-10-02,148.0,597613,597612
2019-10-03,147.0,597760,597759
2019-10-04,147.0,597907,597906
2019-10-05,158.0,598065,598064
2019-10-06,149.0,598214,598213
2019-10-07,155.0,598369,598368
2019-10-08,162.0,598531,598530
2019-10-09,138.0,598669,598668
2019-10-10,162.0,598831,598830
2019-10-11,156.0,598987,598986
2019-10-12,133.0,599120,599119
2019-10-13,142.0,599262,599261
2019-10-14,135.0,599397,599396
2019-10-15,153.0,599550,599549
2019-10-16,143.0,599693,599692
2019-10-17,150.0,599843,599842
2019-10-18,160.0,600003,600002
2019-10-19,142.0,600145,600144
2019-10-20,146.0,600291,600290
2019-10-21,159.0,600450,600449
2019-10-22,169.0,600619,600618
2019-10-23,168.0,600787,600786
2019-10-24,133.0,600920,600919
2019-10-25,138.0,601058,601057
2019-10-26,140.0,601198,601197
2019-10-27,115.0,601313,601312
2019-10-28,134.0,601447,601446
2019-10-29,133.0,601580,601579
2019-10-30,134.0,601714,601713
2019-10-31,132.0,601846,601845
2019-11-01,130.0,601976,601975
2019-11-02,134.0,602110,602109
2019-11-03,138.0,602248,602247
2019-11-04,132.0,602380,602379
2019-11-05,144.0,602524,602523
2019-11-06,132.0,602656,602655
2019-11-07,135.0,602791,602790
2019-11-08,128.0,602919,602918
2019-11-09,144.0,603063,603062
2019-11-10,166.0,603229,603228
2019-11-11,151.0,603380,603379
2019-11-12,135.0,603515,603514
2019-11-13,135.0,603650,603649
2019-11-14,169.0,603819,603818
2019-11-15,158.0,603977,603976
2019-11-16,148.0,604125,604124
2019-11-17,154.0,604279,604278
2019-11-18,140.0,604419,604418
2019-11-19,147.0,604566,604565
2019-11-20,142.0,604708,604707
2019-11-21,137.0,604845,604844
2019-11-22,132.0,604977,604976
2019-11-23,173.0,605150,605149
2019-11-24,131.0,605281,605280
2019-11-25,125.0,605406,605405
2019-11-26,122.0,605528,605527
2019-11-27,139.0,605667,605666
2019-11-28,163.0,605830,605829
2019-11-29,136.0,605966,605965
2019-11-30,126.0,606092,606091
2019-12-01,139.0,606231,606230
2019-12-02,145.0,606376,606375
2019-12-03,158.0,606534,606533
2019-12-04,167.0,606701,606700
2019-12-05,145.0,606846,606845
2019-12-06,145.0,606991,606990
2019-12-07,155.0,607146,607145
2019-12-08,148.0,607294,607293
2019-12-09,148.0,607442,607441
2019-12-10,148.0,607590,607589
2019-12-11,132.0,607722,607721
2019-12-12,133.0,607855,607854
2019-12-13,152.0,608007,608006
2019-12-14,151.0,608158,608157
2019-12-15,124.0,608282,608281
2019-12-16,157.0,608439,608438
2019-12-17,141.0,608580,608579
2019-12-18,134.0,608714,608713
2019-12-19,157.0,608871,608870
2019-12-20,156.0,609027,609026
2019-12-21,176.0,609203,609202
2019-12-22,169.0,609372,609371
2019-12-23,143.0,609515,609514
2019-12-24,125.0,609640,609639
2019-12-25,128.0,609768,609767
2019-12-26,167.0,609935,609934
2019-12-27,145.0,610080,610079
2019-12-28,149.0,610229,610228
2019-12-29,155.0,610384,610383
2019-12-30,166.0,610550,610549
2019-12-31,145.0,610695,610694
2020-01-01,174.0,610869,610868
2020-01-02,141.0,611010,611009
2020-01-03,169.0,611179,611178
2020-01-04,168.0,611347,611346
2020-01-05,163.0,611510,611509
2020-01-06,135.0,611645,611644
2020-01-07,176.0,611821,611820
2020-01-08,142.0,611963,611962
2020-01-09,157.0,612120,612119
2020-01-10,149.0,612269,612268
2020-01-11,163.0,612432,612431
2020-01-12,151.0,612583,612582
2020-01-13,143.0,612726,612725
2020-01-14,145.0,612871,612870
2020-01-15,151.0,613022,613021
2020-01-16,159.0,613181,613180
2020-01-17,159.0,613340,613339
2020-01-18,132.0,613472,613471
2020-01-19,150.0,613622,613621
2020-01-20,152.0,613774,613773
2020-01-21,153.0,613927,613926
2020-01-22,156.0,614083,614082
2020-01-23,159.0,614242,614241
2020-01-24,152.0,614394,614393
2020-01-25,164.0,614558,614557
2020-01-26,143.0,614701,614700
2020-01-27,129.0,614830,614829
2020-01-28,142.0,614972,614971
2020-01-29,160.0,615132,615131
2020-01-30,156.0,615288,615287
2020-01-31,144.0,615432,615431
2020-02-01,151.0,615583,615582
2020-02-02,143.0,615726,615725
2020-02-03,148.0,615874,615873
2020-02-04,132.0,616006,616005
2020-02-05,159.0,616165,616164
2020-02-06,135.0,616300,616299
2020-02-07,139.0,616439,616438
2020-02-08,139.0,616578,616577
2020-02-09,153.0,616731,616730
2020-02-10,122.0,616853,616852
2020-02-11,148.0,617001,617000
2020-02-12,142.0,617143,617142
2020-02-13,141.0,617284,617283
2020-02-14,135.0,617419,617418
2020-02-15,142.0,617561,617560
2020-02-16,142.0,617703,617702
2020-02-17,157.0,617860,617859
2020-02-18,150.0,618010,618009
2020-02-19,141.0,618151,618150
2020-02-20,126.0,618277,618276
2020-02-21,154.0,618431,618430
2020-02-22,148.0,618579,618578
2020-02-23,142.0,618721,618720
2020-02-24,141.0,618862,618861
2020-02-25,144.0,619006,619005
2020-02-26,136.0,619142,619141
2020-02-27,147.0,619289,619288
2020-02-28,158.0,619447,619446
2020-02-29,139.0,619586,619585
2020-03-01,177.0,619763,619762
2020-03-02,149.0,619912,619911
2020-03-03,153.0,620065,620064
2020-03-04,167.0,620232,620231
2020-03-05,163.0,620395,620394
2020-03-06,155.0,620550,620549
2020-03-07,157.0,620707,620706
2020-03-08,158.0,620865,620864
2020-03-09,150.0,621015,621014
2020-03-10,132.0,621147,621146
2020-03-11,119.0,621266,621265
2020-03-12,151.0,621417,621416
2020-03-13,125.0,621542,621541
2020-03-14,128.0,621670,621669
2020-03-15,119.0,621789,621788
2020-03-16,119.0,621908,621907
2020-03-17,123.0,622031,622030
2020-03-18,100.0,622131,622130
2020-03-19,107.0,622238,622237
2020-03-20,109.0,622347,622346
2020-03-21,124.0,622471,622470
2020-03-22,127.0,622598,622597
2020-03-23,112.0,622710,622709
2020-03-24,132.0,622842,622841
2020-03-25,92.0,622934,622933
2020-03-26,160.0,623094,623093
2020-03-27,155.0,623249,623248
2020-03-28,135.0,623384,623383
2020-03-29,151.0,623535,623534
2020-03-30,147.0,623682,623681
2020-03-31,159.0,623841,623840
2020-04-01,153.0,623994,623993
2020-04-02,153.0,624147,624146
2020-04-03,132.0,624279,624278
2020-04-04,157.0,624436,624435
2020-04-05,175.0,624611,624610
2020-04-06,128.0,624739,624738
2020-04-07,168.0,624907,624906
2020-04-08,144.0,625051,625050
2020-04-09,154.0,625205,625204
2020-04-10,163.0,625368,625367
2020-04-11,159.0,625527,625526
2020-04-12,153.0,625680,625679
2020-04-13,171.0,625851,625850
2020-04-14,168.0,626019,626018
2020-04-15,169.0,626188,626187
2020-04-16,154.0,626342,626341
2020-04-17,127.0,626469,626468
2020-04-18,158.0,626627,626626
2020-04-19,152.0,626779,626778
2020-04-20,161.0,626940,626939
2020-04-21,149.0,627089,627088
2020-04-22,131.0,627220,627219
2020-04-23,142.0,627362,627361
2020-04-24,144.0,627506,627505
2020-04-25,136.0,627642,627641
2020-04-26,137.0,627779,627778
2020-04-27,141.0,627920,627919
2020-04-28,154.0,628074,628073
2020-04-29,145.0,628219,628218
2020-04-30,135.0,628354,628353
2020-05-01,141.0,628495,628494
2020-05-02,148.0,628643,628642
2020-05-03,168.0,628811,628810
2020-05-04,158.0,628969,628968
2020-05-05,158.0,629127,629126
2020-05-06,154.0,629281,629280
2020-05-07,147.0,629428,629427
2020-05-08,137.0,629565,629564
2020-05-09,136.0,629701,629700
2020-05-10,170.0,629871,629870
2020-05-11,157.0,630028,630027
2020-05-12,146.0,630174,630173
2020-05-13,119.0,630293,630292
2020-05-14,114.0,630407,630406
2020-05-15,125.0,630532,630531
2020-05-16,126.0,630658,630657
2020-05-17,102.0,630760,630759
2020-05-18,128.0,630888,630887
2020-05-19,115.0,631003,631002
2020-05-20,115.0,631118,631117
2020-05-21,131.0,631249,631248
2020-05-22,111.0,631360,631359
2020-05-23,119.0,631479,631478
2020-05-24,116.0,631595,631594
2020-05-25,125.0,631720,631719
2020-05-26,124.0,631844,631843
2020-05-27,138.0,631982,631981
2020-05-28,131.0,632113,632112
2020-05-29,127.0,632240,632239
2020-05-30,156.0,632396,632395
2020-05-31,150.0,632546,632545
2020-06-01,134.0,632680,632679
2020-06-02,129.0,632809,632808
2020-06-03,139.0,632948,632947
2020-06-04,151.0,633099,633098
2020-06-05,179.0,633278,633277
2020-06-06,196.0,633474,633473
2020-06-07,159.0,633633,633632
2020-06-08,162.0,633795,633794
2020-06-09,160.0,633955,633954
2020-06-10,164.0,634119,634118
2020-06-11,185.0,634304,634303
2020-06-12,163.0,634467,634466
2020-06-13,158.0,634625,634624
2020-06-14,170.0,634795,634794
2020-06-15,138.0,634933,634932
2020-06-16,150.0,635083,635082
2020-06-17,138.0,635221,635220
2020-06-18,123.0,635344,635343
2020-06-19,143.0,635487,635486
2020-06-20,137.0,635624,635623
2020-06-21,146.0,635770,635769
2020-06-22,143.0,635913,635912
2020-06-23,158.0,636071,636070
2020-06-24,139.0,636210,636209
2020-06-25,141.0,636351,636350
2020-06-26,164.0,636515,636514
2020-06-27,138.0,636653,636652
2020-06-28,150.0,636803,636802
2020-06-29,145.0,636948,636947
2020-06-30,147.0,637095,637094
2020-07-01,162.0,637257,637256
2020-07-02,164.0,637421,637420
2020-07-03,163.0,637584,637583
2020-07-04,157.0,637741,637740
2020-07-05,163.0,637904,637903
2020-07-06,154.0,638058,638057
2020-07-07,161.0,638219,638218
2020-07-08,151.0,638370,638369
2020-07-09,164.0,638534,638533
2020-07-10,161.0,638695,638694
2020-07-11,156.0,638851,638850
2020-07-12,152.0,639003,639002
2020-07-13,147.0,639150,639149
2020-07-14,144.0,639294,639293
2020-07-15,138.0,639432,639431
2020-07-16,136.0,639568,639567
2020-07-17,118.0,639686,639685
2020-07-18,130.0,639816,639815
2020-07-19,131.0,639947,639946
2020-07-20,141.0,640088,640087
2020-07-21,125.0,640213,640212
2020-07-22,144.0,640357,640356
2020-07-23,136.0,640493,640492
2020-07-24,161.0,640654,640653
2020-07-25,142.0,640796,640795
2020-07-26,158.0,640954,640953
2020-07-27,149.0,641103,641102
2020-07-28,145.0,641248,641247
2020-07-29,148.0,641396,641395
2020-07-30,135.0,641531,641530
2020-07-31,153.0,641684,641683
2020-08-01,137.0,641821,641820
2020-08-02,141.0,641962,641961
2020-08-03,162.0,642124,642123
2020-08-04,145.0,642269,642268
2020-08-05,129.0,642398,642397
2020-08-06,156.0,642554,642553
2020-08-07,152.0,642706,642705
2020-08-08,142.0,642848,642847
2020-08-09,156.0,643004,643003
2020-08-10,137.0,643141,643140
2020-08-11,154.0,643295,643294
2020-08-12,157.0,643452,643451
2020-08-13,147.0,643599,643598
2020-08-14,167.0,643766,643765
2020-08-15,156.0,643922,643921
2020-08-16,152.0,644074,644073
2020-08-17,125.0,644199,644198
2020-08-18,140.0,644339,644338
2020-08-19,138.0,644477,644476
2020-08-20,146.0,644623,644622
2020-08-21,155.0,644778,644777
2020-08-22,136.0,644914,644913
2020-08-23,157.0,645071,645070
2020-08-24,149.0,645220,645219
2020-08-25,128.0,645348,645347
2020-08-26,142.0,645490,645489
2020-08-27,129.0,645619,645618
2020-08-28,163.0,645782,645781
2020-08-29,146.0,645928,645927
2020-08-30,127.0,646055,646054
2020-08-31,150.0,646205,646204
2020-09-01,154.0,646359,646358
2020-09-02,144.0,646503,646502
2020-09-03,129.0,646632,646631
2020-09-04,135.0,646767,646766
2020-09-05,141.0,646908,646907
2020-09-06,150.0,647058,647057
2020-09-07,175.0,647233,647232
2020-09-08,155.0,647388,647387
2020-09-09,149.0,647537,647536
2020-09-10,158.0,647695,647694
2020-09-11,138.0,647833,647832
2020-09-12,170.0,648003,648002
2020-09-13,162.0,648165,648164
2020-09-14,176.0,648341,648340
2020-09-15,156.0,648497,648496
2020-09-16,155.0,648652,648651
2020-09-17,178.0,648830,648829
2020-09-18,165.0,648995,648994
2020-09-19,149.0,649144,649143
2020-09-20,142.0,649286,649285
2020-09-21,145.0,649431,649430
2020-09-22,129.0,649560,649559
2020-09-23,142.0,649702,649701
2020-09-24,137.0,649839,649838
2020-09-25,169.0,650008,650007
2020-09-26,150.0,650158,650157
2020-09-27,152.0,650310,650309
2020-09-28,129.0,650439,650438
2020-09-29,141.0,650580,650579
2020-09-30,156.0,650736,650735
2020-10-01,124.0,650860,650859
2020-10-02,136.0,650996,650995
2020-10-03,151.0,651147,651146
2020-10-04,158.0,651305,651304
2020-10-05,140.0,651445,651444
2020-10-06,130.0,651575,651574
2020-10-07,151.0,651726,651725
2020-10-08,162.0,651888,651887
2020-10-09,142.0,652030,652029
2020-10-10,143.0,652173,652172
2020-10-11,140.0,652313,652312
2020-10-12,149.0,652462,652461
2020-10-13,166.0,652628,652627
2020-10-14,149.0,652777,652776
2020-10-15,151.0,652928,652927
2020-10-16,155.0,653083,653082
2020-10-17,157.0,653240,653239
2020-10-18,120.0,653360,653359
2020-10-19,125.0,653485,653484
2020-10-20,144.0,653629,653628
2020-10-21,130.0,653759,653758
2020-10-22,137.0,653896,653895
2020-10-23,131.0,654027,654026
2020-10-24,152.0,654179,654178
2020-10-25,117.0,654296,654295
2020-10-26,110.0,654406,654405
2020-10-27,99.0,654505,654504
2020-10-28,100.0,654605,654604
2020-10-29,108.0,654713,654712
2020-10-30,111.0,654824,654823
2020-10-31,113.0,654937,654936
2020-11-01,125.0,655062,655061
2020-11-02,95.0,655157,655156
2020-11-03,140.0,655297,655296
2020-11-04,159.0,655456,655455
2020-11-05,147.0,655603,655602
2020-11-06,153.0,655756,655755
2020-11-07,146.0,655902,655901
2020-11-08,138.0,656040,656039
2020-11-09,185.0,656225,656224
2020-11-10,147.0,656372,656371
2020-11-11,147.0,656519,656518
2020-11-12,160.0,656679,656678
2020-11-13,139.0,656818,656817
2020-11-14,142.0,656960,656959
2020-11-15,150.0,657110,657109
2020-11-16,160.0,657270,657269
2020-11-17,157.0,657427,657426
2020-11-18,169.0,657596,657595
2020-11-19,137.0,657733,657732
2020-11-20,168.0,657901,657900
2020-11-21,169.0,658070,658069
2020-11-22,174.0,658244,658243
2020-11-23,147.0,658391,658390
2020-11-24,136.0,658527,658526
2020-11-25,155.0,658682,658681
2020-11-26,150.0,658832,658831
2020-11-27,154.0,658986,658985
2020-11-28,154.0,659140,659139
2020-11-29,150.0,659290,659289
2020-11-30,113.0,659403,659402
2020-12-01,152.0,659555,659554
2020-12-02,131.0,659686,659685
2020-12-03,157.0,659843,659842
2020-12-04,144.0,659987,659986
2020-12-05,144.0,660131,660130
2020-12-06,136.0,660267,660266
2020-12-07,150.0,660417,660416
2020-12-08,144.0,660561,660560
2020-12-09,139.0,660700,660699
2020-12-10,130.0,660830,660829
2020-12-11,138.0,660968,660967
2020-12-12,132.0,661100,661099
2020-12-13,156.0,661256,661255
2020-12-14,145.0,661401,661400
2020-12-15,140.0,661541,661540
2020-12-16,143.0,661684,661683
2020-12-17,129.0,661813,661812
2020-12-18,157.0,661970,661969
2020-12-19,158.0,662128,662127
2020-12-20,151.0,662279,662278
2020-12-21,136.0,662415,662414
2020-12-22,143.0,662558,662557
2020-12-23,154.0,662712,662711
2020-12-24,126.0,662838,662837
2020-12-25,144.0,662982,662981
2020-12-26,137.0,663119,663118
2020-12-27,148.0,663267,663266
2020-12-28,160.0,663427,663426
2020-12-29,152.0,663579,663578
2020-12-30,172.0,663751,663750
2020-12-31,166.0,663917,663916
2021-01-01,149.0,664066,664065
2021-01-02,151.0,664217,664216
2021-01-03,158.0,664375,664374
2021-01-04,173.0,664548,664547
2021-01-05,157.0,664705,664704
2021-01-06,177.0,664882,664881
2021-01-07,168.0,665050,665049
2021-01-08,148.0,665198,665197
2021-01-09,139.0,665337,665336
2021-01-10,159.0,665496,665495
2021-01-11,154.0,665650,665649
2021-01-12,148.0,665798,665797
2021-01-13,152.0,665950,665949
2021-01-14,147.0,666097,666096
2021-01-15,155.0,666252,666251
2021-01-16,147.0,666399,666398
2021-01-17,133.0,666532,666531
2021-01-18,145.0,666677,666676
2021-01-19,149.0,666826,666825
2021-01-20,141.0,666967,666966
2021-01-21,129.0,667096,667095
2021-01-22,141.0,667237,667236
2021-01-23,156.0,667393,667392
2021-01-24,139.0,667532,667531
2021-01-25,140.0,667672,667671
2021-01-26,161.0,667833,667832
2021-01-27,142.0,667975,667974
2021-01-28,145.0,668120,668119
2021-01-29,152.0,668272,668271
2021-01-30,136.0,668408,668407
2021-01-31,144.0,668552,668551
2021-02-01,119.0,668671,668670
2021-02-02,153.0,668824,668823
2021-02-03,150.0,668974,668973
2021-02-04,160.0,669134,669133
2021-02-05,169.0,669303,669302
2021-02-06,159.0,669462,669461
2021-02-07,156.0,669618,669617
2021-02-08,162.0,669780,669779
2021-02-09,143.0,669923,669922
2021-02-10,143.0,670066,670065
2021-02-11,129.0,670195,670194
2021-02-12,142.0,670337,670336
2021-02-13,157.0,670494,670493
2021-02-14,148.0,670642,670641
2021-02-15,152.0,670794,670793
2021-02-16,121.0,670915,670914
2021-02-17,138.0,671053,671052
2021-02-18,137.0,671190,671189
2021-02-19,153.0,671343,671342
2021-02-20,146.0,671489,671488
2021-02-21,141.0,671630,671629
2021-02-22,133.0,671763,671762
2021-02-23,127.0,671890,671889
2021-02-24,159.0,672049,672048
2021-02-25,156.0,672205,672204
2021-02-26,139.0,672344,672343
2021-02-27,157.0,672501,672500
2021-02-28,131.0,672632,672631
2021-03-01,130.0,672762,672761
2021-03-02,143.0,672905,672904
2021-03-03,152.0,673057,673056
2021-03-04,128.0,673185,673184
2021-03-05,149.0,673334,673333
2021-03-06,152.0,673486,673485
2021-03-07,146.0,673632,673631
2021-03-08,155.0,673787,673786
2021-03-09,140.0,673927,673926
2021-03-10,149.0,674076,674075
2021-03-11,132.0,674208,674207
2021-03-12,150.0,674358,674357
2021-03-13,143.0,674501,674500
2021-03-14,157.0,674658,674657
2021-03-15,148.0,674806,674805
2021-03-16,149.0,674955,674954
2021-03-17,136.0,675091,675090
2021-03-18,152.0,675243,675242
2021-03-19,148.0,675391,675390
2021-03-20,154.0,675545,675544
2021-03-21,156.0,675701,675700
2021-03-22,151.0,675852,675851
2021-03-23,161.0,676013,676012
2021-03-24,152.0,676165,676164
2021-03-25,154.0,676319,676318
2021-03-26,136.0,676455,676454
2021-03-27,159.0,676614,676613
2021-03-28,159.0,676773,676772
2021-03-29,151.0,676924,676923
2021-03-30,146.0,677070,677069
2021-03-31,157.0,677227,677226
2021-04-01,145.0,677372,677371
2021-04-02,140.0,677512,677511
2021-04-03,131.0,677643,677642
2021-04-04,146.0,677789,677788
2021-04-05,156.0,677945,677944
2021-04-06,144.0,678089,678088
2021-04-07,157.0,678246,678245
2021-04-08,134.0,678380,678379
2021-04-09,152.0,678532,678531
2021-04-10,157.0,678689,678688
2021-04-11,145.0,678834,678833
2021-04-12,144.0,678978,678977
2021-04-13,142.0,679120,679119
2021-04-14,135.0,679255,679254
2021-04-15,172.0,679427,679426
2021-04-16,103.0,679530,679529
2021-04-17,91.0,679621,679620
2021-04-18,124.0,679745,679744
2021-04-19,97.0,679842,679841
2021-04-20,128.0,679970,679969
2021-04-21,101.0,680071,680070
2021-04-22,143.0,680214,680213
2021-04-23,135.0,680349,680348
2021-04-24,145.0,680494,680493
2021-04-25,141.0,680635,680634
2021-04-26,114.0,680749,680748
2021-04-27,142.0,680891,680890
2021-04-28,142.0,681033,681032
2021-04-29,122.0,681155,681154
2021-04-30,145.0,681300,681299
2021-05-01,139.0,681439,681438
2021-05-02,185.0,681624,681623
2021-05-03,177.0,681801,681800
2021-05-04,181.0,681982,681981
2021-05-05,157.0,682139,682138
2021-05-06,170.0,682309,682308
2021-05-07,172.0,682481,682480
2021-05-08,171.0,682652,682651
2021-05-09,186.0,682838,682837
2021-05-10,180.0,683018,683017
2021-05-11,172.0,683190,683189
2021-05-12,172.0,683362,683361
2021-05-13,161.0,683523,683522
2021-05-14,134.0,683657,683656
2021-05-15,123.0,683780,683779
2021-05-16,132.0,683912,683911
2021-05-17,121.0,684033,684032
2021-05-18,100.0,684133,684132
2021-05-19,125.0,684258,684257
2021-05-20,112.0,684370,684369
2021-05-21,110.0,684480,684479
2021-05-22,116.0,684596,684595
2021-05-23,119.0,684715,684714
2021-05-24,126.0,684841,684840
2021-05-25,123.0,684964,684963
2021-05-26,122.0,685086,685085
2021-05-27,117.0,685203,685202
2021-05-28,119.0,685322,685321
2021-05-29,116.0,685438,685437
2021-05-30,144.0,685582,685581
2021-05-31,141.0,685723,685722
2021-06-01,142.0,685865,685864
2021-06-02,166.0,686031,686030
2021-06-03,147.0,686178,686177
2021-06-04,131.0,686309,686308
2021-06-05,131.0,686440,686439
2021-06-06,150.0,686590,686589
2021-06-07,133.0,686723,686722
2021-06-08,149.0,686872,686871
2021-06-09,126.0,686998,686997
2021-06-10,118.0,687116,687115
2021-06-11,105.0,687221,687220
2021-06-12,132.0,687353,687352
2021-06-13,132.0,687485,687484
2021-06-14,135.0,687620,687619
2021-06-15,131.0,687751,687750
2021-06-16,123.0,687874,687873
2021-06-17,130.0,688004,688003
2021-06-18,124.0,688128,688127
2021-06-19,103.0,688231,688230
2021-06-20,105.0,688336,688335
2021-06-21,105.0,688441,688440
2021-06-22,91.0,688532,688531
2021-06-23,101.0,688633,688632
2021-06-24,105.0,688738,688737
2021-06-25,110.0,688848,688847
2021-06-26,89.0,688937,688936
2021-06-27,58.0,688995,688994
2021-06-28,88.0,689083,689082
2021-06-29,90.0,689173,689172
2021-06-30,88.0,689261,689260
2021-07-01,96.0,689357,689356
2021-07-02,90.0,689447,689446
2021-07-03,127.0,689574,689573
2021-07-04,115.0,689689,689688
2021-07-05,132.0,689821,689820
2021-07-06,142.0,689963,689962
2021-07-07,123.0,690086,690085
2021-07-08,139.0,690225,690224
2021-07-09,131.0,690356,690355
2021-07-10,161.0,690517,690516
2021-07-11,125.0,690642,690641
2021-07-12,126.0,690768,690767
2021-07-13,136.0,690904,690903
2021-07-14,170.0,691074,691073
2021-07-15,128.0,691202,691201
2021-07-16,150.0,691352,691351
2021-07-17,143.0,691495,691494
2021-07-18,144.0,691639,691638
2021-07-19,170.0,691809,691808
2021-07-20,122.0,691931,691930
2021-07-21,145.0,692076,692075
2021-07-22,153.0,692229,692228
2021-07-23,135.0,692364,692363
2021-07-24,154.0,692518,692517
2021-07-25,153.0,692671,692670
2021-07-26,150.0,692821,692820
2021-07-27,170.0,692991,692990
2021-07-28,157.0,693148,693147
2021-07-29,160.0,693308,693307
2021-07-30,166.0,693474,693473
2021-07-31,158.0,693632,693631
2021-08-01,154.0,693786,693785
2021-08-02,143.0,693929,693928
2021-08-03,169.0,694098,694097
2021-08-04,136.0,694234,694233
2021-08-05,160.0,694394,694393
2021-08-06,159.0,694553,694552
2021-08-07,167.0,694720,694719
2021-08-08,158.0,694878,694877
2021-08-09,152.0,695030,695029
2021-08-10,165.0,695195,695194
2021-08-11,147.0,695342,695341
2021-08-12,151.0,695493,695492
2021-08-13,142.0,695635,695634
2021-08-14,164.0,695799,695798
2021-08-15,182.0,695981,695980
2021-08-16,161.0,696142,696141
2021-08-17,172.0,696314,696313
2021-08-18,135.0,696449,696448
2021-08-19,154.0,696603,696602
2021-08-20,160.0,696763,696762
2021-08-21,170.0,696933,696932
2021-08-22,164.0,697097,697096
2021-08-23,197.0,697294,697293
2021-08-24,154.0,697448,697447
2021-08-25,160.0,697608,697607
2021-08-26,146.0,697754,697753
2021-08-27,146.0,697900,697899
2021-08-28,141.0,698041,698040
2021-08-29,156.0,698197,698196
2021-08-30,135.0,698332,698331
2021-08-31,144.0,698476,698475
2021-09-01,137.0,698613,698612
2021-09-02,149.0,698762,698761
2021-09-03,148.0,698910,698909
2021-09-04,155.0,699065,699064
2021-09-05,164.0,699229,699228
2021-09-06,172.0,699401,699400
2021-09-07,153.0,699554,699553
2021-09-08,142.0,699696,699695
2021-09-09,137.0,699833,699832
2021-09-10,136.0,699969,699968
2021-09-11,148.0,700117,700116
2021-09-12,147.0,700264,700263
2021-09-13,159.0,700423,700422
2021-09-14,168.0,700591,700590
2021-09-15,142.0,700733,700732
2021-09-16,136.0,700869,700868
2021-09-17,147.0,701016,701015
2021-09-18,155.0,701171,701170
2021-09-19,160.0,701331,701330
2021-09-20,164.0,701495,701494
2021-09-21,123.0,701618,701617
2021-09-22,134.0,701752,701751
2021-09-23,165.0,701917,701916
2021-09-24,148.0,702065,702064
2021-09-25,144.0,702209,702208
2021-09-26,139.0,702348,702347
2021-09-27,155.0,702503,702502
2021-09-28,152.0,702655,702654
2021-09-29,130.0,702785,702784
2021-09-30,171.0,702956,702955
2021-10-01,140.0,703096,703095
2021-10-02,188.0,703284,703283
2021-10-03,150.0,703434,703433
2021-10-04,156.0,703590,703589
2021-10-05,164.0,703754,703753
2021-10-06,131.0,703885,703884
2021-10-07,141.0,704026,704025
2021-10-08,120.0,704146,704145
2021-10-09,150.0,704296,704295
2021-10-10,159.0,704455,704454
2021-10-11,146.0,704601,704600
2021-10-12,134.0,704735,704734
2021-10-13,169.0,704904,704903
2021-10-14,137.0,705041,705040
2021-10-15,141.0,705182,705181
2021-10-16,133.0,705315,705314
2021-10-17,160.0,705475,705474
2021-10-18,148.0,705623,705622
2021-10-19,155.0,705778,705777
2021-10-20,149.0,705927,705926
2021-10-21,148.0,706075,706074
2021-10-22,158.0,706233,706232
2021-10-23,145.0,706378,706377
2021-10-24,153.0,706531,706530
2021-10-25,182.0,706713,706712
2021-10-26,150.0,706863,706862
2021-10-27,157.0,707020,707019
2021-10-28,153.0,707173,707172
2021-10-29,171.0,707344,707343
2021-10-30,155.0,707499,707498
2021-10-31,139.0,707638,707637
2021-11-01,148.0,707786,707785
2021-11-02,158.0,707944,707943
2021-11-03,161.0,708105,708104
2021-11-04,143.0,708248,708247
2021-11-05,155.0,708403,708402
2021-11-06,154.0,708557,708556
2021-11-07,153.0,708710,708709
2021-11-08,135.0,708845,708844
2021-11-09,152.0,708997,708996
2021-11-10,149.0,709146,709145
2021-11-11,158.0,709304,709303
2021-11-12,142.0,709446,709445
2021-11-13,153.0,709599,709598
2021-11-14,157.0,709756,709755
2021-11-15,151.0,709907,709906
2021-11-16,150.0,710057,710056
2021-11-17,149.0,710206,710205
2021-11-18,144.0,710350,710349
2021-11-19,137.0,710487,710486
2021-11-20,145.0,710632,710631
2021-11-21,132.0,710764,710763
2021-11-22,141.0,710905,710904
2021-11-23,132.0,711037,711036
2021-11-24,157.0,711194,711193
2021-11-25,130.0,711324,711323
2021-11-26,132.0,711456,711455
2021-11-27,143.0,711599,711598
2021-11-28,139.0,711738,711737
2021-11-29,143.0,711881,711880
2021-11-30,134.0,712015,712014
2021-12-01,137.0,712152,712151
2021-12-02,155.0,712307,712306
2021-12-03,168.0,712475,712474
2021-12-04,155.0,712630,712629
2021-12-05,166.0,712796,712795
2021-12-06,172.0,712968,712967
2021-12-07,154.0,713122,713121
2021-12-08,168.0,713290,713289
2021-12-09,163.0,713453,713452
2021-12-10,156.0,713609,713608
2021-12-11,151.0,713760,713759
2021-12-12,140.0,713900,713899
2021-12-13,141.0,714041,714040
2021-12-14,148.0,714189,714188
2021-12-15,141.0,714330,714329
2021-12-16,115.0,714445,714444
2021-12-17,149.0,714594,714593
2021-12-18,128.0,714722,714721
2021-12-19,149.0,714871,714870
2021-12-20,144.0,715015,715014
2021-12-21,161.0,715176,715175
2021-12-22,148.0,715324,715323
2021-12-23,152.0,715476,715475
2021-12-24,151.0,715627,715626
2021-12-25,147.0,715774,715773
2021-12-26,134.0,715908,715907
2021-12-27,148.0,716056,716055
2021-12-28,134.0,716190,716189
2021-12-29,145.0,716335,716334
2021-12-30,119.0,716454,716453
2021-12-31,149.0,716603,716602
2022-01-01,172.0,716775,716774
2022-01-02,158.0,716933,716932
2022-01-03,140.0,717073,717072
2022-01-04,147.0,717220,717219
2022-01-05,150.0,717370,717369
2022-01-06,146.0,717516,717515
2022-01-07,140.0,717656,717655
2022-01-08,144.0,717800,717799
2022-01-09,141.0,717941,717940
2022-01-10,142.0,718083,718082
2022-01-11,158.0,718241,718240
2022-01-12,139.0,718380,718379
2022-01-13,179.0,718559,718558
2022-01-14,159.0,718718,718717
2022-01-15,166.0,718884,718883
2022-01-16,175.0,719059,719058
2022-01-17,161.0,719220,719219
2022-01-18,136.0,719356,719355
2022-01-19,173.0,719529,719528
2022-01-20,169.0,719698,719697
2022-01-21,134.0,719832,719831
2022-01-22,134.0,719966,719965
2022-01-23,141.0,720107,720106
2022-01-24,150.0,720257,720256
2022-01-25,152.0,720409,720408
2022-01-26,130.0,720539,720538
2022-01-27,131.0,720670,720669
2022-01-28,154.0,720824,720823
2022-01-29,149.0,720973,720972
2022-01-30,146.0,721119,721118
2022-01-31,143.0,721262,721261
2022-02-01,154.0,721416,721415
2022-02-02,153.0,721569,721568
2022-02-03,147.0,721716,721715
2022-02-04,130.0,721846,721845
2022-02-05,119.0,721965,721964
2022-02-06,156.0,722121,722120
2022-02-07,136.0,722257,722256
2022-02-08,154.0,722411,722410
2022-02-09,140.0,722551,722550
2022-02-10,147.0,722698,722697
2022-02-11,142.0,722840,722839
2022-02-12,187.0,723027,723026
2022-02-13,158.0,723185,723184
2022-02-14,153.0,723338,723337
2022-02-15,175.0,723513,723512
2022-02-16,156.0,723669,723668
2022-02-17,157.0,723826,723825
2022-02-18,134.0,723960,723959
2022-02-19,149.0,724109,724108
2022-02-20,144.0,724253,724252
2022-02-21,123.0,724376,724375
2022-02-22,152.0,724528,724527
2022-02-23,150.0,724678,724677
2022-02-24,132.0,724810,724809
2022-02-25,134.0,724944,724943
2022-02-26,125.0,725069,725068
2022-02-27,136.0,725205,725204
2022-02-28,154.0,725359,725358
2022-03-01,162.0,725521,725520
2022-03-02,136.0,725657,725656
2022-03-03,148.0,725805,725804
2022-03-04,139.0,725944,725943
2022-03-05,123.0,726067,726066
2022-03-06,131.0,726198,726197
2022-03-07,148.0,726346,726345
2022-03-08,148.0,726494,726493
2022-03-09,138.0,726632,726631
2022-03-10,145.0,726777,726776
2022-03-11,138.0,726915,726914
2022-03-12,156.0,727071,727070
2022-03-13,151.0,727222,727221
2022-03-14,153.0,727375,727374
2022-03-15,139.0,727514,727513
2022-03-16,155.0,727669,727668
2022-03-17,159.0,727828,727827
2022-03-18,143.0,727971,727970
2022-03-19,155.0,728126,728125
2022-03-20,154.0,728280,728279
2022-03-21,153.0,728433,728432
2022-03-22,149.0,728582,728581
2022-03-23,145.0,728727,728726
2022-03-24,143.0,728870,728869
2022-03-25,156.0,729026,729025
2022-03-26,161.0,729187,729186
2022-03-27,131.0,729318,729317
2022-03-28,159.0,729477,729476
2022-03-29,151.0,729628,729627
2022-03-30,135.0,729763,729762
2022-03-31,138.0,729901,729900
2022-04-01,141.0,730042,730041
2022-04-02,135.0,730177,730176
2022-04-03,139.0,730316,730315
2022-04-04,158.0,730474,730473
2022-04-05,145.0,730619,730618
2022-04-06,150.0,730769,730768
2022-04-07,138.0,730907,730906
2022-04-08,134.0,731041,731040
2022-04-09,153.0,731194,731193
2022-04-10,140.0,731334,731333
2022-04-11,137.0,731471,731470
2022-04-12,153.0,731624,731623
2022-04-13,140.0,731764,731763
2022-04-14,138.0,731902,731901
2022-04-15,158.0,732060,732059
2022-04-16,134.0,732194,732193
2022-04-17,165.0,732359,732358
2022-04-18,134.0,732493,732492
2022-04-19,124.0,732617,732616
2022-04-20,160.0,732777,732776
2022-04-21,169.0,732946,732945
2022-04-22,135.0,733081,733080
2022-04-23,163.0,733244,733243
2022-04-24,171.0,733415,733414
2022-04-25,162.0,733577,733576
2022-04-26,140.0,733717,733716
2022-04-27,170.0,733887,733886
2022-04-28,132.0,734019,734018
2022-04-29,150.0,734169,734168
2022-04-30,150.0,734319,734318
2022-05-01,167.0,734486,734485
2022-05-02,160.0,734646,734645
2022-05-03,150.0,734796,734795
2022-05-04,146.0,734942,734941
2022-05-05,157.0,735099,735098
2022-05-06,142.0,735241,735240
2022-05-07,143.0,735384,735383
2022-05-08,155.0,735539,735538
2022-05-09,155.0,735694,735693
2022-05-10,153.0,735847,735846
2022-05-11,145.0,735992,735991
2022-05-12,135.0,736127,736126
2022-05-13,152.0,736279,736278
2022-05-14,141.0,736420,736419
2022-05-15,122.0,736542,736541
2022-05-16,164.0,736706,736705
2022-05-17,147.0,736853,736852
2022-05-18,134.0,736987,736986
2022-05-19,122.0,737109,737108
2022-05-20,128.0,737237,737236
2022-05-21,135.0,737372,737371
2022-05-22,122.0,737494,737493
2022-05-23,160.0,737654,737653
2022-05-24,120.0,737774,737773
2022-05-25,144.0,737918,737917
2022-05-26,141.0,738059,738058
2022-05-27,138.0,738197,738196
2022-05-28,148.0,738345,738344
2022-05-29,149.0,738494,738493
2022-05-30,154.0,738648,738647
2022-05-31,146.0,738794,738793
2022-06-01,136.0,738930,738929
2022-06-02,125.0,739055,739054
2022-06-03,143.0,739198,739197
2022-06-04,139.0,739337,739336
2022-06-05,146.0,739483,739482
2022-06-06,150.0,739633,739632
2022-06-07,162.0,739795,739794
2022-06-08,178.0,739973,739972
2022-06-09,146.0,740119,740118
2022-06-10,147.0,740266,740265
2022-06-11,154.0,740420,740419
2022-06-12,127.0,740547,740546
2022-06-13,133.0,740680,740679
2022-06-14,146.0,740826,740825
2022-06-15,165.0,740991,740990
2022-06-16,119.0,741110,741109
2022-06-17,108.0,741218,741217
2022-06-18,156.0,741374,741373
2022-06-19,133.0,741507,741506
2022-06-20,132.0,741639,741638
2022-06-21,150.0,741789,741788
2022-06-22,129.0,741918,741917
2022-06-23,152.0,742070,742069
2022-06-24,129.0,742199,742198
2022-06-25,151.0,742350,742349
2022-06-26,138.0,742488,742487
2022-06-27,136.0,742624,742623
2022-06-28,146.0,742770,742769
2022-06-29,151.0,742921,742920
2022-06-30,171.0,743092,743091
2022-07-01,134.0,743226,743225
2022-07-02,138.0,743364,743363
2022-07-03,155.0,743519,743518
2022-07-04,143.0,743662,743661
2022-07-05,118.0,743780,743779
2022-07-06,127.0,743907,743906
2022-07-07,157.0,744064,744063
2022-07-08,148.0,744212,744211
2022-07-09,134.0,744346,744345
2022-07-10,153.0,744499,744498
2022-07-11,123.0,744622,744621
2022-07-12,151.0,744773,744772
2022-07-13,110.0,744883,744882
2022-07-14,124.0,745007,745006
2022-07-15,142.0,745149,745148
2022-07-16,148.0,745297,745296
2022-07-17,124.0,745421,745420
2022-07-18,131.0,745552,745551
2022-07-19,138.0,745690,745689
2022-07-20,126.0,745816,745815
2022-07-21,139.0,745955,745954
2022-07-22,132.0,746087,746086
2022-07-23,154.0,746241,746240
2022-07-24,157.0,746398,746397
2022-07-25,142.0,746540,746539
2022-07-26,160.0,746700,746699
2022-07-27,165.0,746865,746864
2022-07-28,141.0,747006,747005
2022-07-29,146.0,747152,747151
2022-07-30,129.0,747281,747280
2022-07-31,152.0,747433,747432
2022-08-01,136.0,747569,747568
2022-08-02,155.0,747724,747723
2022-08-03,145.0,747869,747868
2022-08-04,132.0,748001,748000
2022-08-05,150.0,748151,748150
2022-08-06,161.0,748312,748311
2022-08-07,159.0,748471,748470
2022-08-08,144.0,748615,748614
2022-08-09,143.0,748758,748757
2022-08-10,148.0,748906,748905
2022-08-11,140.0,749046,749045
2022-08-12,154.0,749200,749199
2022-08-13,139.0,749339,749338
2022-08-14,133.0,749472,749471
2022-08-15,145.0,749617,749616
2022-08-16,148.0,749765,749764
2022-08-17,129.0,749894,749893
2022-08-18,144.0,750038,750037
2022-08-19,178.0,750216,750215
2022-08-20,149.0,750365,750364
2022-08-21,146.0,750511,750510
2022-08-22,145.0,750656,750655
2022-08-23,172.0,750828,750827
2022-08-24,146.0,750974,750973
2022-08-25,159.0,751133,751132
2022-08-26,176.0,751309,751308
2022-08-27,145.0,751454,751453
2022-08-28,161.0,751615,751614
2022-08-29,157.0,751772,751771
2022-08-30,162.0,751934,751933
2022-08-31,146.0,752080,752079
2022-09-01,138.0,752218,752217
2022-09-02,129.0,752347,752346
2022-09-03,147.0,752494,752493
2022-09-04,168.0,752662,752661
2022-09-05,153.0,752815,752814
2022-09-06,142.0,752957,752956
2022-09-07,146.0,753103,753102
2022-09-08,127.0,753230,753229
2022-09-09,147.0,753377,753376
2022-09-10,157.0,753534,753533
2022-09-11,183.0,753717,753716
2022-09-12,153.0,753870,753869
2022-09-13,137.0,754007,754006
2022-09-14,127.0,754134,754133
2022-09-15,147.0,754281,754280
2022-09-16,128.0,754409,754408
2022-09-17,170.0,754579,754578
2022-09-18,154.0,754733,754732
2022-09-19,130.0,754863,754862
2022-09-20,152.0,755015,755014
2022-09-21,141.0,755156,755155
2022-09-22,128.0,755284,755283
2022-09-23,135.0,755419,755418
2022-09-24,146.0,755565,755564
2022-09-25,147.0,755712,755711
2022-09-26,150.0,755862,755861
2022-09-27,129.0,755991,755990
2022-09-28,150.0,756141,756140
2022-09-29,143.0,756284,756283
2022-09-30,169.0,756453,756452
2022-10-01,181.0,756634,756633
2022-10-02,157.0,756791,756790
2022-10-03,154.0,756945,756944
2022-10-04,163.0,757108,757107
2022-10-05,175.0,757283,757282
2022-10-06,159.0,757442,757441
2022-10-07,171.0,757613,757612
2022-10-08,175.0,757788,757787
2022-10-09,158.0,757946,757945
2022-10-10,168.0,758114,758113
2022-10-11,157.0,758271,758270
2022-10-12,137.0,758408,758407
2022-10-13,143.0,758551,758550
2022-10-14,156.0,758707,758706
2022-10-15,152.0,758859,758858
2022-10-16,144.0,759003,759002
2022-10-17,150.0,759153,759152
2022-10-18,142.0,759295,759294
2022-10-19,151.0,759446,759445
2022-10-20,145.0,759591,759590
2022-10-21,156.0,759747,759746
2022-10-22,136.0,759883,759882
2022-10-23,155.0,760038,760037
2022-10-24,136.0,760174,760173
2022-10-25,122.0,760296,760295
2022-10-26,155.0,760451,760450
2022-10-27,135.0,760586,760585
2022-10-28,159.0,760745,760744
2022-10-29,143.0,760888,760887
2022-10-30,135.0,761023,761022
2022-10-31,173.0,761196,761195
2022-11-01,144.0,761340,761339
2022-11-02,122.0,761462,761461
2022-11-03,164.0,761626,761625
2022-11-04,129.0,761755,761754
2022-11-05,151.0,761906,761905
2022-11-06,137.0,762043,762042
2022-11-07,144.0,762187,762186
2022-11-08,163.0,762350,762349
2022-11-09,149.0,762499,762498
2022-11-10,147.0,762646,762645
2022-11-11,134.0,762780,762779
2022-11-12,167.0,762947,762946
2022-11-13,129.0,763076,763075
2022-11-14,123.0,763199,763198
2022-11-15,155.0,763354,763353
2022-11-16,150.0,763504,763503
2022-11-17,138.0,763642,763641
2022-11-18,139.0,763781,763780
2022-11-19,147.0,763928,763927
2022-11-20,149.0,764077,764076
2022-11-21,129.0,764206,764205
2022-11-22,126.0,764332,764331
2022-11-23,141.0,764473,764472
2022-11-24,129.0,764602,764601
2022-11-25,123.0,764725,764724
2022-11-26,109.0,764834,764833
2022-11-27,136.0,764970,764969
2022-11-28,139.0,765109,765108
2022-11-29,131.0,765240,765239
2022-11-30,138.0,765378,765377
2022-12-01,153.0,765531,765530
2022-12-02,125.0,765656,765655
2022-12-03,131.0,765787,765786
2022-12-04,140.0,765927,765926
2022-12-05,146.0,766073,766072
2022-12-06,135.0,766208,766207
2022-12-07,172.0,766380,766379
2022-12-08,167.0,766547,766546
2022-12-09,152.0,766699,766698
2022-12-10,154.0,766853,766852
2022-12-11,147.0,767000,766999
2022-12-12,143.0,767143,767142
2022-12-13,165.0,767308,767307
2022-12-14,148.0,767456,767455
2022-12-15,139.0,767595,767594
2022-12-16,130.0,767725,767724
2022-12-17,138.0,767863,767862
2022-12-18,145.0,768008,768007
2022-12-19,136.0,768144,768143
2022-12-20,140.0,768284,768283
2022-12-21,143.0,768427,768426
2022-12-22,135.0,768562,768561
2022-12-23,132.0,768694,768693
2022-12-24,89.0,768783,768782
2022-12-25,141.0,768924,768923
2022-12-26,129.0,769053,769052
2022-12-27,115.0,769168,769167
2022-12-28,168.0,769336,769335
2022-12-29,141.0,769477,769476
2022-12-30,158.0,769635,769634
2022-12-31,156.0,769791,769790
2023-01-01,155.0,769946,769945
2023-01-02,156.0,770102,770101
2023-01-03,154.0,770256,770255
2023-01-04,143.0,770399,770398
2023-01-05,157.0,770556,770555
2023-01-06,180.0,770736,770735
2023-01-07,154.0,770890,770889
2023-01-08,153.0,771043,771042
2023-01-09,152.0,771195,771194
2023-01-10,169.0,771364,771363
2023-01-11,147.0,771511,771510
2023-01-12,151.0,771662,771661
2023-01-13,159.0,771821,771820
2023-01-14,171.0,771992,771991
2023-01-15,163.0,772155,772154
2023-01-16,147.0,772302,772301
2023-01-17,156.0,772458,772457
2023-01-18,140.0,772598,772597
2023-01-19,145.0,772743,772742
2023-01-20,132.0,772875,772874
2023-01-21,138.0,773013,773012
2023-01-22,151.0,773164,773163
2023-01-23,158.0,773322,773321
2023-01-24,129.0,773451,773450
2023-01-25,175.0,773626,773625
2023-01-26,155.0,773781,773780
2023-01-27,154.0,773935,773934
2023-01-28,168.0,774103,774102
2023-01-29,161.0,774264,774263
2023-01-30,138.0,774402,774401
2023-01-31,115.0,774517,774516
2023-02-01,137.0,774654,774653
2023-02-02,145.0,774799,774798
2023-02-03,133.0,774932,774931
2023-02-04,136.0,775068,775067
2023-02-05,152.0,775220,775219
2023-02-06,148.0,775368,775367
2023-02-07,142.0,775510,775509
2023-02-08,138.0,775648,775647
2023-02-09,162.0,775810,775809
2023-02-10,147.0,775957,775956
2023-02-11,148.0,776105,776104
2023-02-12,162.0,776267,776266
2023-02-13,156.0,776423,776422
2023-02-14,154.0,776577,776576
2023-02-15,163.0,776740,776739
2023-02-16,179.0,776919,776918
2023-02-17,165.0,777084,777083
2023-02-18,168.0,777252,777251
2023-02-19,162.0,777414,777413
2023-02-20,147.0,777561,777560
2023-02-21,167.0,777728,777727
2023-02-22,140.0,777868,777867
2023-02-23,171.0,778039,778038
2023-02-24,135.0,778174,778173
2023-02-25,107.0,778281,778280
2023-02-26,168.0,778449,778448
2023-02-27,140.0,778589,778588
2023-02-28,137.0,778726,778725
2023-03-01,170.0,778896,778895
2023-03-02,144.0,779040,779039
2023-03-03,168.0,779208,779207
2023-03-04,152.0,779360,779359
2023-03-05,155.0,779515,779514
2023-03-06,132.0,779647,779646
2023-03-07,165.0,779812,779811
2023-03-08,133.0,779945,779944
2023-03-09,135.0,780080,780079
2023-03-10,136.0,780216,780215
2023-03-11,165.0,780381,780380
2023-03-12,161.0,780542,780541
2023-03-13,157.0,780699,780698
2023-03-14,146.0,780845,780844
2023-03-15,147.0,780992,780991
2023-03-16,134.0,781126,781125
2023-03-17,147.0,781273,781272
2023-03-18,162.0,781435,781434
2023-03-19,148.0,781583,781582
2023-03-20,154.0,781737,781736
2023-03-21,145.0,781882,781881
2023-03-22,159.0,782041,782040
2023-03-23,183.0,782224,782223
2023-03-24,162.0,782386,782385
2023-03-25,145.0,782531,782530
2023-03-26,144.0,782675,782674
2023-03-27,148.0,782823,782822
2023-03-28,134.0,782957,782956
2023-03-29,147.0,783104,783103
2023-03-30,155.0,783259,783258
2023-03-31,141.0,783400,783399
2023-04-01,140.0,783540,783539
2023-04-02,149.0,783689,783688
2023-04-03,131.0,783820,783819
2023-04-04,162.0,783982,783981
2023-04-05,139.0,784121,784120
2023-04-06,160.0,784281,784280
2023-04-07,142.0,784423,784422
2023-04-08,147.0,784570,784569
2023-04-09,146.0,784716,784715
2023-04-10,123.0,784839,784838
2023-04-11,154.0,784993,784992
2023-04-12,160.0,785153,785152
2023-04-13,142.0,785295,785294
2023-04-14,140.0,785435,785434
2023-04-15,158.0,785593,785592
2023-04-16,124.0,785717,785716
2023-04-17,155.0,785872,785871
2023-04-18,166.0,786038,786037
2023-04-19,139.0,786177,786176
2023-04-20,133.0,786310,786309
2023-04-21,145.0,786455,786454
2023-04-22,149.0,786604,786603
2023-04-23,147.0,786751,786750
2023-04-24,141.0,786892,786891
2023-04-25,125.0,787017,787016
2023-04-26,130.0,787147,787146
2023-04-27,130.0,787277,787276
2023-04-28,147.0,787424,787423
2023-04-29,137.0,787561,787560
2023-04-30,148.0,787709,787708
2023-05-01,182.0,787891,787890
2023-05-02,129.0,788020,788019
2023-05-03,141.0,788161,788160
2023-05-04,146.0,788307,788306
2023-05-05,119.0,788426,788425
2023-05-06,149.0,788575,788574
2023-05-07,139.0,788714,788713
2023-05-08,137.0,788851,788850
2023-05-09,151.0,789002,789001
2023-05-10,170.0,789172,789171
2023-05-11,151.0,789323,789322
2023-05-12,141.0,789464,789463
2023-05-13,145.0,789609,789608
2023-05-14,174.0,789783,789782
2023-05-15,147.0,789930,789929
2023-05-16,153.0,790083,790082
2023-05-17,160.0,790243,790242
2023-05-18,141.0,790384,790383
2023-05-19,150.0,790534,790533
2023-05-20,131.0,790665,790664
2023-05-21,151.0,790816,790815
2023-05-22,144.0,790960,790959
2023-05-23,154.0,791114,791113
2023-05-24,141.0,791255,791254
2023-05-25,151.0,791406,791405
2023-05-26,153.0,791559,791558
2023-05-27,145.0,791704,791703
2023-05-28,160.0,791864,791863
2023-05-29,162.0,792026,792025
2023-05-30,154.0,792180,792179
2023-05-31,141.0,792321,792320
2023-06-01,132.0,792453,792452
2023-06-02,164.0,792617,792616
2023-06-03,130.0,792747,792746
2023-06-04,148.0,792895,792894
2023-06-05,138.0,793033,793032
2023-06-06,151.0,793184,793183
2023-06-07,135.0,793319,793318
2023-06-08,154.0,793473,793472
2023-06-09,169.0,793642,793641
2023-06-10,154.0,793796,793795
2023-06-11,163.0,793959,793958
2023-06-12,157.0,794116,794115
2023-06-13,147.0,794263,794262
2023-06-14,121.0,794384,794383
2023-06-15,148.0,794532,794531
2023-06-16,153.0,794685,794684
2023-06-17,140.0,794825,794824
2023-06-18,151.0,794976,794975
2023-06-19,142.0,795118,795117
2023-06-20,136.0,795254,795253
2023-06-21,121.0,795375,795374
2023-06-22,137.0,795512,795511
2023-06-23,125.0,795637,795636
2023-06-24,146.0,795783,795782
2023-06-25,153.0,795936,795935
2023-06-26,146.0,796082,796081
2023-06-27,140.0,796222,796221
2023-06-28,108.0,796330,796329
2023-06-29,146.0,796476,796475
2023-06-30,158.0,796634,796633
2023-07-01,133.0,796767,796766
2023-07-02,171.0,796938,796937
2023-07-03,137.0,797075,797074
2023-07-04,141.0,797216,797215
2023-07-05,156.0,797372,797371
2023-07-06,139.0,797511,797510
2023-07-07,175.0,797686,797685
2023-07-08,178.0,797864,797863
2023-07-09,169.0,798033,798032
2023-07-10,154.0,798187,798186
2023-07-11,135.0,798322,798321
2023-07-12,144.0,798466,798465
2023-07-13,120.0,798586,798585
2023-07-14,138.0,798724,798723
2023-07-15,138.0,798862,798861
2023-07-16,155.0,799017,799016
2023-07-17,136.0,799153,799152
2023-07-18,162.0,799315,799314
2023-07-19,148.0,799463,799462
2023-07-20,128.0,799591,799590
2023-07-21,112.0,799703,799702
2023-07-22,134.0,799837,799836
2023-07-23,147.0,799984,799983
2023-07-24,150.0,800134,800133
2023-07-25,138.0,800272,800271
2023-07-26,144.0,800416,800415
2023-07-27,138.0,800554,800553
2023-07-28,140.0,800694,800693
2023-07-29,132.0,800826,800825
2023-07-30,168.0,800994,800993
2023-07-31,141.0,801135,801134
2023-08-01,139.0,801274,801273
2023-08-02,154.0,801428,801427
2023-08-03,151.0,801579,801578
2023-08-04,121.0,801700,801699
2023-08-05,154.0,801854,801853
2023-08-06,164.0,802018,802017
2023-08-07,146.0,802164,802163
2023-08-08,125.0,802289,802288
2023-08-09,162.0,802451,802450
2023-08-10,127.0,802578,802577
2023-08-11,151.0,802729,802728
2023-08-12,167.0,802896,802895
2023-08-13,135.0,803031,803030
2023-08-14,171.0,803202,803201
2023-08-15,171.0,803373,803372
2023-08-16,163.0,803536,803535
2023-08-17,156.0,803692,803691
2023-08-18,139.0,803831,803830
2023-08-19,140.0,803971,803970
2023-08-20,162.0,804133,804132
2023-08-21,165.0,804298,804297
2023-08-22,143.0,804441,804440
2023-08-23,142.0,804583,804582
2023-08-24,139.0,804722,804721
2023-08-25,135.0,804857,804856
2023-08-26,137.0,804994,804993
2023-08-27,116.0,805110,805109
2023-08-28,118.0,805228,805227
2023-08-29,158.0,805386,805385
2023-08-30,126.0,805512,805511
2023-08-31,144.0,805656,805655
2023-09-01,151.0,805807,805806
2023-09-02,152.0,805959,805958
2023-09-03,158.0,806117,806116
2023-09-04,149.0,806266,806265
2023-09-05,124.0,806390,806389
2023-09-06,135.0,806525,806524
2023-09-07,146.0,806671,806670
2023-09-08,133.0,806804,806803
2023-09-09,151.0,806955,806954
2023-09-10,147.0,807102,807101
2023-09-11,159.0,807261,807260
2023-09-12,141.0,807402,807401
2023-09-13,147.0,807549,807548
2023-09-14,162.0,807711,807710
2023-09-15,188.0,807899,807898
2023-09-16,155.0,808054,808053
2023-09-17,149.0,808203,808202
2023-09-18,156.0,808359,808358
2023-09-19,139.0,808498,808497
2023-09-20,146.0,808644,808643
2023-09-21,138.0,808782,808781
2023-09-22,129.0,808911,808910
2023-09-23,156.0,809067,809066
2023-09-24,146.0,809213,809212
2023-09-25,145.0,809358,809357
2023-09-26,136.0,809494,809493
2023-09-27,157.0,809651,809650
2023-09-28,146.0,809797,809796
2023-09-29,147.0,809944,809943
2023-09-30,138.0,810082,810081
2023-10-01,141.0,810223,810222
2023-10-02,157.0,810380,810379
2023-10-03,164.0,810544,810543
2023-10-04,131.0,810675,810674
2023-10-05,141.0,810816,810815
2023-10-06,160.0,810976,810975
2023-10-07,171.0,811147,811146
2023-10-08,148.0,811295,811294
2023-10-09,156.0,811451,811450
2023-10-10,162.0,811613,811612
2023-10-11,160.0,811773,811772
2023-10-12,165.0,811938,811937
2023-10-13,138.0,812076,812075
2023-10-14,146.0,812222,812221
2023-10-15,167.0,812389,812388
2023-10-16,141.0,812530,812529
2023-10-17,162.0,812692,812691
2023-10-18,145.0,812837,812836
2023-10-19,140.0,812977,812976
2023-10-20,134.0,813111,813110
2023-10-21,150.0,813261,813260
2023-10-22,153.0,813414,813413
2023-10-23,157.0,813571,813570
2023-10-24,126.0,813697,813696
2023-10-25,144.0,813841,813840
2023-10-26,150.0,813991,813990
2023-10-27,154.0,814145,814144
2023-10-28,160.0,814305,814304
2023-10-29,137.0,814442,814441
2023-10-30,156.0,814598,814597
2023-10-31,155.0,814753,814752
2023-11-01,149.0,814902,814901
2023-11-02,144.0,815046,815045
2023-11-03,136.0,815182,815181
2023-11-04,168.0,815350,815349
2023-11-05,163.0,815513,815512
2023-11-06,127.0,815640,815639
2023-11-07,133.0,815773,815772
2023-11-08,149.0,815922,815921
2023-11-09,143.0,816065,816064
2023-11-10,154.0,816219,816218
2023-11-11,160.0,816379,816378
2023-11-12,161.0,816540,816539
2023-11-13,121.0,816661,816660
2023-11-14,138.0,816799,816798
2023-11-15,148.0,816947,816946
2023-11-16,148.0,817095,817094
2023-11-17,150.0,817245,817244
2023-11-18,149.0,817394,817393
2023-11-19,170.0,817564,817563
2023-11-20,166.0,817730,817729
2023-11-21,152.0,817882,817881
2023-11-22,142.0,818024,818023
2023-11-23,147.0,818171,818170
2023-11-24,168.0,818339,818338
2023-11-25,159.0,818498,818497
2023-11-26,146.0,818644,818643
2023-11-27,130.0,818774,818773
2023-11-28,147.0,818921,818920
2023-11-29,136.0,819057,819056
2023-11-30,134.0,819191,819190
2023-12-01,169.0,819360,819359
2023-12-02,127.0,819487,819486
2023-12-03,165.0,819652,819651
2023-12-04,155.0,819807,819806
2023-12-05,138.0,819945,819944
2023-12-06,136.0,820081,820080
2023-12-07,115.0,820196,820195
2023-12-08,135.0,820331,820330
2023-12-09,157.0,820488,820487
2023-12-10,140.0,820628,820627
2023-12-11,158.0,820786,820785
2023-12-12,144.0,820930,820929
2023-12-13,149.0,821079,821078
2023-12-14,146.0,821225,821224
2023-12-15,163.0,821388,821387
2023-12-16,152.0,821540,821539
2023-12-17,150.0,821690,821689
2023-12-18,168.0,821858,821857
2023-12-19,162.0,822020,822019
2023-12-20,145.0,822165,822164
2023-12-21,146.0,822311,822310
2023-12-22,168.0,822479,822478
2023-12-23,160.0,822639,822638
2023-12-24,171.0,822810,822809
2023-12-25,139.0,822949,822948
2023-12-26,139.0,823088,823087
2023-12-27,129.0,823217,823216
2023-12-28,121.0,823338,823337
2023-12-29,151.0,823489,823488
2023-12-30,145.0,823634,823633
2023-12-31,156.0,823790,823789
2024-01-01,155.0,823945,823944
2024-01-02,131.0,824076,824075
2024-01-03,158.0,824234,824233
2024-01-04,170.0,824404,824403
2024-01-05,138.0,824542,824541
2024-01-06,140.0,824682,824681
2024-01-07,118.0,824800,824799
2024-01-08,123.0,824923,824922
2024-01-09,152.0,825075,825074
2024-01-10,133.0,825208,825207
2024-01-11,173.0,825381,825380
2024-01-12,168.0,825549,825548
2024-01-13,159.0,825708,825707
2024-01-14,128.0,825836,825835
2024-01-15,114.0,825950,825949
2024-01-16,125.0,826075,826074
2024-01-17,121.0,826196,826195
2024-01-18,142.0,826338,826337
2024-01-19,132.0,826470,826469
2024-01-20,143.0,826613,826612
2024-01-21,140.0,826753,826752
2024-01-22,160.0,826913,826912
2024-01-23,154.0,827067,827066
2024-01-24,150.0,827217,827216
2024-01-25,181.0,827398,827397
2024-01-26,152.0,827550,827549
2024-01-27,171.0,827721,827720
2024-01-28,160.0,827881,827880
2024-01-29,156.0,828037,828036
2024-01-30,144.0,828181,828180
2024-01-31,131.0,828312,828311
2024-02-01,153.0,828465,828464
2024-02-02,188.0,828653,828652
2024-02-03,151.0,828804,828803
2024-02-04,155.0,828959,828958
2024-02-05,156.0,829115,829114
2024-02-06,170.0,829285,829284
2024-02-07,160.0,829445,829444
2024-02-08,138.0,829583,829582
2024-02-09,166.0,829749,829748
2024-02-10,152.0,829901,829900
2024-02-11,137.0,830038,830037
2024-02-12,179.0,830217,830216
2024-02-13,135.0,830352,830351
2024-02-14,139.0,830491,830490
2024-02-15,157.0,830648,830647
2024-02-16,134.0,830782,830781
2024-02-17,150.0,830932,830931
2024-02-18,121.0,831053,831052
2024-02-19,136.0,831189,831188
2024-02-20,141.0,831330,831329
2024-02-21,138.0,831468,831467
2024-02-22,135.0,831603,831602
2024-02-23,159.0,831762,831761
2024-02-24,137.0,831899,831898
2024-02-25,164.0,832063,832062
2024-02-26,133.0,832196,832195
2024-02-27,129.0,832325,832324
2024-02-28,149.0,832474,832473
2024-02-29,133.0,832607,832606
2024-03-01,154.0,832761,832760
2024-03-02,127.0,832888,832887
2024-03-03,155.0,833043,833042
2024-03-04,129.0,833172,833171
2024-03-05,167.0,833339,833338
2024-03-06,140.0,833479,833478
2024-03-07,180.0,833659,833658
2024-03-08,154.0,833813,833812
2024-03-09,163.0,833976,833975
2024-03-10,143.0,834119,834118
2024-03-11,170.0,834289,834288
2024-03-12,141.0,834430,834429
2024-03-13,160.0,834590,834589
2024-03-14,141.0,834731,834730
2024-03-15,127.0,834858,834857
2024-03-16,144.0,835002,835001
2024-03-17,146.0,835148,835147
2024-03-18,144.0,835292,835291
2024-03-19,157.0,835449,835448
2024-03-20,149.0,835598,835597
2024-03-21,120.0,835718,835717
2024-03-22,135.0,835853,835852
2024-03-23,156.0,836009,836008
2024-03-24,170.0,836179,836178
2024-03-25,132.0,836311,836310
2024-03-26,134.0,836445,836444
2024-03-27,136.0,836581,836580
2024-03-28,152.0,836733,836732
2024-03-29,144.0,836877,836876
2024-03-30,155.0,837032,837031
2024-03-31,137.0,837169,837168
2024-04-01,150.0,837319,837318
2024-04-02,148.0,837467,837466
2024-04-03,142.0,837609,837608
2024-04-04,138.0,837747,837746
2024-04-05,148.0,837895,837894
2024-04-06,155.0,838050,838049
2024-04-07,170.0,838220,838219
2024-04-08,158.0,838378,838377
2024-04-09,146.0,838524,838523
2024-04-10,151.0,838675,838674
2024-04-11,132.0,838807,838806
2024-04-12,136.0,838943,838942
2024-04-13,164.0,839107,839106
2024-04-14,157.0,839264,839263
2024-04-15,141.0,839405,839404
2024-04-16,165.0,839570,839569
2024-04-17,137.0,839707,839706
2024-04-18,145.0,839852,839851
2024-04-19,151.0,840003,840002
2024-04-20,130.0,840133,840132
2024-04-21,140.0,840273,840272
2024-04-22,152.0,840425,840424
2024-04-23,168.0,840593,840592
2024-04-24,155.0,840748,840747
2024-04-25,143.0,840891,840890
2024-04-26,133.0,841024,841023
2024-04-27,140.0,841164,841163
2024-04-28,140.0,841304,841303
2024-04-29,131.0,841435,841434
2024-04-30,141.0,841576,841575
2024-05-01,132.0,841708,841707
2024-05-02,145.0,841853,841852
2024-05-03,129.0,841982,841981
2024-05-04,141.0,842123,842122
2024-05-05,139.0,842262,842261
2024-05-06,122.0,842384,842383
2024-05-07,122.0,842506,842505
2024-05-08,127.0,842633,842632
2024-05-09,145.0,842778,842777
2024-05-10,145.0,842923,842922
2024-05-11,159.0,843082,843081
2024-05-12,132.0,843214,843213
2024-05-13,147.0,843361,843360
2024-05-14,136.0,843497,843496
2024-05-15,141.0,843638,843637
2024-05-16,142.0,843780,843779
2024-05-17,155.0,843935,843934
2024-05-18,128.0,844063,844062
2024-05-19,154.0,844217,844216
2024-05-20,156.0,844373,844372
2024-05-21,138.0,844511,844510
2024-05-22,153.0,844664,844663
2024-05-23,169.0,844833,844832
2024-05-24,160.0,844993,844992
2024-05-25,160.0,845153,845152
2024-05-26,168.0,845321,845320
2024-05-27,123.0,845444,845443
2024-05-28,134.0,845578,845577
2024-05-29,137.0,845715,845714
2024-05-30,123.0,845838,845837
2024-05-31,148.0,845986,845985
2024-06-01,141.0,846127,846126
2024-06-02,140.0,846267,846266
2024-06-03,157.0,846424,846423
2024-06-04,134.0,846558,846557
2024-06-05,123.0,846681,846680
2024-06-06,133.0,846814,846813
2024-06-07,142.0,846956,846955
2024-06-08,172.0,847128,847127
2024-06-09,153.0,847281,847280
2024-06-10,139.0,847420,847419
2024-06-11,123.0,847543,847542
2024-06-12,146.0,847689,847688
2024-06-13,145.0,847834,847833
2024-06-14,128.0,847962,847961
2024-06-15,134.0,848096,848095
2024-06-16,163.0,848259,848258
2024-06-17,140.0,848399,848398
2024-06-18,152.0,848551,848550
2024-06-19,137.0,848688,848687
2024-06-20,133.0,848821,848820
2024-06-21,140.0,848961,848960
2024-06-22,152.0,849113,849112
2024-06-23,112.0,849225,849224
2024-06-24,152.0,849377,849376
2024-06-25,124.0,849501,849500
2024-06-26,121.0,849622,849621
2024-06-27,130.0,849752,849751
2024-06-28,135.0,849887,849886
2024-06-29,157.0,850044,850043
2024-06-30,121.0,850165,850164
2024-07-01,141.0,850306,850305
2024-07-02,148.0,850454,850453
2024-07-03,145.0,850599,850598
2024-07-04,140.0,850739,850738
2024-07-05,121.0,850860,850859
2024-07-06,165.0,851025,851024
2024-07-07,141.0,851166,851165
2024-07-08,159.0,851325,851324
2024-07-09,154.0,851479,851478
2024-07-10,136.0,851615,851614
2024-07-11,140.0,851755,851754
2024-07-12,150.0,851905,851904
2024-07-13,154.0,852059,852058
2024-07-14,167.0,852226,852225
2024-07-15,153.0,852379,852378
2024-07-16,147.0,852526,852525
2024-07-17,159.0,852685,852684
2024-07-18,129.0,852814,852813
2024-07-19,147.0,852961,852960
2024-07-20,165.0,853126,853125
2024-07-21,169.0,853295,853294
2024-07-22,179.0,853474,853473
2024-07-23,169.0,853643,853642
2024-07-24,140.0,853783,853782
2024-07-25,163.0,853946,853945
2024-07-26,160.0,854106,854105
2024-07-27,154.0,854260,854259
2024-07-28,148.0,854408,854407
2024-07-29,178.0,854586,854585
2024-07-30,150.0,854736,854735
2024-07-31,141.0,854877,854876
2024-08-01,140.0,855017,855016
2024-08-02,125.0,855142,855141
2024-08-03,135.0,855277,855276
2024-08-04,143.0,855420,855419
2024-08-05,156.0,855576,855575
2024-08-06,140.0,855716,855715
2024-08-07,122.0,855838,855837
2024-08-08,129.0,855967,855966
2024-08-09,130.0,856097,856096
2024-08-10,129.0,856226,856225
2024-08-11,161.0,856387,856386
2024-08-12,137.0,856524,856523
2024-08-13,149.0,856673,856672
2024-08-14,132.0,856805,856804
2024-08-15,160.0,856965,856964
2024-08-16,142.0,857107,857106
2024-08-17,149.0,857256,857255
2024-08-18,156.0,857412,857411
2024-08-19,130.0,857542,857541
2024-08-20,150.0,857692,857691
2024-08-21,147.0,857839,857838
2024-08-22,160.0,857999,857998
2024-08-23,164.0,858163,858162
2024-08-24,153.0,858316,858315
2024-08-25,133.0,858449,858448
2024-08-26,134.0,858583,858582
2024-08-27,142.0,858725,858724
2024-08-28,161.0,858886,858885
2024-08-29,132.0,859018,859017
2024-08-30,142.0,859160,859159
2024-08-31,147.0,859307,859306
2024-09-01,142.0,859449,859448
2024-09-02,167.0,859616,859615
2024-09-03,149.0,859765,859764
2024-09-04,151.0,859916,859915
2024-09-05,155.0,860071,860070
2024-09-06,145.0,860216,860215
2024-09-07,158.0,860374,860373
2024-09-08,167.0,860541,860540
2024-09-09,145.0,860686,860685
2024-09-10,137.0,860823,860822
2024-09-11,108.0,860931,860930
2024-09-12,152.0,861083,861082
2024-09-13,123.0,861206,861205
2024-09-14,139.0,861345,861344
2024-09-15,151.0,861496,861495
2024-09-16,125.0,861621,861620
2024-09-17,150.0,861771,861770
2024-09-18,138.0,861909,861908
2024-09-19,122.0,862031,862030
2024-09-20,145.0,862176,862175
2024-09-21,135.0,862311,862310
2024-09-22,136.0,862447,862446
2024-09-23,146.0,862593,862592
2024-09-24,145.0,862738,862737
2024-09-25,144.0,862882,862881
2024-09-26,130.0,863012,863011
2024-09-27,137.0,863149,863148
2024-09-28,129.0,863278,863277
2024-09-29,155.0,863433,863432
2024-09-30,137.0,863570,863569
2024-10-01,157.0,863727,863726
2024-10-02,155.0,863882,863881
2024-10-03,158.0,864040,864039
2024-10-04,169.0,864209,864208
2024-10-05,151.0,864360,864359
2024-10-06,152.0,864512,864511
2024-10-07,155.0,864667,864666
2024-10-08,167.0,864834,864833
2024-10-09,127.0,864961,864960
2024-10-10,155.0,865116,865115
2024-10-11,140.0,865256,865255
2024-10-12,143.0,865399,865398
2024-10-13,138.0,865537,865536
2024-10-14,139.0,865676,865675
2024-10-15,156.0,865832,865831
2024-10-16,141.0,865973,865972
2024-10-17,157.0,866130,866129
2024-10-18,136.0,866266,866265
2024-10-19,173.0,866439,866438
2024-10-20,173.0,866612,866611
2024-10-21,171.0,866783,866782
2024-10-22,138.0,866921,866920
2024-10-23,151.0,867072,867071
2024-10-24,147.0,867219,867218
2024-10-25,153.0,867372,867371
2024-10-26,146.0,867518,867517
2024-10-27,161.0,867679,867678
2024-10-28,168.0,867847,867846
2024-10-29,157.0,868004,868003
2024-10-30,169.0,868173,868172
2024-10-31,158.0,868331,868330
2024-11-01,153.0,868484,868483
2024-11-02,141.0,868625,868624
2024-11-03,132.0,868757,868756
2024-11-04,151.0,868908,868907
2024-11-05,139.0,869047,869046
2024-11-06,153.0,869200,869199
2024-11-07,156.0,869356,869355
2024-11-08,142.0,869498,869497
2024-11-09,139.0,869637,869636
2024-11-10,148.0,869785,869784
2024-11-11,136.0,869921,869920
2024-11-12,146.0,870067,870066
2024-11-13,138.0,870205,870204
2024-11-14,127.0,870332,870331
2024-11-15,150.0,870482,870481
2024-11-16,157.0,870639,870638
2024-11-17,150.0,870789,870788
2024-11-18,156.0,870945,870944
2024-11-19,175.0,871120,871119
2024-11-20,147.0,871267,871266
2024-11-21,144.0,871411,871410
2024-11-22,143.0,871554,871553
2024-11-23,138.0,871692,871691
2024-11-24,134.0,871826,871825
2024-11-25,169.0,871995,871994
2024-11-26,139.0,872134,872133
2024-11-27,133.0,872267,872266
2024-11-28,142.0,872409,872408
2024-11-29,121.0,872530,872529
2024-11-30,164.0,872694,872693
2024-12-01,158.0,872852,872851
2024-12-02,127.0,872979,872978
2024-12-03,157.0,873136,873135
2024-12-04,147.0,873283,873282
2024-12-05,155.0,873438,873437
2024-12-06,136.0,873574,873573
2024-12-07,142.0,873716,873715
2024-12-08,146.0,873862,873861
2024-12-09,167.0,874029,874028
2024-12-10,154.0,874183,874182
2024-12-11,142.0,874325,874324
2024-12-12,148.0,874473,874472
2024-12-13,170.0,874643,874642
2024-12-14,159.0,874802,874801
2024-12-15,137.0,874939,874938
2024-12-16,148.0,875087,875086
2024-12-17,136.0,875223,875222
2024-12-18,144.0,875367,875366
2024-12-19,145.0,875512,875511
2024-12-20,151.0,875663,875662
2024-12-21,145.0,875808,875807
2024-12-22,155.0,875963,875962
2024-12-23,139.0,876102,876101
2024-12-24,132.0,876234,876233
2024-12-25,151.0,876385,876384
2024-12-26,131.0,876516,876515
2024-12-27,158.0,876674,876673
2024-12-28,143.0,876817,876816
2024-12-29,158.0,876975,876974
2024-12-30,159.0,877134,877133
2024-12-31,129.0,877263,877262
2025-01-01,140.0,877403,877402
2025-01-02,167.0,877570,877569
2025-01-03,142.0,877712,877711
2025-01-04,149.0,877861,877860
2025-01-05,156.0,878017,878016
2025-01-06,133.0,878150,878149
2025-01-07,134.0,878284,878283
2025-01-08,125.0,878409,878408
2025-01-09,152.0,878561,878560
2025-01-10,142.0,878703,878702
2025-01-11,138.0,878841,878840
2025-01-12,172.0,879013,879012
2025-01-13,128.0,879141,879140
2025-01-14,154.0,879295,879294
2025-01-15,139.0,879434,879433
2025-01-16,128.0,879562,879561
2025-01-17,150.0,879712,879711
2025-01-18,130.0,879842,879841
2025-01-19,150.0,879992,879991
2025-01-20,152.0,880144,880143
2025-01-21,133.0,880277,880276
2025-01-22,150.0,880427,880426
2025-01-23,136.0,880563,880562
2025-01-24,140.0,880703,880702
2025-01-25,128.0,880831,880830
2025-01-26,137.0,880968,880967
2025-01-27,156.0,881124,881123
2025-01-28,148.0,881272,881271
2025-01-29,155.0,881427,881426
2025-01-30,145.0,881572,881571
2025-01-31,125.0,881697,881696
2025-02-01,184.0,881881,881880
2025-02-02,171.0,882052,882051
2025-02-03,153.0,882205,882204
2025-02-04,131.0,882336,882335
2025-02-05,144.0,882480,882479
2025-02-06,145.0,882625,882624
2025-02-07,173.0,882798,882797
2025-02-08,160.0,882958,882957
2025-02-09,143.0,883101,883100
2025-02-10,139.0,883240,883239
2025-02-11,124.0,883364,883363
2025-02-12,133.0,883497,883496
2025-02-13,158.0,883655,883654
2025-02-14,152.0,883807,883806
2025-02-15,160.0,883967,883966
2025-02-16,151.0,884118,884117
2025-02-17,137.0,884255,884254
2025-02-18,140.0,884395,884394
2025-02-19,126.0,884521,884520
2025-02-20,130.0,884651,884650
2025-02-21,129.0,884780,884779
2025-02-22,139.0,884919,884918
2025-02-23,129.0,885048,885047
2025-02-24,130.0,885178,885177
2025-02-25,147.0,885325,885324
2025-02-26,157.0,885482,885481
2025-02-27,150.0,885632,885631
2025-02-28,156.0,885788,885787
2025-03-01,144.0,885932,885931
2025-03-02,126.0,886058,886057
2025-03-03,150.0,886208,886207
2025-03-04,146.0,886354,886353
2025-03-05,134.0,886488,886487
2025-03-06,170.0,886658,886657
2025-03-07,142.0,886800,886799
2025-03-08,137.0,886937,886936
2025-03-09,159.0,887096,887095
2025-03-10,154.0,887250,887249
2025-03-11,138.0,887388,887387
2025-03-12,153.0,887541,887540
2025-03-13,159.0,887700,887699
2025-03-14,142.0,887842,887841
2025-03-15,132.0,887974,887973
2025-03-16,145.0,888119,888118
2025-03-17,140.0,888259,888258
2025-03-18,142.0,888401,888400
2025-03-19,152.0,888553,888552
2025-03-20,142.0,888695,888694
2025-03-21,145.0,888840,888839
2025-03-22,150.0,888990,888989
2025-03-23,156.0,889146,889145
2025-03-24,154.0,889300,889299
2025-03-25,149.0,889449,889448
2025-03-26,152.0,889601,889600
2025-03-27,148.0,889749,889748
2025-03-28,154.0,889903,889902
2025-03-29,141.0,890044,890043
2025-03-30,137.0,890181,890180
2025-03-31,148.0,890329,890328
2025-04-01,135.0,890464,890463
2025-04-02,172.0,890636,890635
2025-04-03,152.0,890788,890787
2025-04-04,180.0,890968,890967
2025-04-05,164.0,891132,891131
2025-04-06,145.0,891277,891276
2025-04-07,145.0,891422,891421
2025-04-08,153.0,891575,891574
2025-04-09,131.0,891706,891705
2025-04-10,144.0,891850,891849
2025-04-11,148.0,891998,891997
2025-04-12,144.0,892142,892141
2025-04-13,172.0,892314,892313
2025-04-14,149.0,892463,892462
2025-04-15,144.0,892607,892606
2025-04-16,148.0,892755,892754
2025-04-17,153.0,892908,892907
2025-04-18,136.0,893044,893043
2025-04-19,139.0,893183,893182
2025-04-20,123.0,893306,893305
2025-04-21,126.0,893432,893431
2025-04-22,155.0,893587,893586
2025-04-23,114.0,893701,893700
2025-04-24,141.0,893842,893841
2025-04-25,144.0,893986,893985
2025-04-26,133.0,894119,894118
2025-04-27,135.0,894254,894253
2025-04-28,141.0,894395,894394
2025-04-29,146.0,894541,894540
2025-04-30,132.0,894673,894672
2025-05-01,135.0,894808,894807
2025-05-02,159.0,894967,894966
2025-05-03,164.0,895131,895130
2025-05-04,139.0,895270,895269
2025-05-05,175.0,895445,895444
2025-05-06,138.0,895583,895582
2025-05-07,151.0,895734,895733
2025-05-08,159.0,895893,895892
2025-05-09,140.0,896033,896032
2025-05-10,150.0,896183,896182
2025-05-11,149.0,896332,896331
2025-05-12,145.0,896477,896476
2025-05-13,130.0,896607,896606
2025-05-14,144.0,896751,896750
2025-05-15,146.0,896897,896896
2025-05-16,136.0,897033,897032
2025-05-17,143.0,897176,897175
2025-05-18,162.0,897338,897337
2025-05-19,141.0,897479,897478
2025-05-20,148.0,897627,897626
2025-05-21,144.0,897771,897770
2025-05-22,150.0,897921,897920
2025-05-23,155.0,898076,898075
2025-05-24,141.0,898217,898216
2025-05-25,151.0,898368,898367
2025-05-26,153.0,898521,898520
2025-05-27,141.0,898662,898661
2025-05-28,164.0,898826,898825
2025-05-29,159.0,898985,898984
2025-05-30,155.0,899140,899139
2025-05-31,161.0,899301,899300
2025-06-01,133.0,899434,899433
2025-06-02,133.0,899567,899566
2025-06-03,144.0,899711,899710
2025-06-04,126.0,899837,899836
2025-06-05,134.0,899971,899970
2025-06-06,134.0,900105,900104
2025-06-07,143.0,900248,900247
2025-06-08,153.0,900401,900400
2025-06-09,140.0,900541,900540
2025-06-10,169.0,900710,900709
2025-06-11,141.0,900851,900850
2025-06-12,148.0,900999,900998
2025-06-13,145.0,901144,901143
2025-06-14,151.0,901295,901294
2025-06-15,136.0,901431,901430
2025-06-16,146.0,901577,901576
2025-06-17,118.0,901695,901694
2025-06-18,140.0,901835,901834
2025-06-19,127.0,901962,901961
2025-06-20,151.0,902113,902112
2025-06-21,141.0,902254,902253
2025-06-22,107.0,902361,902360
2025-06-23,107.0,902468,902467
2025-06-24,117.0,902585,902584
2025-06-25,143.0,902728,902727
2025-06-26,157.0,902885,902884
2025-06-27,115.0,903000,902999
2025-06-28,145.0,903145,903144
2025-06-29,169.0,903314,903313
2025-06-30,145.0,903459,903458
2025-07-01,134.0,903593,903592
2025-07-02,153.0,903746,903745
2025-07-03,151.0,903897,903896
2025-07-04,159.0,904056,904055
2025-07-05,157.0,904213,904212
2025-07-06,160.0,904373,904372
2025-07-07,151.0,904524,904523
2025-07-08,142.0,904666,904665
2025-07-09,164.0,904830,904829
2025-07-10,171.0,905001,905000
2025-07-11,150.0,905151,905150
2025-07-12,149.0,905300,905299
2025-07-13,137.0,905437,905436
2025-07-14,145.0,905582,905581
2025-07-15,164.0,905746,905745
2025-07-16,131.0,905877,905876
2025-07-17,136.0,906013,906012
2025-07-18,144.0,906157,906156
2025-07-19,142.0,906299,906298
2025-07-20,149.0,906448,906447
2025-07-21,150.0,906598,906597
2025-07-22,150.0,906748,906747
2025-07-23,140.0,906888,906887
2025-07-24,147.0,907035,907034
2025-07-25,160.0,907195,907194
2025-07-26,153.0,907348,907347
2025-07-27,137.0,907485,907484
2025-07-28,145.0,907630,907629
2025-07-29,112.0,907742,907741
2025-07-30,137.0,907879,907878
2025-07-31,154.0,908033,908032
2025-08-01,151.0,908184,908183
2025-08-02,145.0,908329,908328
2025-08-03,155.0,908484,908483
2025-08-04,171.0,908655,908654
2025-08-05,138.0,908793,908792
2025-08-06,144.0,908937,908936
2025-08-07,161.0,909098,909097
2025-08-08,137.0,909235,909234
2025-08-09,116.0,909351,909350
2025-08-10,135.0,909486,909485
2025-08-11,147.0,909633,909632
2025-08-12,137.0,909770,909769
2025-08-13,156.0,909926,909925
2025-08-14,162.0,910088,910087
2025-08-15,134.0,910222,910221
2025-08-16,152.0,910374,910373
2025-08-17,152.0,910526,910525
2025-08-18,154.0,910680,910679
2025-08-19,134.0,910814,910813
2025-08-20,141.0,910955,910954
2025-08-21,149.0,911104,911103
2025-08-22,146.0,911250,911249
2025-08-23,152.0,911402,911401
2025-08-24,164.0,911566,911565
2025-08-25,141.0,911707,911706
2025-08-26,150.0,911857,911856
2025-08-27,150.0,912007,912006
2025-08-28,159.0,912166,912165
2025-08-29,165.0,912331,912330
2025-08-30,158.0,912489,912488
2025-08-31,132.0,912621,912620
2025-09-01,161.0,912782,912781
2025-09-02,163.0,912945,912944
2025-09-03,137.0,913082,913081
2025-09-04,140.0,913222,913221
2025-09-05,143.0,913365,913364
2025-09-06,140.0,913505,913504
2025-09-07,154.0,913659,913658
2025-09-08,160.0,913819,913818
2025-09-09,167.0,913986,913985
2025-09-10,170.0,914156,914155
2025-09-11,150.0,914306,914305
2025-09-12,120.0,914426,914425
2025-09-13,141.0,914567,914566
2025-09-14,153.0,914720,914719
2025-09-15,163.0,914883,914882
2025-09-16,160.0,915043,915042
2025-09-17,128.0,915171,915170
2025-09-18,158.0,915329,915328
2025-09-19,168.0,915497,915496
2025-09-20,153.0,915650,915649
2025-09-21,162.0,915812,915811
2025-09-22,150.0,915962,915961
2025-09-23,144.0,916106,916105
2025-09-24,153.0,916259,916258
2025-09-25,141.0,916400,916399
2025-09-26,132.0,916532,916531
2025-09-27,155.0,916687,916686
2025-09-28,165.0,916852,916851
2025-09-29,140.0,916992,916991
2025-09-30,161.0,917153,917152
2025-10-01,151.0,917304,917303
2025-10-02,136.0,917440,917439
2025-10-03,118.0,917558,917557
2025-10-04,134.0,917692,917691
2025-10-05,149.0,917841,917840
2025-10-06,123.0,917964,917963
2025-10-07,138.0,918102,918101
2025-10-08,148.0,918250,918249
2025-10-09,120.0,918370,918369
2025-10-10,132.0,918502,918501
2025-10-11,147.0,918649,918648
2025-10-12,145.0,918794,918793
2025-10-13,152.0,918946,918945
2025-10-14,169.0,919115,919114
2025-10-15,144.0,919259,919258
2025-10-16,153.0,919412,919411
2025-10-17,159.0,919571,919570
2025-10-18,165.0,919736,919735
2025-10-19,139.0,919875,919874
2025-10-20,149.0,920024,920023
2025-10-21,150.0,920174,920173
2025-10-22,153.0,920327,920326
2025-10-23,142.0,920469,920468
2025-10-24,179.0,920648,920647
2025-10-25,160.0,920808,920807
2025-10-26,147.0,920955,920954
2025-10-27,147.0,921102,921101
2025-10-28,162.0,921264,921263
2025-10-29,123.0,921387,921386
2025-10-30,160.0,921547,921546
2025-10-31,140.0,921687,921686
2025-11-01,138.0,921825,921824
2025-11-02,155.0,921980,921979
2025-11-03,142.0,922122,922121
2025-11-04,131.0,922253,922252
2025-11-05,138.0,922391,922390
2025-11-06,140.0,922531,922530
2025-11-07,142.0,922673,922672
2025-11-08,120.0,922793,922792
2025-11-09,141.0,922934,922933
2025-11-10,140.0,923074,923073
2025-11-11,153.0,923227,923226
2025-11-12,141.0,923368,923367
2025-11-13,150.0,923518,923517
2025-11-14,144.0,923662,923661
2025-11-15,143.0,923805,923804
2025-11-16,159.0,923964,923963
2025-11-17,124.0,924088,924087
2025-11-18,133.0,924221,924220
2025-11-19,137.0,924358,924357
2025-11-20,131.0,924489,924488
2025-11-21,151.0,924640,924639
2025-11-22,143.0,924783,924782
2025-11-23,142.0,924925,924924
2025-11-24,143.0,925068,925067
2025-11-25,115.0,925183,925182
2025-11-26,164.0,925347,925346
2025-11-27,143.0,925490,925489
2025-11-28,150.0,925640,925639
2025-11-29,137.0,925777,925776
2025-11-30,167.0,925944,925943
2025-12-01,133.0,926077,926076
2025-12-02,127.0,926204,926203
2025-12-03,132.0,926336,926335
2025-12-04,132.0,926468,926467
2025-12-05,119.0,926587,926586
2025-12-06,163.0,926750,926749
2025-12-07,160.0,926910,926909
2025-12-08,148.0,927058,927057
2025-12-09,129.0,927187,927186
2025-12-10,155.0,927342,927341
2025-12-11,160.0,927502,927501
2025-12-12,145.0,927647,927646
2025-12-13,143.0,927790,927789
2025-12-14,128.0,927918,927917
2025-12-15,134.0,928052,928051
2025-12-16,147.0,928199,928198
2025-12-17,138.0,928337,928336
2025-12-18,144.0,928481,928480
2025-12-19,145.0,928626,928625
2025-12-20,147.0,928773,928772
2025-12-21,138.0,928911,928910
2025-12-22,139.0,929050,929049
2025-12-23,145.0,929195,929194
2025-12-24,159.0,929354,929353
2025-12-25,138.0,929492,929491
2025-12-26,156.0,929648,929647
2025-12-27,136.0,929784,929783
2025-12-28,155.0,929939,929938
2025-12-29,154.0,930093,930092
2025-12-30,119.0,930212,930211
2025-12-31,133.0,930345,930344
2026-01-01,151.0,930496,930495
2026-01-02,144.0,930640,930639
2026-01-03,155.0,930795,930794
2026-01-04,145.0,930940,930939
2026-01-05,132.0,931072,931071
2026-01-06,130.0,931202,931201
2026-01-07,147.0,931349,931348
2026-01-08,132.0,931481,931480
2026-01-09,142.0,931623,931622
2026-01-10,162.0,931785,931784
2026-01-11,122.0,931907,931906
2026-01-12,142.0,932049,932048
2026-01-13,135.0,932184,932183
2026-01-14,124.0,932308,932307
2026-01-15,139.0,932447,932446
2026-01-16,130.0,932577,932576
2026-01-17,149.0,932726,932725
2026-01-18,140.0,932866,932865
2026-01-19,150.0,933016,933015
2026-01-20,133.0,933149,933148
2026-01-21,137.0,933286,933285
2026-01-22,161.0,933447,933446
2026-01-23,140.0,933587,933586
2026-01-24,98.0,933685,933684
2026-01-25,108.0,933793,933792
2026-01-26,124.0,933917,933916
2026-01-27,122.0,934039,934038
2026-01-28,110.0,934149,934148
2026-01-29,128.0,934277,934276
2026-01-30,131.0,934408,934407
2026-01-31,138.0,934546,934545
2026-02-01,119.0,934665,934664
2026-02-02,118.0,934783,934782
2026-02-03,132.0,934915,934914
2026-02-04,142.0,935057,935056
2026-02-05,127.0,935184,935183
2026-02-06,145.0,935329,935328
2026-02-07,166.0,935495,935494
2026-02-08,170.0,935665,935664
2026-02-09,163.0,935828,935827
2026-02-10,144.0,935972,935971
2026-02-11,157.0,936129,936128
2026-02-12,177.0,936306,936305
2026-02-13,151.0,936457,936456
2026-02-14,166.0,936623,936622
2026-02-15,197.0,936820,936819
2026-02-16,175.0,936995,936994
2026-02-17,165.0,937160,937159
2026-02-18,153.0,937313,937312
2026-02-19,159.0,937472,937471
2026-02-20,137.0,937609,937608
2026-02-21,119.0,937728,937727
2026-02-22,164.0,937892,937891
2026-02-23,148.0,938040,938039
2026-02-24,165.0,938205,938204
2026-02-25,156.0,938361,938360
2026-02-26,140.0,938501,938500
2026-02-27,141.0,938642,938641
2026-02-28,143.0,938785,938784
2026-03-01,149.0,938934,938933
2026-03-02,136.0,939070,939069
2026-03-03,134.0,939204,939203
2026-03-04,130.0,939334,939333
2026-03-05,166.0,939500,939499
2026-03-06,146.0,939646,939645
2026-03-07,132.0,939778,939777
2026-03-08,134.0,939912,939911
2026-03-09,138.0,940050,940049
2026-03-10,138.0,940188,940187
2026-03-11,139.0,940327,940326
2026-03-12,129.0,940456,940455
2026-03-13,121.0,940577,940576
2026-03-14,128.0,940705,940704
2026-03-15,125.0,940830,940829
2026-03-16,125.0,940955,940954
2026-03-17,127.0,941082,941081
2026-03-18,139.0,941221,941220
2026-03-19,134.0,941355,941354
2026-03-20,134.0,941489,941488
2026-03-21,138.0,941627,941626
2026-03-22,162.0,941789,941788
2026-03-23,160.0,941949,941948
2026-03-24,125.0,942074,942073
2026-03-25,153.0,942227,942226
2026-03-26,165.0,942392,942391
2026-03-27,152.0,942544,942543
2026-03-28,174.0,942718,942717
2026-03-29,144.0,942862,942861
2026-03-30,136.0,942998,942997
2026-03-31,136.0,943134,943133
2026-04-01,162.0,943296,943295
2026-04-02,145.0,943441,943440
2026-04-03,132.0,943573,943572
2026-04-04,120.0,943693,943692
2026-04-05,159.0,943852,943851
2026-04-06,128.0,943980,943979
2026-04-07,138.0,944118,944117
2026-04-08,148.0,944266,944265
2026-04-09,144.0,944410,944409
2026-04-10,125.0,944535,944534
2026-04-11,123.0,944658,944657
2026-04-12,155.0,944813,944812
2026-04-13,148.0,944961,944960
2026-04-14,164.0,945125,945124
2026-04-15,125.0,945250,945249
2026-04-16,152.0,945402,945401
2026-04-17,141.0,945543,945542
2026-04-18,153.0,945696,945695
2026-04-19,158.0,945854,945853
2026-04-20,130.0,945984,945983
2026-04-21,135.0,946119,946118
2026-04-22,131.0,946250,946249
2026-04-23,121.0,946371,946370
2026-04-24,149.0,946520,946519
2026-04-25,140.0,946660,946659
2026-04-26,149.0,946809,946808
2026-04-27,138.0,946947,946946
2026-04-28,139.0,947086,947085
2026-04-29,127.0,947213,947212
2026-04-30,140.0,947353,947352
2026-05-01,158.0,947511,947510
2026-05-02,136.0,947647,947646
2026-05-03,152.0,947799,947798
2026-05-04,149.0,947948,947947
2026-05-05,150.0,948098,948097
2026-05-06,141.0,948239,948238
2026-05-07,142.0,948381,948380
2026-05-08,147.0,948528,948527
2026-05-09,171.0,948699,948698
2026-05-10,150.0,948849,948848
2026-05-11,165.0,949014,949013
2026-05-12,134.0,949148,949147
2026-05-13,139.0,949287,949286
2026-05-14,151.0,949438,949437
2026-05-15,145.0,949583,949582
2026-05-16,151.0,949734,949733
2026-05-17,140.0,949874,949873
2026-05-18,140.0,950014,950013
2026-05-19,142.0,950156,950155
2026-05-20,152.0,950308,950307
2026-05-21,127.0,950435,950434
2026-05-22,156.0,950591,950590
2026-05-23,164.0,950755,950754
