date,CapMVRVCur,CapMrktCurUSD,IssTotNtv,IssTotUSD,PriceUSD
2010-07-18,146.0383322,295959.152,8600.0,738.224,0.08584
2010-07-19,62.56512971,279285.2,8700.0,702.96,0.0808
2010-07-20,45.10663005,259000.40498983045,9050.0,676.3583457627117,0.0747357288135593
2010-07-21,38.35756046,275266.47129701945,10350.0,819.6461284628876,0.0791928626534191
2010-07-22,25.1323482,203749.57397545307,8800.0,514.5338912916426,0.0584697603740503
2010-07-23,23.1909876,211735.7237638808,9700.0,587.7508357685566,0.0605928696668615
2010-07-24,17.07191365,191099.979,9450.0,515.403,0.05454
2010-07-25,14.29480012,177670.48975406183,11550.0,583.7441419637636,0.050540618351841
2010-07-26,12.57111018,197542.8,12150.0,680.4,0.056
2010-07-27,12.41061061,207278.65656312092,8300.0,486.5627358270017,0.058622016364699
2010-07-28,11.86773641,208769.15183050855,7950.0,468.3432352425484,0.0589110987726476
2010-07-29,13.54121185,248340.72,9000.0,629.1,0.0699
2010-07-30,12.03290217,230303.12769257755,9100.0,588.3821729982469,0.064657381648159
2010-07-31,12.05286591,241276.9711321448,10150.0,685.5898593220336,0.0675457989479836
2010-08-01,10.44892297,218982.4,11950.0,730.145,0.0611
2010-08-02,9.9762043,215766.0,12100.0,726.0,0.06
2010-08-03,9.60461264,216490.8333638224,11350.0,681.1379114552896,0.0600121507890123
2010-08-04,8.82883787,206374.31817650504,12150.0,692.7417299824666,0.0570157802454705
2010-08-05,9.19506028,221460.5,10900.0,664.9,0.061
2010-08-06,9.02581206,224350.99334716547,7350.0,453.2841654003509,0.0616713150204559
2010-08-07,8.42875731,215104.78211572167,7750.0,457.2805742255989,0.0590039450613676
2010-08-08,8.47702357,222622.995,9950.0,605.955,0.0609
2010-08-09,9.28085443,258019.52,9500.0,668.8,0.0704
2010-08-10,8.88387323,254792.092898305,9550.0,662.1848601694912,0.0693387288135593
2010-08-11,8.33793184,246978.75,11650.0,780.55,0.067
2010-08-12,8.49787609,258797.0,10850.0,759.5,0.07
2010-08-13,7.56762836,239156.325,10750.0,693.375,0.0645
2010-08-14,7.65189676,249354.02645599077,14050.0,941.2998929865581,0.0669964336645237
2010-08-15,7.26649664,243036.4024661016,10350.0,673.9705983050844,0.0651179322033898
2010-08-16,7.13837504,244943.8,7350.0,481.425,0.0655
2010-08-17,7.50985867,262223.5,6450.0,451.5,0.07
2010-08-18,7.14796434,255183.6,6650.0,452.2,0.068
2010-08-19,6.93168437,250755.315,6750.0,450.225,0.0667
2010-08-20,6.69412905,246876.05,9650.0,632.075,0.0655
2010-08-21,6.61775626,250842.6,8650.0,574.36,0.0664
2010-08-22,6.41568722,249762.08508182343,10600.0,698.8472822910577,0.0659289888953828
2010-08-23,6.22495622,246593.09,10650.0,691.2915,0.06491
2010-08-24,6.13247009,247633.75,10750.0,698.75,0.065
2010-08-25,6.02386076,247571.64,10800.0,699.84,0.0648
2010-08-26,5.87469011,245474.96536879012,10500.0,672.7886966686148,0.0640751139684395
2010-08-27,5.87209239,249574.0,8550.0,555.75,0.065
2010-08-28,5.77497614,248587.26,8500.0,549.1,0.0646
2010-08-29,5.66272908,246796.8,8100.0,518.4,0.064
2010-08-30,5.69050244,251021.3405,7450.0,484.0265,0.06497
2010-08-31,5.19159819,232371.0,9200.0,552.0,0.06
2010-09-01,5.31891315,240699.74841379313,7850.0,486.8948965517242,0.0620248275862069
2010-09-02,5.38522542,246530.9,7800.0,494.52,0.0634
2010-09-03,5.12179597,237114.195,8200.0,498.97,0.06085
2010-09-04,5.18235949,242852.800948276,9050.0,562.7133965517245,0.062178275862069
2010-09-05,5.06897347,241298.1,8250.0,508.6125,0.06165
2010-09-06,5.03207272,241589.04,7900.0,486.64,0.0616
2010-09-07,4.94816313,240663.61006247785,8000.0,489.9129444769136,0.0612391180596142
2010-09-08,4.88836125,240227.15,8250.0,503.25,0.061
2010-09-09,4.79545778,241092.44821946227,6750.0,412.5260527469316,0.0611149707773232
2010-09-10,4.74669508,241224.31402250167,8850.0,539.9519896551728,0.0610115242548218
2010-09-11,4.91061134,252049.9618790181,8000.0,508.9669199298656,0.0636208649912332
2010-09-12,4.69699949,244191.9,8850.0,544.275,0.0615
2010-09-13,4.70641545,247423.547,8550.0,531.639,0.06218
2010-09-14,4.64512859,247296.707,10150.0,629.1985,0.06199
2010-09-15,4.45428881,241464.1,8450.0,510.38,0.0604
2010-09-16,4.47633904,248138.53,10950.0,677.805,0.0619
2010-09-17,4.19274776,241148.11407948547,10400.0,624.0054704850959,0.0600005260081823
2010-09-18,4.22048014,245887.95,11850.0,722.85,0.061
2010-09-19,4.29534109,253395.78,10450.0,655.215,0.0627
2010-09-20,4.22043399,251608.28778988915,10150.0,630.3326186440682,0.0621017358270018
2010-09-21,4.22602175,254368.3975,8600.0,538.79,0.06265
2010-09-22,4.14162414,251788.04777206303,8700.0,538.3722711864405,0.061881870251315
2010-09-23,4.11497371,253620.51570017525,11700.0,727.1960970192868,0.062153512565751
2010-09-24,4.07954667,254519.29,11400.0,709.08,0.0622
2010-09-25,4.03278411,254424.646,10350.0,641.907,0.06202
2010-09-26,4.00070639,254978.1,10250.0,635.5,0.062
2010-09-27,3.91751164,256514.62217650507,11450.0,712.1950591466981,0.0622004418468732
2010-09-28,3.70318762,255947.85551572172,10600.0,656.1813158386907,0.0619038977206312
2010-09-29,3.67369778,256480.748,8200.0,507.662,0.06191
2010-09-30,3.58697479,256891.19,7300.0,451.87,0.0619
2010-10-01,3.57218676,257672.6443319696,7700.0,477.19451665692577,0.0619733138515488
2010-10-02,3.26607208,255595.92,5000.0,307.0,0.0614
2010-10-03,3.2380791,254573.3302811221,6100.0,372.49569783752173,0.0610648684979544
2010-10-04,3.23417646,255999.44755552293,7650.0,468.90274839275247,0.0612944769140853
2010-10-05,3.17003606,256826.99,6300.0,386.82,0.0614
2010-10-06,3.22421336,263261.834,8550.0,537.0255,0.06281
2010-10-07,3.40312006,281359.8,8000.0,536.0,0.067
2010-10-08,4.14833833,355302.6711880769,7700.0,650.2889325540616,0.0844531081239041
2010-10-09,4.40766563,395367.0,7900.0,741.02,0.0938
2010-10-10,4.45879954,410335.8386236121,8900.0,864.6011893629459,0.0971462010520164
2010-10-11,4.28117529,402025.75,7950.0,755.25,0.095
2010-10-12,4.2360293,402338.04,7750.0,735.475,0.0949
2010-10-13,4.55044647,445510.96885634033,8800.0,922.8171843366432,0.104865589129164
2010-10-14,4.35844526,434382.3,10250.0,1045.5,0.102
2010-10-15,4.34353862,448087.5,8850.0,929.25,0.105
2010-10-16,4.06985428,432320.4,12900.0,1302.9,0.101
2010-10-17,4.06277933,437977.8,13500.0,1377.0,0.102
2010-10-18,4.02994877,440970.24,12450.0,1274.88,0.1024
2010-10-19,3.80761656,421311.0197466396,12800.0,1248.5746160140277,0.0975448918760959
2010-10-20,3.8186494,428902.65,13200.0,1306.8,0.099
2010-10-21,4.00919854,464556.55,9300.0,995.1,0.107
2010-10-22,3.82096178,445808.375,7700.0,789.25,0.1025
2010-10-23,3.85485171,455667.3527996489,8750.0,914.8687127410863,0.104556424313267
2010-10-24,4.14384219,502403.9335,10250.0,1178.8525,0.11501
2010-10-25,4.88883386,609130.5838421975,10150.0,1412.0533118644069,0.139118552893045
2010-10-26,5.14523738,662973.05,12050.0,1819.55,0.151
2010-10-27,6.05058402,826105.24,10650.0,1999.005,0.1877
2010-10-28,5.2615273,763743.165,10950.0,1895.445,0.1731
2010-10-29,5.63366942,840427.0,11150.0,2118.5,0.19
2010-10-30,5.72124637,876580.6100970218,12600.0,2489.8928486265413,0.197610543541789
2010-10-31,5.43761091,855633.625,8950.0,1722.875,0.1925
2010-11-01,5.41406405,866356.2658129736,8850.0,1721.546793103446,0.194525061367621
2010-11-02,5.28311477,864832.5,8800.0,1705.44,0.1938
2010-11-03,5.18370173,863543.2,9500.0,1834.45,0.1931
2010-11-04,5.7153824,1027622.7341262402,10050.0,2304.215365283456,0.229275160724722
2010-11-05,6.25148898,1164192.0751724162,10950.0,2837.2809310344887,0.259112413793104
2010-11-06,8.19405221,1805984.193341907,10900.0,4370.707099941559,0.400982302746932
2010-11-07,6.73312638,1535423.0,12050.0,4097.0,0.34
2010-11-08,4.59520726,1101553.413401521,13750.0,3343.7886469900686,0.243184628872005
2010-11-09,4.06257605,986537.5322437184,10850.0,2357.4087334891906,0.217272694330801
2010-11-10,4.25825739,1044611.9615505532,10150.0,2329.929771186436,0.229549731151373
2010-11-11,4.10381259,1017704.115,10950.0,2442.945,0.2231
2010-11-12,4.88620474,1225700.82,8450.0,2266.29,0.2682
2010-11-13,4.93212505,1264425.0,11150.0,3077.4,0.276
2010-11-14,4.88743661,1281895.808,12800.0,3571.712,0.27904
2010-11-15,4.51276218,1235997.3917459103,10000.0,2684.64555815313,0.268464555815313
2010-11-16,3.76028119,1038105.0,9850.0,2216.25,0.225
2010-11-17,4.00641517,1119247.648702513,12350.0,2987.9507714786673,0.241939333722969
2010-11-18,4.39720823,1248159.091361776,12850.0,3457.392611338397,0.269057790765634
2010-11-19,4.48312449,1293074.485,7500.0,2087.175,0.27829
2010-11-20,4.49841005,1316675.1736568096,5800.0,1641.4925966101705,0.283015964932788
2010-11-21,4.36944711,1289461.275,7000.0,1937.25,0.27675
2010-11-22,4.46021601,1330223.25,8150.0,2322.75,0.285
2010-11-23,4.38599831,1322635.6275,7000.0,1980.65,0.28295
2010-11-24,4.33600482,1324932.4353357672,8850.0,2503.715767241377,0.282905736411455
2010-11-25,4.23185505,1313858.0,9050.0,2534.0,0.28
2010-11-26,4.23141948,1337263.02,9700.0,2758.68,0.2844
2010-11-27,4.17587813,1333227.15,9000.0,2547.0,0.283
2010-11-28,3.97931625,1280717.9899795451,8600.0,2333.6846405610772,0.271358679135009
2010-11-29,3.37289742,1090569.2849929885,10450.0,2409.346319988316,0.230559456458212
2010-11-30,3.0371558,986909.64,10100.0,2102.82,0.2082
2010-12-01,3.31113157,1080534.0,9400.0,2138.5,0.2275
2010-12-02,3.6445754,1213545.0,9400.0,2397.0,0.255
2010-12-03,3.57134671,1197167.4555320588,9450.0,2372.517789801289,0.251060083576856
2010-12-04,2.90733946,979882.0142665091,11450.0,2347.256022793684,0.205000526008182
2010-12-05,2.86401711,972026.8565184099,11950.0,2424.057709526592,0.202850017533606
2010-12-06,2.83306957,979995.6,12050.0,2458.2,0.204
2010-12-07,3.1967626,1124117.5646627715,11950.0,2789.3736095850413,0.233420385739334
2010-12-08,3.24906898,1152866.7,11900.0,2841.72,0.2388
2010-12-09,2.71091675,967739.8096973128,11150.0,2229.907391788431,0.199991694330801
2010-12-10,2.7619015,988635.0,7350.0,1499.4,0.204
2010-12-11,3.07070131,1106940.0,8750.0,1995.0,0.228
2010-12-12,2.94969685,1069269.034267387,8550.0,1879.748381940385,0.219853611922852
2010-12-13,3.03156879,1108574.0658889536,7050.0,1604.616918760958,0.227605236703682
2010-12-14,3.26966627,1203637.5135,8550.0,2109.1995,0.24669
2010-12-15,3.15229808,1173348.0,9800.0,2352.0,0.24
2010-12-16,3.26455554,1224204.096,8650.0,2162.154,0.24996
2010-12-17,3.15712017,1190445.1643424917,8300.0,2014.043267095269,0.242655815312683
2010-12-18,3.11960091,1184261.95,8050.0,1940.05,0.241
2010-12-19,3.09706546,1182048.315,9200.0,2208.92,0.2401
2010-12-20,3.39996207,1316603.7,7950.0,2122.65,0.267
2010-12-21,3.01272532,1192911.1439509052,9800.0,2366.0728229105766,0.241436002337814
2010-12-22,3.10757151,1237187.5,7850.0,1962.5,0.25
2010-12-23,3.09503865,1238851.9543448256,7250.0,1812.283427966099,0.249970127995324
2010-12-24,3.05891168,1230923.2,7400.0,1835.2,0.248
2010-12-25,3.06790542,1242452.82,8400.0,2099.16,0.2499
2010-12-26,3.23677185,1319259.6804850972,7250.0,1920.9754237288148,0.264962127410871
2010-12-27,3.21872427,1320577.4081414356,8300.0,2197.7187258912886,0.264785388661601
2010-12-28,3.39360976,1403819.8,8450.0,2374.45,0.281
2010-12-29,3.55514947,1501215.0,8250.0,2475.0,0.3
2010-12-30,3.53000117,1503750.0,8450.0,2535.0,0.3
2010-12-31,3.51255257,1506180.0,8100.0,2430.0,0.3
2011-01-01,3.49431915,1508895.0,9050.0,2715.0,0.3
2011-01-02,3.46374621,1511368.848,8750.0,2624.7375,0.29997
2011-01-03,3.38619201,1488629.0,7800.0,2301.0,0.295
2011-01-04,3.41744847,1510669.0875,7050.0,2107.5975,0.29895
2011-01-05,3.39994438,1512800.459429193,7700.0,2301.655526651081,0.298916302162478
2011-01-06,3.37409013,1510264.0,7050.0,2100.9,0.298
2011-01-07,3.59662517,1624384.0,8200.0,2624.0,0.32
2011-01-08,3.60311438,1641849.63,8500.0,2744.65,0.3229
2011-01-09,3.58303029,1644990.55,8150.0,2632.45,0.323
2011-01-10,3.56790627,1665919.2605,8100.0,2645.379,0.32659
2011-01-11,3.47434474,1668727.9345,8600.0,2808.674,0.32659
2011-01-12,3.37613389,1631584.5817187624,8350.0,2661.97683763881,0.318799621274109
2011-01-13,3.31520101,1628430.48,9400.0,2985.44,0.3176
2011-01-14,4.10741466,2054488.6665195771,9050.0,3619.9095528930416,0.399990005844535
2011-01-15,3.93479597,1985661.2,7850.0,3030.1,0.386
2011-01-16,3.89072744,1993090.191,8700.0,3365.073,0.38679
2011-01-17,3.48443916,1804101.525,9050.0,3162.975,0.3495
2011-01-18,3.11008305,1617845.31,7050.0,2206.5795,0.31299
2011-01-19,3.07260733,1620490.0755,8450.0,2644.7655,0.31299
2011-01-20,3.78751517,2022832.5,9300.0,3627.0,0.39
2011-01-21,4.03324208,2181621.4095,8700.0,3653.217,0.41991
2011-01-22,4.1752733,2289812.8818953824,8250.0,3630.2931136762127,0.44003552893045
2011-01-23,4.11467439,2305877.28,8500.0,3760.4,0.4424
2011-01-24,3.8538566,2192549.84,9400.0,3947.06,0.4199
2011-01-25,3.73958941,2144054.0,7800.0,3198.0,0.41
2011-01-26,3.28267628,2174381.9436755115,9000.0,3735.766167738165,0.415085129748685
2011-01-27,3.29852211,2209783.68,8000.0,3369.6,0.4212
2011-01-28,3.44964227,2335452.5145879616,7900.0,3511.423950905905,0.444484044418469
2011-01-29,3.35970677,2310171.65,8050.0,3533.95,0.439
2011-01-30,3.62408311,2514610.089949152,7800.0,3721.707864406779,0.477142033898305
2011-01-31,3.88967746,2772013.740152104,8500.0,4463.663397136178,0.525136870251315
2011-02-01,5.02344554,3740499.8614836335,8200.0,5801.582958503796,0.707510116890707
2011-02-02,4.95514811,3840996.0224167127,7900.0,5730.935091759201,0.725434821741671
2011-02-03,4.68663449,3679569.568903711,8000.0,5551.186940970192,0.693898367621274
2011-02-04,5.36029838,4308178.987410872,9700.0,7866.302022209236,0.810958971361777
2011-02-05,5.79068626,4851368.600360725,8950.0,8159.459723611923,0.911671477498539
2011-02-06,5.59155797,4786564.5,8850.0,7947.3,0.898
2011-02-07,5.25293615,4749865.884129514,10150.0,9027.626905084744,0.889421369959088
2011-02-08,5.35492291,4910198.4,8400.0,7711.2,0.918
2011-02-09,5.69602563,5444403.635329073,9600.0,9754.082356516705,1.01605024547049
2011-02-10,5.38116292,5258483.21045821,9300.0,9110.772557568673,0.979652963179427
2011-02-11,5.62034798,5667731.451662749,9300.0,9802.845917884242,1.05406945353594
2011-02-12,5.66318761,5810758.850490482,9800.0,10571.292183635316,1.07870328404442
2011-02-13,5.42738984,5666535.0,9900.0,10395.0,1.05
2011-02-14,5.31812686,5785023.252717728,9800.0,10486.123717124525,1.07001262419638
2011-02-15,5.15817185,5688637.5,11250.0,11812.5,1.05
2011-02-16,5.01369832,5601393.227816192,11600.0,11967.5764949152,1.031687628872
2011-02-17,5.00090272,5658118.125524223,11550.0,12011.112931648217,1.0399231975453
2011-02-18,4.27713788,4900658.168822328,10600.0,9528.93269549971,0.898955914669784
2011-02-19,4.46173899,5153968.70557066,8050.0,7599.426340970191,0.944028116890707
2011-02-20,4.04564986,4731074.25,9900.0,8563.5,0.865
2011-02-21,3.8865163,4579185.5223421985,9700.0,8106.750055523086,0.835747428404442
2011-02-22,4.03903963,4814696.257805085,10550.0,9252.790775423728,0.877041779661017
2011-02-23,4.11116115,4951665.0,12150.0,10935.0,0.9
2011-02-24,4.46075117,5452090.924839276,10350.0,10237.136002337817,0.989095265926359
2011-02-25,4.09708361,5052034.599084602,11250.0,10289.835019725311,0.914652001753361
2011-02-26,4.20136279,5304685.5,13800.0,13220.4,0.958
2011-02-27,3.85737612,4966941.517555552,12200.0,10919.403997545294,0.895033114552893
2011-02-28,3.66264324,4780204.660490942,7500.0,6451.656925774402,0.860220923436587
2011-03-01,3.45556491,5124476.503108066,6500.0,5987.129797194624,0.921096891876096
2011-03-02,3.49629585,5236981.815,8400.0,7895.16,0.9399
2011-03-03,3.4729141,5241109.413771388,9300.0,8733.382465634126,0.939073383401519
2011-03-04,3.31231304,5039131.42,11050.0,9957.155,0.9011
2011-03-05,3.30711769,5089399.832981821,13850.0,12573.592402279364,0.90784060666277
2011-03-06,3.2074455,4972191.676163796,13700.0,12121.36233167739,0.884770973115138
2011-03-07,3.17308684,4941060.431769488,10550.0,9258.509769491518,0.877583864406779
2011-03-08,3.11400943,4884340.650816748,9350.0,8097.769380216253,0.866071591466979
2011-03-09,3.08389438,4856979.0,8000.0,6880.0,0.86
2011-03-10,3.286687,5204687.361621858,5500.0,5063.686703682057,0.920670309760374
2011-03-11,3.13277134,4980492.0,6500.0,5720.0,0.88
2011-03-12,3.23180751,5200939.277592609,7000.0,6424.708592051435,0.917815513150205
2011-03-13,3.12541924,5062649.525,5850.0,5221.0665,0.89249
2011-03-14,3.09976092,5075795.104446696,5600.0,5005.979567971945,0.893924922852133
2011-03-15,3.0094772,4957550.488,5600.0,4884.544,0.87224
2011-03-16,2.90524469,4843819.9836236155,6800.0,5788.239326709529,0.851211665692578
2011-03-17,2.80330055,4702871.721,7050.0,5819.211,0.82542
2011-03-18,2.72116816,4574014.441161749,6000.0,4811.755248392754,0.801959208065459
2011-03-19,2.5915635,4367614.5,5750.0,4398.75,0.765
2011-03-20,2.50871253,4238525.225,6850.0,5079.275,0.7415
2011-03-21,2.56031946,4344002.7435,7400.0,5616.378,0.75897
2011-03-22,2.71742347,4635912.012661896,5950.0,4814.325242226771,0.809130292811222
2011-03-23,2.8434557,4875083.6685,7850.0,6670.2235,0.84971
2011-03-24,2.88481841,5011747.113192873,7600.0,6630.045180596146,0.872374365867914
2011-03-25,2.91145917,5084859.072,8650.0,7644.6105,0.88377
2011-03-26,2.79254753,4926379.6,6900.0,5900.88,0.8552
2011-03-27,2.67675364,4741008.3,7150.0,5877.3,0.822
2011-03-28,2.58237,4590460.866712918,8400.0,6675.820202454706,0.794740500292227
2011-03-29,2.56999182,4584036.003940383,8150.0,6458.956023670365,0.792509941554646
2011-03-30,2.55673793,4573978.959672711,7800.0,6159.709234365873,0.789706312098189
2011-03-31,2.53409399,4552346.4505,10050.0,7885.3305,0.78461
2011-04-01,2.49434063,4498237.0935,8800.0,6812.168,0.77411
2011-04-02,2.51639313,4551064.5015,9000.0,7037.91,0.78199
2011-04-03,2.50130518,4540479.4,8750.0,6816.25,0.779
2011-04-04,2.1702087,3969500.0,8900.0,6052.0,0.68
2011-04-05,2.2785139,4184793.295271068,9700.0,6942.2107956165955,0.715691834599649
2011-04-06,2.35209347,4332404.0,7400.0,5476.0,0.74
2011-04-07,2.39124558,4418737.91,7350.0,5540.43,0.7538
2011-04-08,2.37382641,4402628.7975,8300.0,6224.917,0.74999
2011-04-09,2.31988599,4314844.423370688,7800.0,5725.672034482756,0.734060517241379
2011-04-10,2.31383197,4315874.255665696,8650.0,6341.806497954417,0.733156820572765
2011-04-11,2.42399078,4539706.1201396845,8150.0,6276.42855698422,0.770113933372297
2011-04-12,2.6961135,5084735.631030389,8150.0,7020.260103828168,0.861381607831677
2011-04-13,2.89135449,5500703.409569839,9700.0,9024.104566919923,0.930320058445353
2011-04-14,3.07319764,5912587.256850382,8000.0,7989.038129748688,0.998629766218586
2011-04-15,2.99333242,5830722.518157508,6800.0,6688.977329982464,0.983673136762127
2011-04-16,3.15615233,6212969.639884857,8650.0,9053.374221507886,1.04663285797779
2011-04-17,3.27386129,6528500.590306225,9000.0,9883.09888106373,1.09812209789597
2011-04-18,3.37473832,6842059.258451054,7400.0,8505.806505201603,1.14943331151373
2011-04-19,3.42498343,7063863.127258933,7700.0,9125.749101110488,1.18516222092344
2011-04-20,3.28485981,6815579.708019882,7200.0,8223.307090590311,1.14212598480421
2011-04-21,3.43905824,7213608.292453562,7350.0,8873.940709234397,1.20733887200468
2011-04-22,3.90431563,8403996.607599033,8800.0,12359.644720046712,1.40450508182349
2011-04-23,4.86099744,10958848.75801367,8600.0,15728.129788544702,1.82885230099357
2011-04-24,4.27543628,9792394.913793106,8100.0,13219.072180011692,1.63198421975453
2011-04-25,4.06113168,9402390.199795421,9600.0,15019.042898889504,1.56448363530099
2011-04-26,4.51459705,10659842.364227353,9750.0,17265.698678696717,1.77084089012274
2011-04-27,4.76744161,11473867.218627708,9150.0,17414.06002030977,1.9031759585038
2011-04-28,5.53562475,13799039.34009177,8200.0,18743.104619637652,2.28574446580947
2011-04-29,5.27956549,17237608.979265373,10000.0,28506.0509000585,2.85060509000585
2011-04-30,5.74340681,21197575.0,9450.0,33075.0,3.5
2011-05-01,4.96719361,18767727.802862428,8950.0,27693.336603623626,3.0942275534775
2011-05-02,5.05486151,19440800.0,9850.0,31520.0,3.2
2011-05-03,5.13349205,20449332.03619052,9800.0,32933.73989608419,3.36058570368206
2011-05-04,4.84337805,20775521.35623708,9850.0,33575.429516306285,3.40867304734074
2011-05-05,4.67664599,20416354.63441376,10950.0,36613.91669412624,3.34373668439509
2011-05-06,4.63603126,21133833.58120619,10900.0,37660.323870543594,3.45507558445354
2011-05-07,4.80792811,22311656.833264053,10700.0,38961.51386236124,3.64126297779077
2011-05-08,4.92348609,23624665.965208177,10950.0,42142.9187278492,3.84866837697253
2011-05-09,4.77598264,23396482.361365415,11950.0,45458.870506282845,3.80408958211572
2011-05-10,6.2849561,34811442.90089974,9150.0,51712.75307139096,5.65166700233781
2011-05-11,5.77375573,33558096.17696426,9550.0,51949.622468614885,5.43975104383402
2011-05-12,6.23619574,39133713.13422852,8450.0,53529.72496709526,6.3348786943308
2011-05-13,6.81610339,50363126.90380207,10350.0,84239.01087685567,8.13903486732905
2011-05-14,5.71115111,43444561.37971386,12100.0,84787.65033500879,7.00724382933957
2011-05-15,5.38878812,43010361.96316689,11000.0,76174.17328988896,6.92492484453536
2011-05-16,5.64948105,49071596.39946786,12350.0,97381.48820295151,7.88514074517826
2011-05-17,5.05909092,45256984.84266235,12850.0,93255.01409696083,7.25719954061952
2011-05-18,4.61026723,42273490.68697504,14400.0,97389.55241800113,6.76316336236119
2011-05-19,4.62646251,43126097.9405202,8550.0,58910.72805683815,6.89014363237873
2011-05-20,3.71328197,35226025.04397268,11000.0,61799.05840444182,5.61809621858562
2011-05-21,4.07285788,38219241.41144663,11000.0,66932.80734190534,6.08480066744594
2011-05-22,4.35034379,42243037.66020989,12600.0,84570.64610075978,6.71195603974284
2011-05-23,4.487161,44567639.721256174,14300.0,101033.17200765632,7.06525678375219
2011-05-24,4.5999394,46806652.653661974,14950.0,110669.77570263016,7.40266058211573
2011-05-25,5.19133406,54314728.42084867,15350.0,131538.59592878443,8.56928963705436
2011-05-26,5.17913836,55793911.601505555,14800.0,129975.9004268849,8.78215543424898
2011-05-27,4.74938352,54254634.32690885,8350.0,71214.29820902979,8.52865846814728
2011-05-28,4.61095078,53178164.794420056,7750.0,64706.8356785506,8.34926911981298
2011-05-29,4.59177413,53582961.35262173,9000.0,75608.58125014613,8.40095347223846
2011-05-30,4.71031321,56064002.95715464,7700.0,67600.93697773232,8.77934246464056
2011-05-31,4.60202531,55760526.60904199,7500.0,65411.82316481588,8.72157642197545
2011-06-01,4.97744055,61619120.76499133,9400.0,90463.50598106367,9.62377723202805
2011-06-02,5.3275221,68629309.30257209,9500.0,101676.22216540056,10.7027602279369
2011-06-03,6.42904939,91613267.2975125,10100.0,144072.93241554665,14.2646467738165
2011-06-04,7.74313927,117816835.68376668,11200.0,205102.67372998255,18.3127387258913
2011-06-05,6.57534893,106605298.23606262,10400.0,172050.7609210988,16.5433423962595
2011-06-06,6.0241396,118797507.92755511,11650.0,214384.44920338987,18.4020986440678
2011-06-07,7.22127316,150213131.8334933,8500.0,197521.9669345412,23.2378784628872
2011-06-08,7.38787829,187922292.42602175,9250.0,268526.7722720629,29.0299213267095
2011-06-09,6.61438788,186692282.39758107,11100.0,319575.03860111086,28.7905440181181
2011-06-10,5.13598194,156216479.85825014,11150.0,268150.8013980125,24.0493992285213
2011-06-11,3.17745001,95995038.34225108,12600.0,185846.80750905903,14.7497466277031
2011-06-12,3.60717104,122901058.44413236,11650.0,219604.1861179138,18.8501447311514
2011-06-13,3.61267024,127635836.83400014,11350.0,221805.4354501754,19.5423291145529
2011-06-14,3.30858495,126014917.86155447,12350.0,237833.03349357087,19.2577355055523
2011-06-15,3.13518917,127637088.27065748,13950.0,271524.7896075398,19.4641426241964
2011-06-16,2.83819584,117734055.42332496,9000.0,161364.2628813561,17.9293625423729
2011-06-17,2.42625836,101507246.36163746,9300.0,143558.23089012253,15.4363689129164
2011-06-18,2.62955708,111136351.47976218,9850.0,166222.73467329008,16.8754045353594
2011-06-19,2.69066084,115515571.88991056,11150.0,195244.4922235536,17.5107167913501
2011-06-20,2.67081932,115720447.27636936,11700.0,204875.38645879616,17.5107167913501
2011-06-21,2.63871848,115941957.84377992,12650.0,221510.5674105788,17.5107167913501
2011-06-22,2.62779902,116169597.16206747,13000.0,227639.3182875513,17.5107167913501
2011-06-23,2.61500773,116379725.76356368,12000.0,210128.6014962012,17.5107167913501
2011-06-24,2.59755925,116568841.50491028,10800.0,189115.74134658108,17.5107167913501
2011-06-25,2.58920413,116694043.12996842,7150.0,125201.6250581532,17.5107167913501
2011-06-26,2.40438777,109156329.2288656,7450.0,121891.99801756248,16.3613420157802
2011-06-27,2.41862667,111906106.67939186,8450.0,141556.815122107,16.7522858132671
2011-06-28,2.4228443,113441602.45623428,8000.0,135694.6824570424,16.9618353071303
2011-06-29,2.39153255,112869144.75780512,8600.0,144949.28753430722,16.8545683179427
2011-06-30,2.27916897,108541609.09894869,9550.0,154569.25955692554,16.1852627808299
2011-07-01,2.17517451,103545386.72769219,8650.0,133386.09150292256,15.4203573991818
2011-07-02,2.17108212,103423475.37897693,8450.0,129985.0323876975,15.38284406955
2011-07-03,2.17640481,104053274.32089683,8250.0,127524.79212404993,15.4575505604909
2011-07-04,1.95761946,93368543.01682381,8500.0,117748.7729053184,13.8527968123904
2011-07-05,1.82728432,87473624.99201757,6950.0,90105.48311776755,12.9648177147867
2011-07-06,2.06878863,99396155.740402,7850.0,115511.05112878412,14.7147835832846
2011-07-07,2.07598143,100050390.78730299,6550.0,96922.24400657526,14.7972891613092
2011-07-08,2.0056172,96799480.40224017,8250.0,117967.0609999266,14.2990376969608
2011-07-09,2.01609779,97464868.04537664,7450.0,107142.17998988932,14.3815006697838
2011-07-10,2.03850499,99201277.05382463,6850.0,100167.12222530694,14.6229375511397
2011-07-11,1.99133352,97191713.52729172,7850.0,112334.72014967877,14.3101554330801
2011-07-12,1.94872351,95328529.22292317,7050.0,98849.9719820424,14.0212726215663
2011-07-13,1.93841196,95123250.83128451,9550.0,133427.39068988932,13.9714545225015
2011-07-14,1.93955814,95404595.1868676,7200.0,100785.4167429576,13.997974547633
2011-07-15,1.91086852,94210666.07270236,8100.0,111831.76228544748,13.8063904056108
2011-07-16,1.89668424,93681586.74959344,7850.0,107647.67249903556,13.7130792992402
2011-07-17,1.8320481,90686308.30094048,8500.0,112694.15014289905,13.2581353109293
2011-07-18,1.94207395,93349306.17338388,8500.0,115859.43062872556,13.6305212504383
2011-07-19,1.96438973,94777954.59762248,7100.0,98156.04335470469,13.8247948386908
2011-07-20,1.96296845,93875750.54952452,7450.0,101903.56291078292,13.6783305920514
2011-07-21,1.95201716,93522652.12527928,7600.0,103449.74415803644,13.6118084418469
2011-07-22,1.96311336,94222033.04310414,7550.0,103424.0323497514,13.6985473310929
2011-07-23,1.95853437,94206155.59631331,7300.0,99876.54390017554,13.6817183424898
2011-07-24,1.99913286,96462300.6096237,8300.0,116137.8759649915,13.992515176505
2011-07-25,2.00132141,96860105.16616963,8250.0,115775.75937448868,14.0334253787259
2011-07-26,1.97632833,95909693.44364177,8800.0,122126.68444418463,13.8780323232028
2011-07-27,1.97282473,96031763.87670445,8700.0,120740.5553694918,13.878224755114
2011-07-28,1.91925019,93460973.3032422,7750.0,104559.83083657191,13.4915910756867
2011-07-29,1.91940166,93715345.80439219,8200.0,110800.99439900614,13.5123163901227
2011-07-30,1.91948827,94012199.62541157,7600.0,102906.13312144924,13.5402806738749
2011-07-31,1.8957305,92967105.79870696,8750.0,117012.92839494476,13.3729061022794
2011-08-01,1.84650394,90614985.11112323,8250.0,107407.6892367039,13.0191138468732
2011-08-02,1.73338364,85106409.82081906,7700.0,94049.00457971942,12.2141564389246
2011-08-03,1.33360498,64778839.828644425,7850.0,72897.90177098192,9.28635691350088
2011-08-04,1.54422773,75187308.33711475,6450.0,69456.84917524824,10.7685037481005
2011-08-05,1.40034516,68005505.44994488,7000.0,68111.07771770898,9.73015395967271
2011-08-06,1.01786264,48716108.274902046,6100.0,42481.4353885447,6.964169735827
2011-08-07,1.24329896,59525730.74017232,6300.0,53561.29774102865,8.50179329222677
2011-08-08,1.15587536,54492287.45704055,6800.0,52872.29593793107,7.77533763793104
2011-08-09,1.45369998,68770905.38588946,7300.0,71558.2462113384,9.80249948100526
2011-08-10,1.48953532,70592463.42657597,7600.0,76389.52376832283,10.0512531274109
2011-08-11,1.40111707,66352987.09993689,6850.0,64653.12901396845,9.43841299473992
2011-08-12,1.40327416,66517405.10586635,6550.0,61917.106018147315,9.45299328521333
2011-08-13,1.48374896,70459846.77984548,6500.0,65026.1608398597,10.0040247445938
2011-08-14,1.60021658,76185384.59064119,6600.0,71325.01705897128,10.8068207665108
2011-08-15,1.64552851,78540420.88459688,6450.0,71792.99274731165,11.1306965499708
2011-08-16,1.62211392,77642298.27029729,7350.0,80790.94691686127,10.9919655669199
2011-08-17,1.61521112,77519063.15445991,6800.0,74554.955581531,10.9639640561075
2011-08-18,1.59806892,76851374.54393478,7200.0,78180.99448229135,10.8584714558738
2011-08-19,1.71440506,82674797.96897964,6550.0,76441.59843328487,11.6704730432496
2011-08-20,1.68142171,81268979.46123536,7600.0,87093.96121893612,11.4597317393337
2011-08-21,1.66508331,80613411.0612813,8000.0,90835.8507258912,11.3544813407364
2011-08-22,1.60062575,77627365.54687563,8450.0,92281.56971840996,10.9208958246639
2011-08-23,1.60020118,77686023.97310649,7750.0,84608.64917124505,10.9172450543542
2011-08-24,1.5924043,77425826.39045885,6700.0,72831.9767422563,10.870444289889
2011-08-25,1.38808124,68057442.8362958,6750.0,64436.13229668322,9.5460936735827
2011-08-26,1.18126116,57999391.046459146,7350.0,59732.86319850967,8.12692016306254
2011-08-27,1.32290185,61403063.01890577,6100.0,52438.635400642896,8.59649760666277
2011-08-28,1.38880945,64558051.45506005,5800.0,52379.02511864408,9.03086639976622
2011-08-29,1.37651145,64121560.76018088,6900.0,61831.985167153725,8.96115727060199
2011-08-30,1.35371166,63103900.73362733,7300.0,64312.62578860311,8.80994873816481
2011-08-31,1.26084033,58792427.60269456,7750.0,63543.42617460553,8.19915176446523
2011-09-01,1.26774835,59097439.42813815,6450.0,53111.11673994744,8.23428166510813
2011-09-02,1.32640199,61943210.21417282,7800.0,67247.11061449446,8.6214244377557
2011-09-03,1.29992885,60770329.9435313,7250.0,61259.98744491521,8.44965344067796
2011-09-04,1.26279873,59054733.91612383,6700.0,54963.25303527177,8.20347060227937
2011-09-05,1.17142574,54750556.63301301,7800.0,59259.1936960257,7.5973325251315
2011-09-06,1.05875513,49391552.21324179,7550.0,51691.3017184249,6.84653002893045
2011-09-07,1.10898952,51723091.97646155,6800.0,48708.19785996497,7.16297027352426
2011-09-08,1.03732633,48265544.15833017,6450.0,43074.26100188488,6.67818000029223
2011-09-09,0.7778049,36079581.18632356,7700.0,38398.18322177091,4.98677704178843
2011-09-10,0.74125214,34346272.5753336,6650.0,31539.930256896598,4.74284665517242
2011-09-11,0.95191723,42421555.28917464,6250.0,36580.64982831675,5.85290397253068
2011-09-12,0.99274325,44185080.50839478,6650.0,40502.68599038576,6.09062947223846
2011-09-13,0.94859348,42136183.22279058,7100.0,41197.91526691996,5.80252327703098
2011-09-14,0.9162271,40687737.58734764,7300.0,40861.25805423728,5.59743261016949
2011-09-15,0.79879632,35421680.879255086,7800.0,37968.490440561094,4.86775518468732
2011-09-16,0.7945909,35184189.43579407,5950.0,28745.45019812976,4.83116810052601
2011-09-17,0.78623754,34809205.82649197,6700.0,31994.4137565167,4.775285635301
2011-09-18,0.86238311,38214268.23795452,7900.0,41370.18499777905,5.23673227819988
2011-09-19,0.91006394,40319175.19010538,6350.0,35054.391994155485,5.52037669199299
2011-09-20,1.01350919,44936427.78752295,7000.0,43026.65886206898,6.14666555172414
2011-09-21,0.92389277,40959339.89405964,7300.0,40858.59273506719,5.59706749795441
2011-09-22,0.90549337,40106922.254371494,7400.0,40515.36094786675,5.47504877673875
2011-09-23,0.92077591,40791283.96421989,6650.0,36996.75244059031,5.56342141963764
2011-09-24,0.90381871,40052723.41579949,6450.0,35203.38848319697,5.45788968731736
2011-09-25,0.88996971,39232651.95435618,6850.0,36586.91093728812,5.34115488135593
2011-09-26,0.81318218,35832612.99183517,6700.0,32654.63474430157,4.87382608123904
2011-09-27,0.82013287,36139736.79869786,6650.0,32659.199320251282,4.91115779251899
2011-09-28,0.79634397,35087555.38092852,7350.0,35011.102612653456,4.76341532144945
2011-09-29,0.79926256,35222349.98309898,6250.0,29860.381114845124,4.77766097837522
2011-09-30,0.86045873,37952172.066864,6100.0,31376.484050964376,5.14368590999416
2011-10-01,0.84362417,37179379.66114728,7150.0,35993.60439468144,5.03407054471069
2011-10-02,0.84035131,37010203.83989706,6050.0,30292.728710198717,5.00706259672706
2011-10-03,0.84387152,37163275.644517645,7250.0,36415.625237288164,5.02284486031561
2011-10-04,0.83346608,36702419.32854745,5600.0,27758.111475862097,4.95680562068966
2011-10-05,0.82223206,36206652.00537118,7250.0,35416.73669915253,4.88506713091759
2011-10-06,0.79686105,35088846.551078886,6400.0,30273.064292694336,4.73016629573349
2011-10-07,0.72247318,31749565.451979525,6900.0,29504.646722384576,4.27603575686733
2011-10-08,0.67368961,29584491.897106946,5950.0,23688.455315224986,3.98125299415546
2011-10-09,0.6969726,30579460.292862255,6350.0,26108.87998611921,4.11163464348334
2011-10-10,0.69210157,30331779.460240707,6150.0,25061.019276154308,4.07496248392753
2011-10-11,0.68231478,29858870.497889273,4650.0,18641.498905976056,4.00892449590883
2011-10-12,0.71047083,31055534.8247906,6000.0,24997.41205493862,4.16623534248977
2011-10-13,0.68913751,30111640.06092921,4850.0,19579.358286528324,4.03698109000584
2011-10-14,0.68173462,29761174.422796726,6950.0,27704.652153857412,3.98628088544711
2011-10-15,0.65700741,28674896.08875117,6700.0,25710.168355289297,3.83733856049094
2011-10-16,0.61884987,26995633.878132988,5950.0,21477.963213413175,3.60974171654003
2011-10-17,0.44588055,19319212.00116441,5900.0,15229.355658620709,2.58124672180012
2011-10-18,0.41992353,18143927.788263906,6000.0,14533.64842898892,2.42227473816482
2011-10-19,0.38682853,16622980.28690946,6650.0,14744.743841671512,2.21725471303331
2011-10-20,0.41178781,17677641.241997246,5750.0,13547.710173728836,2.35612350847458
2011-10-21,0.4496029,19298566.083949927,6050.0,15549.058445762736,2.57009230508475
2011-10-22,0.55278915,23709691.716022797,4900.0,15461.8820787259,3.15548613851549
2011-10-23,0.55184552,23668568.76036773,5400.0,16997.855021274132,3.14775092986558
2011-10-24,0.44332969,18986480.97197731,6350.0,16020.643585154907,2.52293599766219
2011-10-25,0.49277864,21104090.26777268,6450.0,18072.4087105494,2.80192383109293
2011-10-26,0.49043071,20936417.83833389,5850.0,16248.405648392776,2.7775052390415
2011-10-27,0.53782812,22971054.401854534,5000.0,15227.03913793105,3.04540782758621
2011-10-28,0.56150563,24000236.399504323,5250.0,16693.107042080646,3.17963943658679
2011-10-29,0.63046202,26960761.136865452,5650.0,20165.917673334327,3.56918896873174
2011-10-30,0.57571366,24623691.930465642,5550.0,18078.59066247806,3.25740372296902
2011-10-31,0.57758861,24703243.28021616,6550.0,21386.393293454137,3.26509821274109
2011-11-01,0.56157774,24015151.457530536,7500.0,23782.5580713033,3.17100774284044
2011-11-02,0.57806992,24682386.85307489,7700.0,25069.66436303329,3.2558005666277
2011-11-03,0.56292746,24038966.877402425,6250.0,19801.977407218,3.16831638515488
2011-11-04,0.55505983,23696205.442482483,7350.0,22932.86856294565,3.12011817182934
2011-11-05,0.53030549,22637220.458547063,7300.0,21738.06846464058,2.97781759789597
2011-11-06,0.52799021,22543785.247753855,7200.0,21331.588153360608,2.96272057685564
2011-11-07,0.5382165,22982488.077009577,6600.0,19917.200736294577,3.01775768731736
2011-11-08,0.54611468,23300822.37036146,7450.0,22771.42497729397,3.05656711104617
2011-11-09,0.53811177,22279947.3477768,8050.0,23502.516151957883,2.9195672238457
2011-11-10,0.52701216,21820347.509810768,7050.0,20139.749701578046,2.85670208533022
2011-11-11,0.56660138,23451502.02554609,5950.0,18253.77731426068,3.06786173348919
2011-11-12,0.55904007,23149486.62064156,7150.0,21632.48942074813,3.02552299590883
2011-11-13,0.55219421,22871438.55103002,7200.0,21501.887783986007,2.98637330333139
2011-11-14,0.4125825,17050348.665335946,7150.0,15903.20492009056,2.22422446434833
2011-11-15,0.43137161,17821975.68082523,8250.0,19159.66895470485,2.3223841157218
2011-11-16,0.50419206,19561187.608330775,6750.0,17190.771282510257,2.54678093074226
2011-11-17,0.45379982,17521005.033846974,6950.0,15839.716058591492,2.27909583576856
2011-11-18,0.42341662,16197114.58078273,6650.0,13998.688921376359,2.10506600321449
2011-11-19,0.44318529,16967718.464187235,6150.0,13551.258839070739,2.20345672180012
2011-11-20,0.44369635,16972164.42198365,7150.0,15744.224993950882,2.20198950964348
2011-11-21,0.45948528,17585961.913475055,5900.0,13451.287075862065,2.27987916540035
2011-11-22,0.46857456,17930657.691224217,7000.0,16257.21017299827,2.32245859614261
2011-11-23,0.4707238,18006992.76369496,6700.0,15613.167902279347,2.33032356750438
2011-11-24,0.49214464,18859607.39697097,5650.0,13779.6663516511,2.43887900029223
2011-11-25,0.50383539,19319412.48130571,6750.0,16849.086769725323,2.49616100292227
2011-11-26,0.50116148,19145697.405352406,6000.0,14830.79981414376,2.47179996902396
2011-11-27,0.50265443,19204473.05969395,5700.0,14122.12022182934,2.47756495119813
2011-11-28,0.52129794,19714179.479015123,6350.0,16136.875601417296,2.5412402521917
2011-11-29,0.56397222,21412425.611650568,6900.0,19028.11953103448,2.75769848275862
2011-11-30,0.60468486,23054151.09399792,8100.0,24024.93652162476,2.9660415458796
2011-12-01,0.62781131,23988094.551411457,9100.0,28051.563995265904,3.08258945002922
2011-12-02,0.63153668,24149343.782045193,7300.0,22632.9370319112,3.10040233313852
2011-12-03,0.57397228,21860825.491669815,7600.0,21309.307008065447,2.80385618527177
2011-12-04,0.57735261,22003481.91381096,6800.0,19173.919037054387,2.81969397603741
2011-12-05,0.58900798,22456183.221592706,7900.0,22710.89019608412,2.87479622735242
2011-12-06,0.6191175,23658167.432378404,8550.0,25866.831860242575,3.02536045149036
2011-12-07,0.61474353,23367079.594721854,6900.0,20599.966705581515,2.98550242109877
2011-12-08,0.61605341,23441533.14880873,8200.0,24533.41996101697,2.99188048305085
2011-12-09,0.60914874,23180502.77539354,7350.0,21725.070847749852,2.95579195207481
2011-12-10,0.63235376,24090228.22590125,7200.0,22096.621923085942,3.06897526709527
2011-12-11,0.66826403,25530155.153455257,7600.0,24694.44323845704,3.2492688471654
2011-12-12,0.65547484,25063770.9108632,6350.0,20239.57951388079,3.18733535651666
2011-12-13,0.66660548,25507851.906005234,6600.0,21391.183496317928,3.24108840853302
2011-12-14,0.65014649,24855140.432680648,7650.0,24136.41175853301,3.1550865043834
2011-12-15,0.6600436,25251622.339088503,5600.0,17937.57582746931,3.20313854061952
2011-12-16,0.66134284,25317850.63454451,5900.0,18933.91288620688,3.2091377773232
2011-12-17,0.65825176,25210863.29832633,7500.0,23944.062781998826,3.19254170426651
2011-12-18,0.65885831,25245461.401476543,7200.0,22996.877823962568,3.19401080888369
2011-12-19,0.72601344,27895746.925907142,7950.0,28029.902658796007,3.52577391934541
2011-12-20,0.81110758,31298866.569025926,6700.0,26482.090542869664,3.95255082729398
2011-12-21,0.79739555,30824549.3657256,7450.0,28972.999717942745,3.88899325073057
2011-12-22,0.79956455,30964929.807119716,7400.0,28882.647111805967,3.90306042051432
2011-12-23,0.80606997,31269805.44293884,7100.0,27959.552039450617,3.93796507597896
2011-12-24,0.80659692,31309912.20272104,7250.0,28560.788610169508,3.93941911864407
2011-12-25,0.86693708,33686973.46461242,8700.0,36834.64183728813,4.23386687784921
2011-12-26,0.81869415,31854606.05250128,8850.0,35392.22938189657,3.99912196405611
2011-12-27,0.83793425,32652135.89385177,7250.0,29692.5094576271,4.0955185458796
2011-12-28,0.86007177,33575903.96752232,7750.0,32606.54303974284,4.20729587609585
2011-12-29,0.85308817,33333816.19913024,6900.0,28796.130364698995,4.17335222676797
2011-12-30,0.88040913,34460941.12043629,7100.0,30605.509139041464,4.31063509000584
2011-12-31,0.96110917,37723643.50128429,7550.0,35593.01280195788,4.71430633138515
2012-01-01,1.07623657,42409572.65629943,7650.0,40505.54724652248,5.2948427773232
2012-01-02,1.05930034,41728286.73880565,7550.0,39296.82808366456,5.2048778918761
2012-01-03,0.99064729,39086320.3529375,7950.0,38720.54518860312,4.87050882875511
2012-01-04,1.13112076,44867464.81989899,7450.0,41613.51168985976,5.58570626709527
2012-01-05,1.37524885,55266279.58438087,7350.0,50523.90644789599,6.87400087726476
2012-01-06,1.3299183,53790339.744186595,8550.0,57142.357271800094,6.68331663997662
2012-01-07,1.34825017,54761626.32083,9200.0,62525.29742255988,6.79622798071303
2012-01-08,1.40190243,57240164.066982135,8150.0,57837.70211563416,7.09665056633548
2012-01-09,1.23859081,50773658.51437696,8200.0,51566.014408416115,6.28853834248977
2012-01-10,1.28528776,52756929.23926353,7050.0,46025.74561437756,6.52847455523086
2012-01-11,1.35196805,55724087.32970576,7650.0,52701.8270672998,6.88912772121566
2012-01-12,1.3223058,54841823.765283935,7750.0,52495.122517387535,6.77356419579194
2012-01-13,1.2583872,52302655.51812128,7000.0,45180.58223085911,6.45436889012273
2012-01-14,1.3151655,54844030.69970815,7500.0,50712.95356954995,6.76172714260666
2012-01-15,1.36849062,57206212.56436192,6950.0,48976.111779164174,7.04692255815312
2012-01-16,1.30213368,54575392.97636893,8750.0,58761.56708248103,6.71560766656926
2012-01-17,1.08841281,45550124.69889356,7850.0,43957.03231002337,5.59962195032145
2012-01-18,1.14730395,48033192.7342768,6400.0,37761.48024406784,5.9002312881356
2012-01-19,1.22398742,51462900.777829215,7500.0,47367.797562098174,6.31570634161309
2012-01-20,1.25883339,53023889.701581515,7250.0,47135.81691525424,6.50149198831093
2012-01-21,1.19649675,50457226.83712716,8200.0,50680.66026943309,6.18056832554062
2012-01-22,1.2195885,51499331.87281447,6800.0,42860.1771420222,6.30296722676797
2012-01-23,1.23243877,52141059.21099972,8500.0,54186.446655756896,6.37487607714787
2012-01-24,1.21229511,51363476.588777415,6950.0,43607.611506429,6.27447647574518
2012-01-25,1.12369377,47608030.13956038,7400.0,42997.44153629457,5.81046507247224
2012-01-26,1.04093223,44013389.23156589,6900.0,37033.86598544708,5.36722695441262
2012-01-27,1.03027298,43525207.67456645,7050.0,37387.11723857392,5.30313719696084
2012-01-28,1.09958449,46493492.38791757,7250.0,41033.52661864408,5.65979677498539
2012-01-29,1.04861043,44333949.5254596,8350.0,45018.43596874633,5.39142945733489
2012-01-30,1.07087848,45302689.83311997,8600.0,47329.944672238475,5.50348193863238
2012-01-31,1.07878577,45630179.81315586,7500.0,41536.652218001174,5.53822029573349
2012-02-01,1.18086101,50097529.46582305,7050.0,42830.39019836356,6.07523265225015
2012-02-02,1.18457113,50346734.51625903,7950.0,48491.60465768554,6.09957291291642
2012-02-03,1.15560669,49172452.217667244,7900.0,47017.726327469296,5.95161092752776
2012-02-04,1.14466214,48754423.46308414,7850.0,46278.99392647578,5.8954132390415
2012-02-05,1.10288002,46997711.316329435,7100.0,40314.62159158388,5.67811571712449
2012-02-06,1.066879,45419983.191335455,7300.0,40023.447626651054,5.48266405844535
2012-02-07,1.10174851,46944668.62652113,6850.0,38784.88974620108,5.66202770017534
2012-02-08,1.09353017,46624742.39378138,7250.0,40734.32937711865,5.6185281899474
2012-02-09,1.1353915,48469226.54864735,7250.0,42308.82394279659,5.83569985417884
2012-02-10,1.15551803,49358488.226060405,6900.0,40971.05567270602,5.93783415546464
2012-02-11,1.09013106,46693173.29529812,7500.0,42090.9963997662,5.61213285330216
2012-02-12,1.07230709,45962713.33737823,7900.0,43600.86763898301,5.51909716949152
2012-02-13,1.04822456,44577415.17757766,6850.0,36636.22873135591,5.34835455932203
2012-02-14,0.88628318,37401255.08279696,6900.0,30937.213233138547,4.48365409175921
2012-02-15,0.85881942,36111133.05854844,6700.0,28980.98615762713,4.3255203220339
2012-02-16,0.84731155,35553758.09455886,6900.0,29361.14941052015,4.25523904500292
2012-02-17,0.87548728,36725954.175571695,7600.0,33375.691633898336,4.39153837288136
2012-02-18,0.85418126,35746730.99238838,8550.0,36509.194923611925,4.27008127761543
2012-02-19,0.87896592,36781545.94740739,7900.0,34677.456519871404,4.38955145821157
2012-02-20,0.8748865,36607515.9514104,7000.0,30555.95157247227,4.36513593892461
2012-02-21,0.86595781,36215860.87369986,6450.0,27832.495632817052,4.31511560198714
2012-02-22,0.88771358,37125478.5490162,7950.0,35133.51678603156,4.41931028755114
2012-02-23,1.01031089,42377486.31112461,8300.0,41827.97547989476,5.03951511805961
2012-02-24,1.0069634,42297987.96025715,7450.0,37440.785253901246,5.02560875891292
2012-02-25,0.9562508,40207641.30931437,8250.0,39373.68089377561,4.77256738106371
2012-02-26,0.987122,41540764.98480974,7500.0,36948.156386616,4.9264208515488
2012-02-27,0.99206546,41798937.866346516,7700.0,38134.371323378095,4.95251575628287
2012-02-28,0.97277124,41033824.24768437,8000.0,38858.06220455872,4.85725777556984
2012-02-29,0.98303424,41208302.22607829,8950.0,43611.10136350086,4.87274875569842
2012-03-01,0.99267825,41662586.18774531,7550.0,37161.64453327,4.92207212361192
2012-03-02,0.95273137,39939932.61811872,6700.0,31589.318033459986,4.71482358708358
2012-03-03,0.93570447,39232224.08226488,5650.0,26149.291876534204,4.62819325248393
2012-03-04,0.97707036,41011143.32751193,6850.0,33113.889698889514,4.83414448158971
2012-03-05,1.00656035,42304951.977509074,7250.0,36122.34855296608,4.98239290385739
2012-03-06,1.00730295,42385380.61093899,6850.0,34166.713264114536,4.98784135242548
2012-03-07,0.99924077,42094384.31701072,7700.0,38108.16921119231,4.94911288457043
2012-03-08,0.99664788,42012666.455719486,7800.0,38492.84006125069,4.93497949503214
2012-03-09,0.98421823,41519969.8276717,8400.0,40927.30191864409,4.87229784745763
2012-03-10,0.97883044,41296814.08699309,8250.0,39941.74638953829,4.84142380479252
2012-03-11,0.98947911,41761245.32602048,6700.0,32776.59263576851,4.89202875160724
2012-03-12,0.99347632,41962583.91538562,8300.0,40759.966848275915,4.91083937931035
2012-03-13,1.06881595,45252318.763834044,8000.0,42327.04223027472,5.29088027878434
2012-03-14,1.08718901,46141650.809132226,6850.0,36925.22155175338,5.39054329222677
2012-03-15,1.07616655,45748352.00010949,6050.0,32311.96643828172,5.34082089888954
2012-03-16,1.07471861,45778525.85135406,7650.0,40847.74715382818,5.33957479135009
2012-03-17,1.05459511,44935070.058960654,8500.0,44506.03020952657,5.23600355406195
2012-03-18,1.06154819,45270265.30496867,8000.0,42161.19188310928,5.27014898538866
2012-03-19,0.94459498,40222970.5530753,7150.0,33452.508753185306,4.67867255289305
2012-03-20,0.97583693,41569730.370786965,8000.0,38646.64172998248,4.83083021624781
2012-03-21,0.97521983,41490751.30593745,7900.0,38056.113246230314,4.81722952483928
2012-03-22,0.958695,40773436.2164311,7900.0,37363.90718924601,4.72960850496785
2012-03-23,0.95107358,40475698.63549226,6300.0,29557.35201198131,4.69164317650497
2012-03-24,0.94428539,40176369.193750545,9200.0,42798.27364652251,4.65198626592636
2012-03-25,0.92514492,39350918.18706295,7850.0,35735.32155999417,4.55227026241964
2012-03-26,0.94207727,40081342.504943624,7550.0,34977.05381597018,4.63272235973115
2012-03-27,0.97836225,41664239.696358584,7800.0,37528.45773489189,4.81134073524255
2012-03-28,0.97414873,41520470.98195257,7500.0,35929.42043687902,4.79058939158387
2012-03-29,0.97547676,41584406.18960048,7050.0,33798.169333869075,4.79406657218001
2012-03-30,1.00380823,42205979.80307036,7700.0,37432.85204517828,4.86140935651666
2012-03-31,1.00947443,42493825.15661396,8500.0,41563.10342197543,4.88977687317358
2012-04-01,0.98982662,41689664.052434094,7100.0,34032.61230940971,4.79332567738165
2012-04-02,1.02854689,43368642.366962805,5800.0,28901.66377627121,4.98304547866745
2012-04-03,1.02616999,43168247.550650164,6650.0,32958.950732583304,4.95623319286967
2012-04-04,1.01818959,42867553.23762533,6850.0,33687.218917066006,4.91784217767387
2012-04-05,1.01855009,42922552.029745616,5850.0,28786.968082583277,4.92084924488603
2012-04-06,1.02383214,43202690.55167016,6800.0,33653.93053898305,4.94910743220339
2012-04-07,0.9749089,41143291.23986584,6450.0,30377.64182134715,4.70971191028638
2012-04-08,0.98932901,41782839.56524779,7500.0,35841.14136908243,4.77881884921099
2012-04-09,1.00365621,42462896.807013005,7300.0,35423.59588176508,4.85254738106371
2012-04-10,1.00159858,42401088.4610958,7350.0,35584.41931446521,4.84141759380479
2012-04-11,1.01641869,43082370.75858284,7050.0,34652.51755572765,4.91525071712449
2012-04-12,1.01283392,42989971.16982388,6350.0,31122.35423524254,4.90115814728229
2012-04-13,1.01932475,43311954.09871482,6150.0,30346.60141095852,4.93440673348919
2012-04-14,1.0235231,43539137.42750649,6950.0,34446.7343940678,4.95636466101695
2012-04-15,1.0239991,43611674.74663736,5350.0,26544.56181043251,4.9616003383986
2012-04-16,1.02128074,43553560.800325885,7500.0,37130.73426943305,4.95076456925774
2012-04-17,1.02477367,43745275.46240979,6750.0,33539.02542628582,4.9687445075979
2012-04-18,1.05577307,45148790.33724413,6500.0,33308.45337960257,5.12437744301578
2012-04-19,1.05634217,45246592.90008861,7850.0,40277.6161144652,5.13090651139684
2012-04-20,1.10253174,47365623.00814583,7700.0,41322.17295473406,5.36651596814728
2012-04-21,1.08513311,46665206.22001079,7700.0,40675.63761016949,5.28255033898305
2012-04-22,1.06645583,45933549.5300151,7000.0,36369.26296317944,5.19560899473992
2012-04-23,1.05038086,45219044.9331669,6750.0,34498.49529398013,5.11088819170076
2012-04-24,1.04562838,45050471.466024846,6900.0,35106.28411069552,5.08786726241964
2012-04-25,1.05274593,45622838.63011806,6350.0,32694.98315873755,5.14881624547048
2012-04-26,1.04365008,45206923.37657064,7750.0,39504.9994649328,5.09741928579778
2012-04-27,1.04332334,45227734.41518525,6750.0,34397.239544053176,5.09588733985973
2012-04-28,1.01826429,44154757.07409649,7600.0,37777.59856154296,4.9707366528346
2012-04-29,1.00664344,43593436.45400516,8950.0,43878.325290181136,4.90260617767387
2012-04-30,1.0154865,43988992.6093628,8950.0,44231.94544997077,4.9421168100526
2012-05-01,1.02469896,44432102.82168793,8500.0,42390.66643249566,4.98713722735243
2012-05-02,1.03816859,45060693.99293484,7500.0,37900.78015414965,5.05343735388662
2012-05-03,1.05122986,45684356.16636899,7850.0,40183.152884833406,5.11887297895967
2012-05-04,1.04434248,45427514.25634473,8050.0,40938.33206043246,5.08550708825248
2012-05-05,1.0384012,45211871.10384483,8350.0,42222.94036426071,5.05663956458212
2012-05-06,1.03909745,45174234.63571722,8200.0,41391.96633810636,5.0478007729398
2012-05-07,1.04315667,45394102.93312127,8500.0,43074.22486981297,5.06755586703682
2012-05-08,1.034375,45043365.44095108,8800.0,44206.50452109874,5.02346642285213
2012-05-09,1.03787929,45245170.57456233,8300.0,41842.84175493867,5.04130623553478
2012-05-10,1.01481717,44255453.155254096,6450.0,31782.30224241672,4.92748871975453
2012-05-11,1.02276513,44616259.12450594,7150.0,35490.52633911456,4.96370997749854
2012-05-12,1.01650991,44493514.95805544,6400.0,31657.80630368205,4.94653223495032
2012-05-13,1.01723564,44512502.76923229,7000.0,34613.56537638811,4.94479505376973
2012-05-14,1.03132782,45147226.035850845,6950.0,34829.479657729375,5.01143592197545
2012-05-15,1.03590742,45379981.29870543,6500.0,32718.662602279357,5.03364040035067
2012-05-16,1.04782389,45898889.95921177,6050.0,30781.096279807127,5.08778450905903
2012-05-17,1.04954557,45945344.73414308,5800.0,29520.037781355943,5.08966168644068
2012-05-18,1.05722248,46240989.25070914,7250.0,37107.68575,5.11830148275862
2012-05-19,1.05598806,46227078.43836977,7450.0,38088.46629360025,5.11254581122151
2012-05-20,1.05630265,46096356.36361108,6900.0,35149.986682232615,5.09420096843951
2012-05-21,1.05927394,46128634.017214514,6300.0,32093.59425333138,5.0942213100526
2012-05-22,1.05870456,46111877.49790641,5750.0,29262.55033547632,5.08913918877849
2012-05-23,1.0665583,46505109.03655517,6500.0,33337.58284848043,5.12885889976622
2012-05-24,1.06748348,46449140.22970589,6250.0,31994.735995032122,5.11915775920514
2012-05-25,1.07106937,46644625.559023045,6050.0,31080.52467960257,5.13727680654588
2012-05-26,1.0671858,46378529.921980076,7100.0,36238.24951402689,5.10397880479252
2012-05-27,1.07321035,46697743.55276292,7950.0,40820.19827331972,5.13461613500877
2012-05-28,1.07353739,46749756.86198268,7100.0,36467.910475277575,5.13632541905318
2012-05-29,1.07601639,46892736.00025146,6300.0,32435.365396376375,5.14847069783752
2012-05-30,1.07393,46833433.28993764,6550.0,33655.6329286382,5.13826456925774
2012-05-31,1.08799952,47264535.5087476,6900.0,35753.31407638805,5.18163972121566
2012-06-01,1.10502904,48082668.48518576,7600.0,40028.77256107542,5.26694375803624
2012-06-02,1.09982963,47911865.72850138,8000.0,41949.11248158968,5.24363906019871
2012-06-03,1.09327409,47669093.91673817,7650.0,39877.19313375221,5.21270498480421
2012-06-04,1.10255401,48131066.361903146,7750.0,40755.43539479839,5.25876585739334
2012-06-05,1.13624416,49701695.6204058,7350.0,39881.20506719755,5.42601429485681
2012-06-06,1.13951888,49927977.56410493,7650.0,41663.19607811219,5.44616942197545
2012-06-07,1.16734111,51259435.12363512,6950.0,38830.83017783457,5.58716980976037
2012-06-08,1.17328064,51623477.428412125,7050.0,39638.83016694919,5.62252910169492
2012-06-09,1.15906527,51069353.14652407,8550.0,47512.36996832262,5.55700233547633
2012-06-10,1.13827143,50203835.13773467,8300.0,45300.51662483924,5.45789356925774
2012-06-11,1.16358167,51430487.68591338,7000.0,39108.97887112797,5.58699698158971
2012-06-12,1.19076668,52768467.13245697,7800.0,44674.43212951485,5.72749129865575
2012-06-13,1.22631584,54487837.22417253,7500.0,44319.75992840445,5.90930132378726
2012-06-14,1.23632319,55020472.86502545,7800.0,46503.780820046784,5.96202318205728
2012-06-15,1.34544986,60252816.28575017,7950.0,51860.876717402134,6.52338071917008
2012-06-16,1.32650659,59571347.40222315,7800.0,50264.43460187026,6.44415828229106
2012-06-17,1.27481556,57364819.48809164,8200.0,50839.72520175334,6.1999664880187
2012-06-18,1.29624188,58445933.08848426,8750.0,55219.89085037994,6.31084466861485
2012-06-19,1.33207309,60197562.784370765,7350.0,47736.97636227351,6.49482671595558
2012-06-20,1.37148675,62087975.56125932,7250.0,48528.2451525424,6.69355105552309
2012-06-21,1.36507314,61935878.79594004,6800.0,45371.38502583286,6.67226250379895
2012-06-22,1.340806,60974000.209522955,6900.0,45289.95571507889,6.56376169783752
2012-06-23,1.31590739,59947245.3952569,8200.0,52869.841850379904,6.44754168907072
2012-06-24,1.29595593,59086522.12308456,6550.0,41595.73595265924,6.35049403857393
2012-06-25,1.28915512,58827936.836920895,7700.0,48644.54695131501,6.31747363004091
2012-06-26,1.31046257,59950340.33476917,7450.0,47924.813174225565,6.43286082875511
2012-06-27,1.34542168,61708332.83546785,8150.0,53918.06422238458,6.61571340151958
2012-06-28,1.33892459,61514234.841429844,6850.0,45141.94273579778,6.59006463296318
2012-06-29,1.35144702,62204229.6617025,7300.0,48609.070327264795,6.65877675715956
2012-06-30,1.35478588,62450576.142410286,6600.0,44090.8223119813,6.68042762302747
2012-07-01,1.3431952,61996862.02312367,7100.0,47050.706655639995,6.62686009234366
2012-07-02,1.36464463,63139118.93312333,7600.0,51250.4331864407,6.74347805084746
2012-07-03,1.30578732,60442815.61287616,8000.0,51599.93922618352,6.44999240327294
2012-07-04,1.31743258,61099319.27315391,7500.0,48861.2649985389,6.51483533313852
2012-07-05,1.34189548,62343495.4174786,7200.0,47825.269951139715,6.64239860432496
2012-07-06,1.34647254,62674734.90788985,7750.0,51709.404217562864,6.67218118936295
2012-07-07,1.37465592,64009620.52906012,8300.0,56508.6718084746,6.80827371186441
2012-07-08,1.37033073,63949204.91826815,7650.0,51991.830312448845,6.79631768790181
2012-07-09,1.41488587,66227870.77138379,8150.0,57314.026471157216,7.03239588603156
2012-07-10,1.45714854,67658405.19468668,7500.0,53839.35026738753,7.17858003565167
2012-07-11,1.45509139,67768447.00974861,6700.0,48140.49018638221,7.18514778901227
2012-07-12,1.52548031,71322291.27975276,7500.0,56669.5173765342,7.55593565020456
2012-07-13,1.53494235,72092290.42540485,8150.0,62192.0082363238,7.63092125599065
2012-07-14,1.53495281,71673457.79762772,8050.0,61020.03988497956,7.58012917825833
2012-07-15,1.54252702,72172253.37461399,7000.0,53390.64401811805,7.62723485973115
2012-07-16,1.70367355,80432043.4088138,7500.0,63700.54258036237,8.49340567738165
2012-07-17,1.73352208,82956039.79251386,8600.0,75267.06975347747,8.75198485505552
2012-07-18,1.79066623,86279636.68617417,7750.0,70487.74331765049,9.09519268614845
2012-07-19,1.73994899,84293767.0609294,6750.0,59936.85054113087,8.87953341350087
2012-07-20,1.67043972,81062036.8474379,7400.0,63140.13502559907,8.53245067913501
2012-07-21,1.73068675,84385115.1861667,7050.0,62573.30317925191,8.87564584102864
2012-07-22,1.65722469,80941985.21977906,7750.0,65925.85971697836,8.50656254412624
2012-07-23,1.65967218,81236668.77362959,7050.0,60145.039449503216,8.53121126943308
2012-07-24,1.66485314,81718713.03818189,8050.0,69025.41062381647,8.57458517066043
2012-07-25,1.69811126,83645016.87544204,8000.0,70154.7781835184,8.7693472729398
2012-07-26,1.71150143,84735065.96550438,8450.0,75000.21464015197,8.87576504617183
2012-07-27,1.71018114,84964035.35196172,8900.0,79133.99305850381,8.89145989421391
2012-07-28,1.69715731,84564417.21244654,7650.0,67645.5908407364,8.84256089421391
2012-07-29,1.67503455,83729650.97979732,8300.0,72605.74947188779,8.74768065926359
2012-07-30,1.73507837,87070078.9902547,8800.0,79977.19179099945,9.08831724897721
2012-07-31,1.77024687,89359853.31987952,6500.0,60586.4896136762,9.32099840210403
2012-08-01,1.80931121,91792148.9819308,6700.0,64105.740055844515,9.56802090385739
2012-08-02,1.9719365,101309923.54375552,8250.0,87046.07749269465,10.5510396960842
2012-08-03,2.02602743,104901352.0491232,8100.0,88418.50444777914,10.9158647466394
2012-08-04,2.01583662,105023525.55421202,7800.0,85173.7760700177,10.9197148807715
2012-08-05,1.9855767,103996446.38395108,6950.0,75095.56577402115,10.805117377557
2012-08-06,1.98923564,104691683.56105743,7000.0,76086.1255122738,10.8694465017534
2012-08-07,1.99677645,105473278.2221404,8200.0,89718.4914087667,10.9412794400935
2012-08-08,2.00790333,106809795.88965744,8300.0,91884.25025283491,11.0703915967271
2012-08-09,2.00671418,107225783.72411522,8500.0,94381.6603240799,11.1037247440094
2012-08-10,2.06026781,110635487.42798108,7800.0,89291.03667510234,11.4475688045003
2012-08-11,2.07039383,111650254.36542945,8400.0,96957.29842828764,11.5425355271771
2012-08-12,2.0737898,112226225.21950372,7950.0,92160.79149915247,11.5925523898305
2012-08-13,2.13114399,116120988.80014005,8000.0,95879.703922852,11.9849629903565
2012-08-14,2.1544732,118175116.36672884,7850.0,95668.7152258916,12.1870974810053
2012-08-15,2.30814027,127816786.7655184,8350.0,109970.14590495313,13.1700773538866
2012-08-16,2.33572798,130644707.35527684,7700.0,103571.08934991204,13.4507908246639
2012-08-17,2.0858717,117384750.6537378,6900.0,83331.338242373,12.0770055423729
2012-08-18,1.97544904,112617191.42044298,7550.0,87410.17909436004,11.5775071648159
2012-08-19,1.36686681,76241597.06059201,9100.0,71258.6587613384,7.83062184190532
2012-08-20,1.71866113,97254297.62726884,8700.0,86824.92684406784,9.97987664874343
2012-08-21,1.70425191,96590617.15186468,8650.0,85660.79445672123,9.90298201811806
2012-08-22,1.67933753,95394694.25352702,7800.0,76225.9257131502,9.772554578609
2012-08-23,1.72984273,98563560.45137784,8250.0,83231.42376504945,10.0886574260666
2012-08-24,1.80794118,103579438.0834687,7400.0,78395.91519848008,10.5940425943892
2012-08-25,1.80118006,103551116.36779428,6900.0,73027.369033606,10.5836766715371
2012-08-26,1.7917826,103272277.54724193,8950.0,94382.5001431912,10.545530742256
2012-08-27,1.83189532,106826341.31240284,7250.0,79027.75558474586,10.9003800806546
2012-08-28,1.83040885,107228161.791973,7550.0,82543.83692872604,10.9329585336061
2012-08-29,1.81697118,106680232.0397012,8400.0,91289.38477521912,10.8677839018118
2012-08-30,1.79273795,105388224.84199664,7700.0,82603.66605566922,10.7277488383986
2012-08-31,1.67505198,99315679.95897572,7000.0,70716.8687440096,10.1024098205728
2012-09-01,1.66090374,98453677.43007715,8050.0,80552.59014658116,10.0065329374635
2012-09-02,1.69521665,100697998.07804376,8200.0,83854.1528534193,10.2261162016365
2012-09-03,1.73716742,103449153.79694,7850.0,82402.50432703081,10.4971343091759
2012-09-04,1.71209367,102216419.7810208,7650.0,79284.61449073633,10.3640018942139
2012-09-05,1.81269181,108839992.77701966,9000.0,99229.7059059033,11.0255228784337
2012-09-06,1.82965166,110270518.50370324,8550.0,95424.57508492073,11.1607690157802
2012-09-07,1.81354854,109527232.63583648,8400.0,93039.42762781968,11.0761223366452
2012-09-08,1.80523977,109282433.32888374,7250.0,80063.70774152578,11.0432700333139
2012-09-09,1.8034734,109556670.67691284,7950.0,87943.65917156645,11.0620954932788
2012-09-10,1.78632149,110265963.61254425,7500.0,83439.66603594375,11.1252888047925
2012-09-11,1.80560418,111763030.6118705,7250.0,81693.67392584743,11.2680929552893
2012-09-12,1.80894872,112318809.25188173,7750.0,87693.4657888662,11.3152859082408
2012-09-13,1.81613397,113038122.8594748,6500.0,73971.94537668,11.38029928872
2012-09-14,1.86613678,116607709.44687808,8100.0,95013.8717417883,11.730107622443
2012-09-15,1.85833105,116575632.23739052,7200.0,84372.4325919348,11.7183934155465
2012-09-16,1.87885659,118347752.1589786,8050.0,95689.63535195788,11.8869112238457
2012-09-17,1.87699904,118660902.48040032,8400.0,100029.8641206312,11.908317157218
2012-09-18,1.92401948,122264149.0640175,8350.0,102368.08450306818,12.2596508386908
2012-09-19,1.9513395,124797693.40999308,7050.0,88159.22139222681,12.5048540981882
2012-09-20,1.91810213,123517671.27573656,7600.0,93990.54253489204,12.3671766493279
2012-09-21,1.90624657,123287120.19380532,8450.0,104219.40871224468,12.3336578357686
2012-09-22,1.88391087,122184176.7524369,7850.0,95877.76185682384,12.2137276250731
2012-09-23,1.87373566,121797452.58739762,7900.0,96107.15790777316,12.1654630263004
2012-09-24,1.86187643,121370769.43998057,7650.0,92668.953681531,12.11358871654
2012-09-25,1.86751446,122144938.29132256,6950.0,84667.7174918174,12.1824053945061
2012-09-26,1.88332202,123608911.07719636,7000.0,86238.7180181184,12.3198168597312
2012-09-27,1.87790927,123697386.92443845,8050.0,99165.948784585,12.3187514018118
2012-09-28,1.87920326,124424855.71188603,7900.0,97813.5133750442,12.3814573892461
2012-09-29,1.87778161,124763144.95418239,8400.0,104199.91264663932,12.4047515055523
2012-09-30,1.87229802,124729610.61187744,7950.0,98513.39865894205,12.3916224728229
2012-10-01,1.8688831,124788341.8225846,6550.0,81150.53829891895,12.3893951601403
2012-10-02,1.9232089,129090428.09204872,7300.0,93492.83809970792,12.8072380958504
2012-10-03,1.93693159,130670285.50199749,6650.0,86153.6127880772,12.9554304944477
2012-10-04,1.91743612,129816072.09317791,6550.0,84248.62684529542,12.8623857779077
2012-10-05,1.8990167,128790912.27879584,6800.0,86715.09204956176,12.7522194190532
2012-10-06,1.86118784,126392347.02922504,7750.0,96914.75528053795,12.5051297136178
2012-10-07,1.76871725,120087550.57604904,6250.0,74212.48178331375,11.8739970853302
2012-10-08,1.74493179,118769339.49312057,8900.0,104426.63475809444,11.7333297481005
2012-10-09,1.7595105,119818327.7471808,7100.0,83983.51039146709,11.8286634354179
2012-10-10,1.79846745,122750116.81018908,7450.0,90213.45416171836,12.109188478083
2012-10-11,1.79078273,122411314.48906244,6900.0,83266.10747726448,12.0675518082992
2012-10-12,1.7833828,122100407.82956965,7450.0,89609.10782787844,12.0280681648159
2012-10-13,1.76778643,121160702.5379814,7400.0,88258.34833711304,11.9268038293396
2012-10-14,1.72624831,118428590.74006346,6350.0,73981.17005134416,11.6505779608416
2012-10-15,1.76179327,121149067.61015467,8450.0,100625.2155021774,11.9083095268849
2012-10-16,1.7507955,120627515.20144685,7750.0,91822.14003448263,11.8480180689655
2012-10-17,1.7561613,121438778.88274582,7100.0,84627.65594114536,11.9193881607247
2012-10-18,1.75473806,121599076.91927172,7850.0,93618.57282960288,11.9259328445354
2012-10-19,1.72901826,119960921.8528851,6750.0,79363.02913106355,11.7574857971946
2012-10-20,1.71932352,119409417.79504204,7900.0,92385.5826586204,11.6943775517241
2012-10-21,1.70878321,119125804.49907812,8050.0,93842.16181751915,11.657411405903
2012-10-22,1.71974123,120072950.74899608,7850.0,92167.46161639375,11.7410779129164
2012-10-23,1.71372613,119808539.91377082,6500.0,76100.58124488626,11.7077817299825
2012-10-24,1.70097555,119151358.07987152,8100.0,94238.25433395641,11.6343523869082
2012-10-25,1.57445232,110208467.30059668,7150.0,76888.45321500557,10.7536298202805
2012-10-26,1.4868804,103907129.81990696,8250.0,83577.61082196076,10.130619493571
2012-10-27,1.53614064,107358406.44493102,8750.0,91509.13008766813,10.4581862957335
2012-10-28,1.57242952,110031900.95078166,8300.0,88892.68529611353,10.7099620838691
2012-10-29,1.56040388,109301962.21337628,7900.0,83982.83791069547,10.6307389760374
2012-10-30,1.59285398,111729837.03327024,7150.0,77644.1598678846,10.8593230584454
2012-10-31,1.63149593,114760401.03673296,7200.0,80251.71723436608,11.1460718381064
2012-11-01,1.5558671,109350090.90821236,6850.0,72702.71989450618,10.6135357510228
2012-11-02,1.5453108,108569913.2783006,7150.0,75293.10101747506,10.5305036388077
2012-11-03,1.56238365,109887377.78346366,7300.0,77750.4532407951,10.650747019287
2012-11-04,1.58109304,111479866.79207066,7850.0,84755.53070581492,10.7968828924605
2012-11-05,1.57225848,110986940.92462017,8000.0,85926.56588194,10.7408207352425
2012-11-06,1.58971981,112376509.54384236,6750.0,73360.33311908228,10.8681974991233
2012-11-07,1.60010198,113350715.0074326,7850.0,85989.67671414366,10.9540989444769
2012-11-08,1.5902082,112799238.90434064,7700.0,83873.7851576856,10.892699371128
2012-11-09,1.57844306,112085804.89997824,7600.0,82200.59085680913,10.8158672180012
2012-11-10,1.5845781,112655160.61829431,7200.0,78215.47518971376,10.8632604430158
2012-11-11,1.58025646,112512718.56121533,7350.0,79687.52869523659,10.8418406388077
2012-11-12,1.60489338,114552107.04302377,6600.0,72806.86020490938,11.0313424552893
2012-11-13,1.59806012,114282885.84278288,7000.0,76986.0194535362,10.9980027790766
2012-11-14,1.59128731,113955460.67442434,7150.0,78356.5097920512,10.9589524184687
2012-11-15,1.62005507,116279140.7682393,6800.0,75990.74703822297,11.1751098585622
2012-11-16,1.68971657,121878076.38037,7250.0,84861.575016949,11.705044829924
2012-11-17,1.69344447,122428861.15311757,7000.0,82250.2967942726,11.7500423991818
2012-11-18,1.67867627,121634501.08996607,7300.0,85159.10653465777,11.6656310321449
2012-11-19,1.6880353,122605492.63169713,7300.0,85778.86425990633,11.7505293506721
2012-11-20,1.67898029,122155599.30469324,7350.0,85988.90182828743,11.6991703167738
2012-11-21,1.68083489,122557615.51101328,7600.0,89141.4273369958,11.7291351759205
2012-11-22,1.75627213,128527465.32024261,7200.0,88502.385214962,12.2919979465225
2012-11-23,1.74998238,128505104.2609044,8150.0,100084.3440990937,12.2802876195207
2012-11-24,1.76602085,129989710.32066847,7550.0,93719.6932182348,12.4132043997662
2012-11-25,1.77806828,131300996.09654567,7300.0,91466.73327533632,12.5296894897721
2012-11-26,1.72578205,127780662.07478452,7850.0,95649.31598335788,12.1846262399182
2012-11-27,1.72025602,127604785.27999575,7400.0,89978.63784582097,12.1592753845704
2012-11-28,1.74127299,129500185.07707688,7000.0,86321.6187890126,12.3316598270018
2012-11-29,1.76192076,131295308.57732429,4150.0,51865.29586168927,12.4976616534191
2012-11-30,1.77041545,132264146.2162412,3125.0,39331.68414852438,12.5861389275278
2012-12-01,1.76938314,132382377.27418672,4175.0,52573.21518329917,12.5923868702513
2012-12-02,1.75501044,131434197.8797226,3575.0,44680.152504755984,12.4979447565751
2012-12-03,1.77399667,133152967.67206888,3675.0,46514.320050745315,12.6569578369375
2012-12-04,1.85774266,140687388.18906176,2800.0,37434.85082828764,13.3695895815313
2012-12-05,1.84294645,140129874.8850083,3050.0,40603.88817738152,13.3127502220923
2012-12-06,1.8612199,141914659.9815795,3425.0,46161.891550621,13.4779245403273
2012-12-07,1.8543992,141951363.36267227,3225.0,43464.23589945948,13.4772824494448
2012-12-08,1.85513901,142237049.86246952,3450.0,46574.946211455375,13.4999844091175
2012-12-09,1.83087828,140662080.57908487,3150.0,42041.50930572768,13.3465108907072
2012-12-10,1.84712224,142246364.18187144,3575.0,48234.81727688481,13.4922565809468
2012-12-11,1.85959868,143593823.10198697,3600.0,49015.4963985972,13.615415666277
2012-12-12,1.86112478,144195074.1623218,3250.0,44421.694338471774,13.6682136426067
2012-12-13,1.86515926,145158343.0619243,3275.0,45048.44873045002,13.7552515207481
2012-12-14,1.84173767,143565757.99748012,2650.0,36042.44396985693,13.6009222527762
2012-12-15,1.83124675,142866381.2634929,2900.0,39239.75003728829,13.5309482887201
2012-12-16,1.80326306,140811878.1046288,2775.0,36998.68948746344,13.3328610765634
2012-12-17,1.80108367,140721431.00088724,3350.0,44622.24103749284,13.3200719514904
2012-12-18,1.79259699,140255402.26413545,3125.0,41475.1058408825,13.2720338690824
2012-12-19,1.82412757,143119865.17911875,3550.0,48061.828289041536,13.5385431800117
2012-12-20,1.82505515,143488650.60438243,2650.0,35960.57161969606,13.5700270263004
2012-12-21,1.80384887,142039402.18769133,3150.0,42301.24920736407,13.4289680023378
2012-12-22,1.80284753,142072208.10593084,3825.0,51359.09321690523,13.4272139129164
2012-12-23,1.78784107,140958364.20494068,3050.0,40620.222558445275,13.3181057568673
2012-12-24,1.80152292,142151634.76233035,3300.0,44307.98681607243,13.4266626715371
2012-12-25,1.79274659,141546232.00921187,3100.0,41433.25771449436,13.3655670046756
2012-12-26,1.80324201,142541973.1363691,3850.0,51800.59121750436,13.4546990175336
2012-12-27,1.79484765,142007355.02252895,3900.0,52257.28240660434,13.3993031811806
2012-12-28,1.80018039,142659861.3989672,4225.0,56849.51801087088,13.4555072215079
2012-12-29,1.78895887,141843881.44588754,3600.0,48146.41389713616,13.3740038603156
2012-12-30,1.79682629,142652805.32885808,4150.0,55796.8072656342,13.445013798948
2012-12-31,1.80428719,143773034.30048576,3950.0,53504.93215222079,13.5455524436002
2013-01-01,1.77533304,141553700.3889638,4050.0,53992.054259000775,13.3313714219755
2013-01-02,1.7682754,141065475.5141025,3825.0,50798.321059628994,13.2806068129749
2013-01-03,1.78037669,142218776.59604105,4050.0,54205.52865122736,13.3840811484512
2013-01-04,1.78670376,142988969.6610883,3825.0,51452.83339729688,13.4517211496201
2013-01-05,1.78641402,143118110.5322258,3525.0,47444.408852980574,13.459406766803
2013-01-06,1.79112313,143646517.73434663,3625.0,48953.79984110161,13.5044965078901
2013-01-07,1.79609055,144251948.58030665,4200.0,56935.4589627705,13.5560616578025
2013-01-08,1.82064961,146684458.57620788,3325.0,45819.66584877259,13.7803506312098
2013-01-09,1.82378518,147161591.17636865,3250.0,44918.10458386908,13.8209552565751
2013-01-10,1.85730887,150431420.63300768,3675.0,51902.660244477,14.12317285564
2013-01-11,1.86676138,151585555.62008733,2925.0,41615.79178400046,14.2276211227352
2013-01-12,1.86299654,151486828.9300193,3050.0,43353.57125094976,14.2142856560491
2013-01-13,1.85333941,150963772.34194258,3325.0,47084.62098809187,14.1607882670953
2013-01-14,1.87068729,152695639.4724109,3925.0,56198.03350710096,14.3179703202805
2013-01-15,1.86625363,152692733.03591055,3025.0,43298.75419861178,14.3136377516072
2013-01-16,1.91141576,156945831.87205285,3275.0,48168.09100695503,14.7078140479252
2013-01-17,2.0121271,166494616.2611942,2775.0,43286.11427746215,15.598599739626
2013-01-18,2.01889919,167793020.99875107,3025.0,47540.26814981021,15.7157911239042
2013-01-19,1.99859889,166489995.40949845,3850.0,60014.28663909987,15.5881263997662
2013-01-20,2.01174993,167945212.40042016,3250.0,51088.67444637645,15.7195921373466
2013-01-21,2.13015937,179340683.40517497,3300.0,55377.36441846873,16.7810195207481
2013-01-22,2.1703499,184951279.27710688,3600.0,62280.64381928688,17.3001788386908
2013-01-23,2.18559134,187531843.02921993,3150.0,55239.64558198412,17.5363954228521
2013-01-24,2.09953529,180803844.8818156,3900.0,65914.235681502,16.90108607218
2013-01-25,2.15223509,186277774.0203673,3425.0,59619.666950087754,17.4072020292227
2013-01-26,2.16087068,187913177.8219317,3900.0,68459.15378663712,17.5536291760608
2013-01-27,2.18079976,191309887.26549783,3775.0,67438.97075595192,17.8646280148217
2013-01-28,2.27526587,201334311.6529999,3675.0,69068.92341320869,18.7942648743425
2013-01-29,2.32416991,209129236.71640304,3950.0,77083.12103528618,19.5147141861484
2013-01-30,2.32557517,211591642.9422604,3825.0,75495.73357563566,19.7374466864407
2013-01-31,2.38254625,219990240.12939495,4825.0,98968.67762304931,20.5116430306838
2013-02-01,2.33077644,219330148.6105789,3675.0,75128.36293891005,20.443091956166
2013-02-02,2.2350697,210745061.1346712,3825.0,75107.3240232904,19.6359017054354
2013-02-03,2.32891208,220962040.1641314,4650.0,95692.06952700183,20.5789396832262
2013-02-04,2.30317042,219559249.87727037,4100.0,83806.00064184701,20.4404879614261
2013-02-05,2.31494333,221996328.467677,4175.0,86252.7642379162,20.6593447276446
2013-02-06,2.36137756,227975427.46700156,3650.0,77411.26419126235,21.2085655318527
2013-02-07,2.44320117,237833763.17360315,3850.0,85153.39593885971,22.1177651789246
2013-02-08,2.48951622,245120036.30912855,3775.0,86022.30306348538,22.7873650499299
2013-02-09,2.57029343,255386181.09182903,3575.0,84848.55004951789,23.7338601537113
2013-02-10,2.57573299,257273226.9911904,4025.0,96198.66466233192,23.9002893571011
2013-02-11,2.61956557,263796794.8644884,3975.0,97376.65896228832,24.4972726949153
2013-02-12,2.64695645,269078968.80016905,3475.0,86804.58401559024,24.9797364073641
2013-02-13,2.58643345,265542492.30472648,4275.0,105343.05774621313,24.6416509347867
2013-02-14,2.81731895,294102520.84549767,3775.0,102991.02157164722,27.2823898203039
2013-02-15,2.76388477,293026238.9197121,4475.0,121591.42980024844,27.1712692291058
2013-02-16,2.75541364,295041582.57998717,4725.0,129210.62283022369,27.3461635619521
2013-02-17,2.69341809,290648438.39227146,4700.0,126558.08146902408,26.9272513763881
2013-02-18,2.67527962,290774272.72980016,4025.0,108388.69223914396,26.9288676370544
2013-02-19,2.87905367,317721259.2488633,3975.0,116919.15691356672,29.4136243807715
2013-02-20,2.88625353,322252661.8258017,4825.0,143880.56987338568,29.8198072276447
2013-02-21,2.8644687,322365075.93125725,4400.0,131199.50322969028,29.8180689158387
2013-02-22,2.89510636,329571373.87658,4250.0,129508.7902628581,30.4726565324372
2013-02-23,2.81513609,322488396.10531163,4100.0,122206.46363810636,29.8064545458796
2013-02-24,2.78872419,323431477.0117495,3900.0,116543.1091203682,29.8828484924021
2013-02-25,2.77552491,328664404.9982788,5100.0,154795.36878436588,30.3520330949737
2013-02-26,2.82058485,337494377.83787733,4150.0,129295.4800052892,31.1555373506721
2013-02-27,2.81550442,338562887.3884732,4825.0,150734.2597254383,31.2402610829924
2013-02-28,2.93242114,361841246.9160514,4200.0,140176.23453366457,33.3752939365868
2013-03-01,2.99916694,375318347.57353085,3800.0,131503.77672965752,34.6062570341204
2013-03-02,2.94238341,370423510.0792244,3625.0,123770.24522457612,34.143515924021
2013-03-03,2.95351788,373906111.1576378,4025.0,138668.2554501608,34.451740484512
2013-03-04,3.07990408,394955838.76547873,4475.0,162783.78699701943,36.3762652507306
2013-03-05,3.34059331,441748538.91279936,3475.0,141338.51511620457,40.6729539902747
2013-03-06,3.41073072,470285631.9407903,3875.0,167729.36021770153,43.2849961852133
2013-03-07,3.24461202,455921062.30838406,4000.0,167789.7628633548,41.9474407158387
2013-03-08,3.35334641,477350610.89984405,4000.0,175611.715659848,43.902928914962
2013-03-09,3.50857536,510011367.6934876,4225.0,198104.27843700384,46.8885866123086
2013-03-10,3.41442475,501275189.68221486,4575.0,210752.1259500078,46.0660384590181
2013-03-11,3.52669627,525511108.0816515,4100.0,197927.8057665938,48.275074577218
2013-03-12,3.21775227,483625303.7749541,3375.0,149895.71524646415,44.4135452582116
2013-03-13,3.35448171,512150414.042648,3925.0,184538.54909245504,47.0161908515809
2013-03-14,3.31080577,511373186.01099753,4475.0,209991.8924271152,46.9255625535453
2013-03-15,3.27320999,511323729.65172184,4300.0,201680.8241656359,46.9025172478223
2013-03-16,3.26643484,514304542.94810313,4375.0,206311.94368571017,47.1570156995909
2013-03-17,3.25507816,516476633.81661993,5225.0,247317.53637010523,47.3334997837522
2013-03-18,3.46957223,560714853.2440112,4750.0,243985.8228584745,51.3654363912578
2013-03-19,3.86035942,649750892.1279707,4250.0,252869.05472355583,59.4986011114249
2013-03-20,4.00566845,695831303.4244559,5275.0,335951.4860029517,63.6874854981899
2013-03-21,4.23461019,775211153.6449282,5450.0,386500.5112790022,70.9175250053215
2013-03-22,4.05568242,763898930.1196951,5725.0,399868.8340017386,69.8460845417884
2013-03-23,3.70672564,704500327.6151553,5425.0,349278.4063101985,64.3831163705435
2013-03-24,4.02556381,784797927.6057001,4725.0,338737.2543755981,71.6904242064758
2013-03-25,4.02378239,813786823.9952371,3600.0,267530.7212984221,74.3140892495617
2013-03-26,4.15075356,861172528.4298557,3775.0,296768.5953058332,78.6141974320088
2013-03-27,4.49610198,973613530.4479171,3275.0,290990.561717768,88.8520799138223
2013-03-28,4.28052357,961096549.4737965,4575.0,401104.7708708503,87.6731739608416
2013-03-29,4.30087359,990238153.5467443,4350.0,392786.2922084745,90.29569935827
2013-03-30,4.24924608,1011410501.7964928,4325.0,398721.57694944466,92.1899599883109
2013-03-31,4.26532297,1030559616.8999578,4225.0,396724.28233778506,93.8992384231444
2013-04-01,4.45266486,1137324100.7828927,4950.0,512722.7172102569,103.580346911163
2013-04-02,4.75336825,1281687160.0164895,4525.0,527976.7476913078,116.679944241173
2013-04-03,4.85046378,1443789615.4101913,4375.0,574808.5410294237,131.384809378154
2013-04-04,4.73920513,1462129293.4937856,3850.0,512077.4138316183,133.007120475745
2013-04-05,4.71276367,1568432428.539234,3950.0,563372.9586776751,142.626065488019
2013-04-06,4.6145611,1574027367.5374389,4075.0,583058.428582102,143.081822964933
2013-04-07,5.04960835,1792186961.141899,4100.0,667694.0797651096,162.852214576856
2013-04-08,5.33290242,2051514747.0419729,3875.0,722110.7521611627,186.351161848042
2013-04-09,5.64074143,2540572928.617984,4400.0,1015005.1854589108,230.682996695207
2013-04-10,3.7993504,1776029674.5699651,4775.0,769696.0481313561,161.192889661017
2013-04-11,2.09881888,913744570.1872934,4000.0,331606.340151958,82.9015850379895
2013-04-12,2.84072926,1229179118.960385,4325.0,482135.31406421866,111.476373194039
2013-04-13,2.50198944,1076680752.5950675,4175.0,407517.8750582992,97.6090718702513
2013-04-14,2.29456796,980530113.2224425,3825.0,339895.2046041061,88.8614913997663
2013-04-15,2.11528578,892732454.128854,4100.0,331586.24198053766,80.8746931659848
2013-04-16,1.81094891,754043176.5032614,4425.0,302152.8888672414,68.2831387270602
2013-04-17,2.42321708,1025884320.2421464,4275.0,396993.7578052163,92.8640369135009
2013-04-18,2.78425484,1200434439.8990364,3675.0,399209.1682143642,108.628345092344
2013-04-19,3.00006559,1315593293.9734411,3425.0,407617.0700937189,119.012283239042
2013-04-20,3.18525555,1417741977.5334146,3850.0,493601.9122382233,128.208288893045
2013-04-21,2.91485166,1310722638.199706,4400.0,521326.2725276452,118.483243756283
2013-04-22,3.07341776,1397836653.5164456,3825.0,483152.0894811968,126.31427175979
2013-04-23,3.38292483,1573425024.8333805,4200.0,596934.315823377,142.127218053185
2013-04-24,3.50996743,1706962826.9867718,4050.0,624239.775108225,154.1332778045
2013-04-25,3.16156158,1562219397.6988719,4300.0,606337.2348975156,141.008659278492
2013-04-26,3.0583438,1520716614.2806685,4275.0,586571.0417939525,137.209600419638
2013-04-27,2.83739563,1421628544.643054,3675.0,471233.0107991174,128.226669605202
2013-04-28,2.9627086,1493145659.0043013,4425.0,595709.2953103455,134.62356956166
2013-04-29,3.11966325,1595664561.2153351,4350.0,625575.14513771,143.810378192577
2013-04-30,3.00006777,1544247234.8898036,3725.0,518257.9371062239,139.129647545295
2013-05-01,2.52047369,1289224863.257716,3775.0,438329.5989272344,116.113801040327
2013-05-02,2.32100761,1181072403.7427328,3350.0,356242.2987357976,106.340984697253
2013-05-03,2.10886798,1070069481.6966928,3425.0,329885.1779388223,96.3168402741087
2013-05-04,2.45598818,1250283521.354362,3975.0,447178.10456710093,112.497636369082
2013-05-05,2.53233335,1295120354.823742,4125.0,480515.9527863833,116.488715827002
2013-05-06,2.43394807,1246998701.4902172,4150.0,465292.17421010905,112.118596195207
2013-05-07,2.41884231,1241802027.6661525,4200.0,468758.6940685572,111.609212873466
2013-05-08,2.44959787,1259256954.5163176,4125.0,466686.25515089737,113.136061854763
2013-05-09,2.42161822,1246787690.843792,4100.0,459095.5841138536,111.974532710696
2013-05-10,2.54554421,1310944548.467899,4300.0,506071.4585998842,117.691036883694
2013-05-11,2.486801,1287061932.244286,4550.0,525523.9883656035,115.49977766277
2013-05-12,2.46930854,1280701257.614276,4200.0,482519.8373503788,114.885675559614
2013-05-13,2.5169175,1309290368.328104,4350.0,510709.3864105916,117.404456646113
2013-05-14,2.31657619,1203328284.354879,3850.0,415282.4312916433,107.865566569258
2013-05-15,2.33507149,1216221320.3093536,3525.0,384178.65479982406,108.986852425482
2013-05-16,2.41471463,1260506722.5284379,3700.0,417796.1339859731,112.917874050263
2013-05-17,2.50090692,1309724907.460184,4025.0,472070.5794564586,117.284616014027
2013-05-18,2.50453812,1320050853.4789565,3725.0,440182.7906341324,118.169876680304
2013-05-19,2.47744864,1307817307.5679667,3900.0,456432.1327293975,117.033880187025
2013-05-20,2.48938747,1316966680.7029214,3225.0,379965.1026154307,117.818636469901
2013-05-21,2.4741524,1311075950.280394,3775.0,442626.4544418487,117.252040911748
2013-05-22,2.50485148,1330841045.243314,3900.0,464014.87697253,118.9781735827
2013-05-23,2.59511089,1384488238.2845275,4350.0,538208.7788135589,123.726156049094
2013-05-24,2.69072496,1443723531.7086802,4225.0,544902.8157656343,128.971080654588
2013-05-25,2.65472177,1442842700.700099,4125.0,531485.2754237276,128.844915254237
2013-05-26,2.67740913,1458084131.9281435,4075.0,530396.2995251328,130.158601110462
2013-05-27,2.59424673,1416455569.2618315,4400.0,556128.7859731164,126.392905902981
2013-05-28,2.57846403,1411480509.952701,3950.0,497323.1513004077,125.904595265926
2013-05-29,2.63946924,1453058332.4655852,4200.0,544172.212039743,129.564812390415
2013-05-30,2.56977125,1419399429.3802016,4475.0,566145.9810052614,126.513068381064
2013-05-31,2.58656508,1434582209.346897,4375.0,559197.1389173006,127.816488895383
2013-06-01,2.59949225,1446207401.3631341,5325.0,685812.8795075977,128.791151081239
2013-06-02,2.47023042,1377596394.8728476,4975.0,610067.8769871416,122.626708942139
2013-06-03,2.47098358,1381873848.829096,5325.0,654704.4255771489,122.949187901812
2013-06-04,2.41037014,1351501920.6073377,5325.0,640011.5834964942,120.189968731736
2013-06-05,2.41605705,1359703823.5926516,4600.0,556001.6496902384,120.869923845704
2013-06-06,2.36554851,1339814370.1351333,4525.0,538719.2399057726,119.053975669784
2013-06-07,2.19162685,1240591162.2237136,4025.0,443545.86906049,110.1977314436
2013-06-08,2.17144932,1229611335.792512,4525.0,494032.9176694775,109.178545341321
2013-06-09,1.98865953,1125550441.613678,3975.0,397116.82370689674,99.9036034482759
2013-06-10,2.07770045,1176184371.0284529,4350.0,453955.41483050806,104.357566627703
2013-06-11,2.13557988,1212170386.11142,4500.0,483783.842051433,107.507520455874
2013-06-12,2.11326913,1199975980.6649568,5075.0,539868.9402542391,106.378116306254
2013-06-13,2.01619261,1143434086.4142456,4650.0,471156.12440093415,101.323897720631
2013-06-14,1.97525553,1120061949.2339363,4500.0,446459.59935710154,99.2132443015781
2013-06-15,1.98785838,1127965182.1743383,4325.0,431959.5367767387,99.8750374050263
2013-06-16,1.97078129,1118973897.9741035,4625.0,458052.3745616598,99.0383512565751
2013-06-17,1.99247389,1131628982.2687159,3625.0,362957.8559322042,100.126305084746
2013-06-18,2.07413684,1179042827.4145336,3500.0,365012.1173378155,104.289176382233
2013-06-19,2.07549068,1180844662.277501,3400.0,355018.3126826408,104.417150789012
2013-06-20,2.07320647,1180187215.6524065,3850.0,401645.4738749261,104.323499707773
2013-06-21,2.01650897,1147731005.58289,4200.0,425950.8010520154,101.416857393337
2013-06-22,1.9886398,1132583770.1846802,4400.0,440173.8372881344,100.039508474576
2013-06-23,1.99397986,1136113617.018969,4125.0,413798.3214494456,100.314744593805
2013-06-24,1.96797679,1122112296.7522929,3750.0,371421.3120981881,99.0456832261835
2013-06-25,1.94416036,1108755117.731877,3925.0,383993.6957261837,97.8327887200468
2013-06-26,1.95910003,1118465117.7360034,4350.0,429134.8983050848,98.6517007597896
2013-06-27,1.92349796,1097920368.0880265,4175.0,404156.489576096,96.8039495990649
2013-06-28,1.78128607,1014602834.5870994,4225.0,377818.5408971363,89.4245067212157
2013-06-29,1.76821188,1007861667.6620926,4225.0,375168.5547194623,88.7972910578609
2013-06-30,1.78301213,1015963076.0984952,3825.0,342264.4717855055,89.4809076563413
2013-07-01,1.65189371,941200729.8550057,3925.0,325255.21277761535,82.8675701344243
2013-07-02,1.74762367,997745649.5225524,3825.0,335897.98507451767,87.8164666861484
2013-07-03,1.55181119,883064123.3690087,4600.0,357380.12168322643,77.6913308007014
2013-07-04,1.58276019,899798285.1809639,4125.0,326431.34219754545,79.1348708357686
2013-07-05,1.36137275,767222778.3446608,4650.0,313631.4509151373,67.4476238527177
2013-07-06,1.34844416,754952725.1660112,4675.0,310147.3581531269,66.3416808883694
2013-07-07,1.46501861,820924713.9615766,4650.0,335309.2790338985,72.1095223728814
2013-07-08,1.50296907,842671531.8697888,4800.0,355145.0580946814,73.9885537697253
2013-07-09,1.52222014,853306435.0262109,4625.0,346375.0877776156,74.8919108708358
2013-07-10,1.71733658,969046682.8402269,4875.0,414441.6857831679,85.0136791350088
2013-07-11,1.76516035,997740225.7832276,4350.0,380614.33983050846,87.4975493863238
2013-07-12,1.81083744,1027155020.5523934,3850.0,346679.7900496785,90.0466987142022
2013-07-13,1.83583015,1045148461.760039,3925.0,359500.94674167165,91.5925978959673
2013-07-14,1.80117415,1026132821.0209174,4300.0,386536.7578862066,89.892269275862
2013-07-15,1.87663807,1071080758.5093728,4100.0,384564.2254237289,93.7961525423729
2013-07-16,1.83749352,1048445957.7488548,4100.0,376302.24617182935,91.7810356516657
2013-07-17,1.8238974,1040300802.3742748,4600.0,418744.21578024555,91.0313512565751
2013-07-18,1.7072557,971279496.8994904,4025.0,341970.9596978377,84.9617291174752
2013-07-19,1.7344736,986247535.3901426,4275.0,368670.8469135008,86.2387945996493
2013-07-20,1.70903901,971455782.516991,4650.0,394835.4950321448,84.9108591466978
2013-07-21,1.72424963,980502571.4748515,4975.0,426180.1425526301,85.6643502618352
2013-07-22,1.72449453,980680504.4855705,4125.0,353302.2431326711,85.6490286382233
2013-07-23,1.75049177,996193006.283257,3525.0,306594.12483927526,86.977056691993
2013-07-24,1.77287254,1009997554.026626,3975.0,350403.129003507,88.15173056692
2013-07-25,1.81143598,1033406188.43913,3650.0,329106.2366277032,90.166092226768
2013-07-26,1.80661592,1031687977.5496286,4100.0,368934.3424897719,89.9839859731151
2013-07-27,1.76941732,1011234977.8688718,4525.0,398947.87327586225,88.165275862069
2013-07-28,1.85884089,1064162528.935402,4200.0,389532.5372296903,92.7458421975453
2013-07-29,1.869772,1070921147.5860304,4450.0,415179.2027761544,93.2986972530684
2013-07-30,1.93317595,1109974490.9137096,4925.0,476048.29799824656,96.659552893045
2013-07-31,1.95512089,1126113338.875797,4750.0,465615.9946668616,98.0244199298656
2013-08-01,1.92448734,1109809374.1967292,4425.0,427313.47887931054,96.5680178258329
2013-08-02,1.90836477,1104599123.6600633,4800.0,461157.7472822909,96.0745306838106
2013-08-03,1.88398021,1098476608.5801706,4250.0,405903.5154880186,95.5067095265926
2013-08-04,1.89918712,1108785073.3685734,4475.0,431235.5327293982,96.3654821741672
2013-08-05,1.91794773,1122611899.2791588,4725.0,460815.7073933376,97.5271338398598
2013-08-06,1.91969225,1124734225.1187468,4750.0,463938.2313705433,97.6712066043249
2013-08-07,1.90613164,1118080457.817728,4650.0,451302.06206896546,97.0542068965517
2013-08-08,1.85073304,1086342372.663535,5125.0,483068.5178258328,94.2572717708942
2013-08-09,1.81530455,1066226355.0628034,4875.0,450804.7866014028,92.4727767387493
2013-08-10,1.83035886,1076179830.5362253,5250.0,489791.1526884863,93.293552893045
2013-08-11,1.84834368,1087967756.9501717,5400.0,509065.086908241,94.271312390415
2013-08-12,1.87013093,1102045453.0971503,5400.0,515410.94219754526,95.4464707773232
2013-08-13,1.90506811,1129194526.9368842,4575.0,447247.768512712,97.7590750847458
2013-08-14,1.92870802,1145345466.2011495,4200.0,416309.4077147867,99.1212875511397
2013-08-15,1.90518517,1134034630.235901,4250.0,416951.9158386909,98.1063331385155
2013-08-16,1.90684121,1136581601.4061985,4200.0,412822.03308007034,98.2909602571596
2013-08-17,1.92994937,1152544584.159651,4750.0,473244.89582115714,99.6305043834015
2013-08-18,1.91982911,1147791400.8145003,4850.0,481013.4927527764,99.1780397428405
2013-08-19,1.98520771,1189978283.6690152,4425.0,454819.2543103437,102.784012273524
2013-08-20,2.01417621,1210343889.867498,4750.0,496376.0021916985,104.500210987726
2013-08-21,2.12829753,1283870902.1012616,4900.0,542927.8583284647,110.801603740503
2013-08-22,2.10024403,1269649511.6129043,5400.0,591425.3708942148,109.523216832262
2013-08-23,2.06093411,1249013410.2953281,4900.0,527718.1008182341,107.697571595558
2013-08-24,2.08130944,1263255684.7992575,4575.0,498138.23832554056,108.882675043834
2013-08-25,2.15729459,1312409633.4811797,3775.0,426886.676884864,113.082563413209
2013-08-26,2.13483001,1301681760.4188886,4150.0,465290.176607248,112.11811484512
2013-08-27,2.23422335,1367678672.2776241,4225.0,497535.1159848037,117.759790765634
2013-08-28,2.23736392,1374681503.3539236,4450.0,526512.4939801287,118.317414377557
2013-08-29,2.23910779,1381264032.0301714,4725.0,561498.3906049081,118.835638223261
2013-08-30,2.34219842,1452222118.0856152,5125.0,640037.5704631815,124.885379602572
2013-08-31,2.39605237,1493551306.6732554,5575.0,715707.232700177,128.377978959673
2013-09-01,2.42498554,1519383296.7493236,5525.0,721213.4553258349,130.536372004676
2013-09-02,2.39758629,1508777714.0791569,5375.0,696413.8729544134,129.565371712449
2013-09-03,2.37429811,1504949277.878628,4850.0,626536.5975745182,129.182803623612
2013-09-04,2.2514393,1427936118.68676,4075.0,499306.6479032712,122.529238749269
2013-09-05,2.24501895,1426628972.963139,4475.0,547606.1305450008,122.370085037989
2013-09-06,2.16099099,1374607454.794005,4625.0,545107.8021259509,117.861146405611
2013-09-07,2.19342788,1397829338.2760193,3625.0,434329.3368644055,119.814989479836
2013-09-08,2.15970205,1377787522.411971,3925.0,463375.241320864,118.057386323787
2013-09-09,2.21003514,1415770494.889775,5075.0,615390.8086864431,121.259272647575
2013-09-10,2.22281192,1427518920.9370587,4775.0,583579.1566542083,122.215530189363
2013-09-11,2.30280245,1485069117.2457132,5000.0,635441.135300995,127.088227060199
2013-09-12,2.28428174,1482150941.6341968,5325.0,675107.3529222704,126.780723553478
2013-09-13,2.29152617,1490131020.7568936,5100.0,649779.5004091158,127.407745178258
2013-09-14,2.22795516,1455028244.730144,5450.0,677699.2023670377,124.348477498539
2013-09-15,2.23809743,1464112002.3330758,4525.0,565970.790926358,125.076417884278
2013-09-16,2.25259491,1477804868.9868808,3850.0,485887.9640414954,126.204665984804
2013-09-17,2.26165636,1486482610.60922,4475.0,567865.1944038557,126.897250146113
2013-09-18,2.25652894,1487083041.575134,4125.0,523478.2550409101,126.903819403857
2013-09-19,2.19436054,1455765886.6107981,4750.0,589859.547340737,124.180957334892
2013-09-20,2.17030968,1441617545.254933,5000.0,614608.179427235,122.921635885447
2013-09-21,2.17848848,1449080977.3270447,4725.0,583576.5136981296,123.508256867329
2013-09-22,2.16687478,1445208450.8688731,5075.0,624859.0457627143,123.124935125658
2013-09-23,2.16034239,1442810649.6754968,5250.0,645044.9197837523,122.865699006429
2013-09-24,2.17210146,1454407234.033399,5300.0,656125.9957334892,123.797357685564
2013-09-25,2.16519894,1452890630.8332827,5150.0,636612.5048363552,123.614078609001
2013-09-26,2.18059655,1465990545.1276073,4050.0,504976.981560489,124.68567445938
2013-09-27,2.21042861,1489124478.0489428,4450.0,563393.7974868503,126.605347749854
2013-09-28,2.21128719,1491934482.4245515,4425.0,561074.7413793106,126.796551724138
2013-09-29,2.21364079,1496146693.904712,4250.0,540211.6677381665,127.108627703098
2013-09-30,2.19174983,1484673719.3693738,4075.0,513817.8169783748,126.090261835184
2013-10-01,2.21273466,1502757461.9536965,4675.0,596415.1086645232,127.575424313267
2013-10-02,1.81680607,1226788968.5104427,4775.0,497101.8187317348,104.105092928112
2013-10-03,2.04455417,1386111008.0966032,4975.0,584938.0877849214,117.575495032145
2013-10-04,2.11654681,1437999553.268967,4500.0,548686.564874343,121.930347749854
2013-10-05,2.10462698,1432331658.928452,5475.0,664628.8797194608,121.393402688486
2013-10-06,2.12014896,1445663053.3216777,4625.0,566448.0832846309,122.475261250731
2013-10-07,2.126249,1463044622.0613894,3900.0,483236.8030976031,123.906872589129
2013-10-08,2.13762894,1473700417.438481,4050.0,505304.4421683225,124.76652893045
2013-10-09,2.15267013,1488044932.6301763,4450.0,560404.1653914393,125.933520312683
2013-10-10,2.16263506,1497764877.7302716,4800.0,608182.322384568,126.704650496785
2013-10-11,2.16817047,1504862605.3675952,4625.0,588555.7589859713,127.25529924021
2013-10-12,2.174057,1512594202.8311844,5350.0,684004.2570718869,127.851263004091
2013-10-13,2.2466238,1567326661.5603995,5525.0,731596.5142022208,132.415658679135
2013-10-14,2.28766824,1602776719.089326,6250.0,845869.9682203375,135.339194915254
2013-10-15,2.37863355,1676584639.7830043,6500.0,919710.405464643,141.493908533022
2013-10-16,2.31116231,1639796564.2192175,5250.0,726221.590064292,138.327921917008
2013-10-17,2.38998533,1704638294.5018115,4175.0,600144.2837814156,143.74713383986
2013-10-18,2.52745724,1812436164.0191128,4800.0,733322.7464640576,152.775572180012
2013-10-19,2.71725799,1967550543.6234784,5575.0,924182.8979690259,165.772717124489
2013-10-20,2.71537286,1977012769.8989055,4975.0,828338.251629164,166.500151081239
2013-10-21,2.87138391,2137197000.9127235,5275.0,949028.5657583288,179.910628579778
2013-10-22,2.97641992,2263001755.1394854,6125.0,1166217.0361630651,190.402781414378
2013-10-23,3.12646993,2432875110.4517865,5525.0,1130416.9390780227,204.600350964348
2013-10-24,2.94581752,2312748499.3044214,5375.0,1044953.9852371436,194.41004376505
2013-10-25,2.72008931,2209553671.416236,5875.0,1090657.2523024562,185.64378762595
2013-10-26,2.63011758,2140916179.2362127,4550.0,818127.3919053188,179.808218001169
2013-10-27,2.83044183,2317266189.9008646,4475.0,870593.9463179418,194.546133255406
2013-10-28,2.84330802,2338713940.734061,4375.0,858701.7570134413,196.274687317358
2013-10-29,2.92026025,2436684646.420872,4000.0,817712.696668616,204.428174167154
2013-10-30,2.81514522,2359843888.0831175,4875.0,964765.4221772872,197.900599420982
2013-10-31,2.87412323,2425105801.6793394,5275.0,1072321.2532875512,203.283649912332
2013-11-01,2.85280581,2423220454.341168,5200.0,1055792.9712168071,203.037109849386
2013-11-02,2.86731813,2445209553.9328732,5050.0,1034204.0508474566,204.792881355932
2013-11-03,2.92760426,2511679473.6252046,4800.0,1009321.8365363904,210.275382611748
2013-11-04,3.1028572,2733959063.1336994,4875.0,1115356.31447253,228.79103886616
2013-11-05,3.23550814,2912477841.5738826,4350.0,1059841.2597457631,243.641668907072
2013-11-06,3.44238515,3147464099.401864,4075.0,1072579.0547476036,263.209583987142
2013-11-07,3.65033333,3470354236.192072,3600.0,1044447.2142606648,290.124226183518
2013-11-08,4.05004446,3993314855.344432,3350.0,1118064.6993151363,333.750656511981
2013-11-09,3.9318261,3962240225.6836553,3700.0,1224889.2492694326,331.051148451198
2013-11-10,3.83414476,3921840037.556108,4275.0,1400313.2437112515,327.558653499708
2013-11-11,3.93601752,4104700956.1950502,4675.0,1602111.7141656931,342.697692869667
2013-11-12,3.97746675,4249589141.214068,5025.0,1782093.5787624181,354.645488310929
2013-11-13,4.2842717,4728862182.509434,4200.0,1656918.879942606,394.50449522443
2013-11-14,4.37591685,4996898130.432548,4575.0,1906431.3376100676,416.706303302747
2013-11-15,4.19286144,4898974235.472225,4150.0,1694855.0089398017,408.398797334892
2013-11-16,4.38705732,5229762080.054529,4850.0,2113622.447421827,435.798442767387
2013-11-17,4.73725385,5826497052.347043,4650.0,2256815.082378726,485.33657685564
2013-11-18,5.88406778,7899238895.686413,3900.0,2565336.1651122156,657.778503874927
2013-11-19,4.73213355,6569644605.796868,4025.0,2201185.549178844,546.878397311514
2013-11-20,4.91891962,7154243418.729311,4100.0,2440890.3085622448,595.339099649328
2013-11-21,5.68827806,8664193685.70689,3750.0,2702866.5947253075,720.764425260082
2013-11-22,5.68433725,9655188371.423534,4300.0,3452542.814988664,802.916933718294
2013-11-23,5.59412815,10036063848.557402,4250.0,3545755.1949537983,834.295339989129
2013-11-24,5.296892,9713112909.515808,4200.0,3390100.1210987736,807.166695499708
2013-11-25,5.13246251,9825868339.748945,4325.0,3530252.6471142606,816.243386616014
2013-11-26,5.08521124,11031541043.565948,3975.0,3641486.211557569,916.097160140269
2013-11-27,5.07240404,11599427444.743036,4325.0,4164588.1759433104,962.910560911748
2013-11-28,5.00804872,12139760581.54188,4525.0,4558426.915502629,1007.38716364699
2013-11-29,5.25316203,13606858893.395243,4325.0,4881737.735680877,1128.7254880187
2013-11-30,5.06423911,13498119326.69448,4400.0,4924905.545061348,1119.29671478667
2013-12-01,4.31245878,11635884342.126692,4875.0,4701868.244228521,964.485793687902
2013-12-02,4.55216972,12560801212.130327,3975.0,4137212.665393037,1040.80821770894
2013-12-03,4.5167953,12720698338.605392,5000.0,5268105.1372414,1053.62102744828
2013-12-04,4.71817918,13707245929.353369,4275.0,4851835.287047782,1134.93223088837
2013-12-05,4.1962207,12413024442.393896,4250.0,4366500.03451475,1027.411772827
2013-12-06,3.37225697,9966751946.762209,5200.0,4287824.893756633,824.581710337814
2013-12-07,2.86818513,8509665399.288916,4875.0,3430773.3331253654,703.748376025716
2013-12-08,3.17322401,9478722082.947542,4875.0,3819920.0731297466,783.573348334307
2013-12-09,3.60228356,10843625557.380884,4400.0,3942748.8755113976,896.079289888954
2013-12-10,3.88194448,11829553963.894163,4800.0,4690393.763179425,977.165367329047
2013-12-11,3.43846013,10601969953.019352,4125.0,3611289.141373464,875.464034272355
2013-12-12,3.41655496,10579622451.506428,4075.0,3558798.5843999875,873.324805987727
2013-12-13,3.40755236,10654088610.746971,4350.0,3824329.188559324,879.156135300994
2013-12-14,3.3146272,10339592472.911236,4950.0,4221637.79660374,852.856120526008
2013-12-15,3.34036895,10479266163.262644,4425.0,3823472.8360344823,864.0616578609
2013-12-16,2.62754698,8224848384.49859,5025.0,3406417.886676462,677.894106801286
2013-12-17,2.64569174,8285733865.857126,5075.0,3464330.8714830517,682.62677270602
2013-12-18,2.04906035,6388681645.92219,4975.0,2617451.8572253822,526.12097632671
2013-12-19,2.65997338,8328197861.437324,5650.0,3873216.978622152,685.525128959673
2013-12-20,2.33082877,7294490540.985549,4450.0,2670965.446459964,600.216954260666
2013-12-21,2.28074868,7258204826.317185,4025.0,2403059.847756573,597.033502548217
2013-12-22,2.38571042,7479382499.65317,4225.0,2598430.0740232323,615.013035271771
2013-12-23,2.54494127,8004081993.820382,4275.0,2812636.361014613,657.926634155465
2013-12-24,2.46859013,7918485708.395575,4225.0,2749058.54837814,650.664745178258
2013-12-25,2.56119713,8257429632.97065,4050.0,2747075.140283458,678.290158094681
2013-12-26,2.81662728,9133750877.51704,4500.0,3374984.677302747,749.996594956166
2013-12-27,2.69881739,8803069849.17756,4600.0,3323824.6104663922,722.570567492694
2013-12-28,2.67127051,8723906479.732147,3750.0,2684446.361545879,715.852363078901
2013-12-29,2.70995202,8866119604.030233,4200.0,3054539.105786091,727.271215663355
2013-12-30,2.73973508,8972568474.398039,4325.0,3182084.1373611907,735.741997077732
2013-12-31,2.71424112,8900503870.915495,4600.0,3355964.881388664,729.557582910579
2014-01-01,2.79859382,9183089853.000948,5125.0,3856073.318466044,752.404549944594
2014-01-02,2.90688604,9582996402.3458,3350.0,2629598.986403361,784.954921314436
2014-01-03,2.97276592,9858101001.48251,4025.0,3249072.329594973,807.222939029807
2014-01-04,3.00082617,10122111479.991652,3525.0,2920822.270729691,828.602062618352
2014-01-05,3.23751863,11029040879.340033,4825.0,4354501.609768993,902.487380263004
2014-01-06,3.25855458,11179606610.7568,4650.0,4252238.817913501,914.459960841613
2014-01-07,2.85648041,9824823598.10845,4425.0,3554831.6981793093,803.351796198714
2014-01-08,2.89105715,10040826131.521135,4825.0,3959829.295853008,820.690009503214
2014-01-09,2.91922133,10175362594.378292,5175.0,4302157.333772471,831.334750487434
2014-01-10,2.98942387,10448187786.868984,4675.0,3989172.146398519,853.298854844603
2014-01-11,3.08800818,10896805298.01208,5250.0,4670168.144876561,889.555837119345
2014-01-12,2.92251348,10357726631.175535,5175.0,4373865.144243281,845.191332220924
2014-01-13,2.83904175,10087743753.83846,4225.0,3476655.376534628,822.877012197545
2014-01-14,2.80186801,9998079805.514896,4050.0,3301939.090983049,815.293602711864
2014-01-15,2.87183201,10318292540.726215,4600.0,3869013.343874929,841.089857364115
2014-01-16,2.77584537,10012488124.529272,4625.0,3773328.4513785774,815.854800298071
2014-01-17,2.69438096,9732925495.745893,3800.0,3012752.124607831,792.829506475745
2014-01-18,2.74847429,9944578844.4719,4350.0,3522558.348350279,809.783528356386
2014-01-19,2.83776277,10299896608.664616,4225.0,3542360.3057514583,838.428474734073
2014-01-20,2.79830469,10186700742.459932,4875.0,4040815.430889101,828.885216592636
2014-01-21,2.77609902,10127844874.99924,4150.0,3418844.549620106,823.817963763881
2014-01-22,2.75067841,10072254626.333912,4800.0,3931086.6543541774,818.976386323787
2014-01-23,2.72035724,9976790593.935715,4425.0,3588331.73149138,810.922425195792
2014-01-24,2.61463948,9612868029.726164,4725.0,3690425.878418031,781.042513950906
2014-01-25,2.68630023,9903703940.55946,4125.0,3318163.368302892,804.403240800701
2014-01-26,2.7159709,10031101355.88135,3800.0,3095097.6492191707,814.499381373466
2014-01-27,2.47713004,9150091927.132542,4350.0,3230750.98112288,742.701374970777
2014-01-28,2.62930512,9738027140.096825,3850.0,3042179.1472229697,790.176401876096
2014-01-29,2.63373693,9780577243.029943,3800.0,3014860.814655758,793.38442490941
2014-01-30,2.64884556,9859171086.457367,4400.0,3517687.711279953,799.474479836353
2014-01-31,2.65797129,9909273006.112879,4600.0,3694892.954410637,803.237598784921
2014-02-01,2.67963991,10036259444.951324,4725.0,3842462.370049536,813.219549216833
2014-02-02,2.68024654,10055736698.102497,4650.0,3787382.547483927,814.490870426651
2014-02-03,2.65176796,9966874027.672003,4525.0,3651663.3633857034,806.997428372531
2014-02-04,2.627458,9884858379.634344,4300.0,3440336.397142605,800.078231893629
2014-02-05,2.49283475,9695361198.195812,4200.0,3294789.5096667223,784.473692777791
2014-02-06,2.4248508,9440477710.384096,4550.0,3474240.6891583847,763.569382232612
2014-02-07,2.26379227,8800350461.683466,3875.0,2757338.68449883,711.571273419053
2014-02-08,2.15811443,8384312394.90741,4550.0,3083454.4692832744,677.682300941379
2014-02-09,2.18797536,8506986612.71322,3450.0,2371550.8882881347,687.406054576271
2014-02-10,2.1809637,8485545565.293612,3900.0,2673284.2454640586,685.457498836938
2014-02-11,2.13932234,8320462974.609264,4100.0,2754788.735929984,671.89969169024
2014-02-12,2.08400611,8098811133.284318,4450.0,2909257.725057274,653.765780911747
2014-02-13,1.95543342,7595523910.103821,4450.0,2727486.946580949,612.918414962011
2014-02-14,2.12998114,8291082519.487445,4775.0,3193465.577697986,668.788602659264
2014-02-15,2.08368328,8115479465.42532,4675.0,3059212.756428988,654.377060198714
2014-02-16,1.98508729,7732488989.658062,4875.0,3038345.319499269,623.250321948568
2014-02-17,2.01155832,7835234697.490661,3875.0,2446421.5606867345,631.334596306254
2014-02-18,1.99849686,7787368652.688505,4075.0,2556132.4277680973,627.271761415484
2014-02-19,1.9894402,7744159486.450519,5000.0,3117700.68473115,623.54013694623
2014-02-20,1.80129677,7004311226.10136,4425.0,2494675.8828620706,563.768561098773
2014-02-21,1.85383269,7212206643.66763,3800.0,2205232.400697837,580.324315973115
2014-02-22,1.93944631,7548010095.161955,4500.0,2732060.850017535,607.12463333723
2014-02-23,1.94857991,7587343600.977681,4200.0,2562345.759734657,610.082323746347
2014-02-24,1.7420652,6746537217.627368,4775.0,2589323.2573500876,542.266650753945
2014-02-25,1.72827883,6642199671.020906,4025.0,2148173.268854908,533.707644436002
2014-02-26,1.89989181,7315347427.473483,4600.0,2702861.506176504,587.57858829924
2014-02-27,1.89448535,7290899751.2384815,4700.0,2751351.450555273,585.393925650058
2014-02-28,1.78120748,6868699958.074753,4525.0,2494608.835651664,551.29477030976
2014-03-01,1.83532329,7073074065.534708,3600.0,2043123.2475885432,567.534235441262
2014-03-02,1.80787101,6962782218.561885,3500.0,1954846.9750482156,558.527707156633
2014-03-03,2.18083347,8436036495.988573,3700.0,2503071.2112933965,676.505732781999
2014-03-04,2.17294282,8413679684.586358,3725.0,2512554.962888223,674.51139943308
2014-03-05,2.15549405,8364246723.915033,3900.0,2614321.519288105,670.338851099514
2014-03-06,2.14266138,8334368086.505349,4325.0,2887858.007065168,667.712834003507
2014-03-07,1.96402906,7888356429.445993,4150.0,2621846.7251353026,631.770295213326
2014-03-08,1.93041869,7763031842.093223,4200.0,2610401.280884044,621.524114496201
2014-03-09,1.95221351,8003898568.525568,4475.0,2866590.529716102,640.578889322034
2014-03-10,1.9107893,7850957580.555816,3725.0,2339863.373343294,628.151241165985
2014-03-11,1.92512349,7923393434.7315645,4200.0,2661682.12058679,633.73383823495
2014-03-12,1.92370225,7937695874.874136,4550.0,2887643.047912919,634.646823717125
2014-03-13,1.94782915,8050181562.351056,4050.0,2605900.0084795454,643.432100859147
2014-03-14,1.90343662,7863055683.338157,3325.0,2089126.0617694345,628.308590005845
2014-03-15,1.92641386,7964671637.61267,4125.0,2624401.931503143,636.218650061368
2014-03-16,1.91927821,7941722382.91416,4275.0,2711072.051650572,634.168900970894
2014-03-17,1.88442201,7801357484.821923,4025.0,2506609.839815896,622.760208649912
2014-03-18,1.85742156,7697737311.570462,3650.0,2242229.7250675065,614.309513717125
2014-03-19,1.84533875,7652583814.03622,4000.0,2442044.813898304,610.511203474576
2014-03-20,1.77477734,7355554646.774345,4425.0,2595738.6110172407,586.607595710111
2014-03-21,1.71786219,7146128280.472166,4650.0,2649079.508678257,569.694517995324
2014-03-22,1.7024792,7085878406.695821,4250.0,2399975.1134906486,564.700026703682
2014-03-23,1.68536505,7016828469.400794,5350.0,2990429.910049033,558.958861691408
2014-03-24,1.76264446,7346774511.36296,4700.0,2749609.277439276,585.023250518995
2014-03-25,1.75724218,7333342313.479179,3925.0,2291301.9171943306,583.771189094097
2014-03-26,1.74314104,7278772312.146112,3975.0,2302494.305343951,579.243850400994
2014-03-27,1.4579435,6073523735.479516,4325.0,2089684.3545490927,483.164012612507
2014-03-28,1.50668923,6270499057.068129,4350.0,2169176.7809288157,498.661328949153
2014-03-29,1.47991892,6157654118.851704,4375.0,2141636.9780208943,489.517023547633
2014-03-30,1.38999605,5774962089.454827,3500.0,1606382.148965517,458.966328275862
2014-03-31,1.38223661,5731575961.734351,4500.0,2049099.093252486,455.355354056108
2014-04-01,1.45469684,6031346382.543664,4275.0,2047761.191585328,479.008465867913
2014-04-02,1.33564877,5529894031.990361,4925.0,2162131.600684832,439.011492524839
2014-04-03,1.36778873,5663560667.076927,5100.0,2292149.872749853,449.441151519579
2014-04-04,1.36964635,5669265274.405954,4875.0,2192384.3649678556,449.719869736996
2014-04-05,1.41084013,5821952055.152502,4275.0,1973662.0420862937,461.675331482174
2014-04-06,1.40141439,5785324166.341841,3775.0,1731341.3890556197,458.633480544535
2014-04-07,1.37167544,5661150113.948946,3775.0,1693673.6633756373,448.655275066394
2014-04-08,1.38533994,5715004409.203112,3350.0,1516890.380966687,452.803098796026
2014-04-09,1.35469234,5591013245.689483,4025.0,1782422.889352117,442.837984932203
2014-04-10,1.1286601,4633836284.859532,3875.0,1421783.4809957251,366.911866063413
2014-04-11,1.30082437,5330629803.531851,4225.0,1782711.4061012552,421.943528071303
2014-04-12,1.30827456,5361782245.308981,4025.0,1707703.7059064892,424.274212647575
2014-04-13,1.28401659,5263741901.896724,4675.0,1946493.8537324688,416.362321654004
2014-04-14,1.42132931,5831654343.278687,4825.0,2224847.2897805814,461.108246586649
2014-04-15,1.60547388,6599262800.161744,4550.0,2373349.613207655,521.615299606078
2014-04-16,1.62848084,6726202947.40904,3975.0,2112640.340759696,531.481846731999
2014-04-17,1.53010414,6327838333.005469,4225.0,2111813.6552764466,499.837551544721
2014-04-18,1.48000554,6116863917.00978,4000.0,1932080.054134424,483.020013533606
2014-04-19,1.54481447,6389184729.202242,3975.0,2004853.2408344897,504.365595178488
2014-04-20,1.53703688,6355840372.112892,4450.0,2231929.470798762,501.55718444916
2014-04-21,1.52622244,6313963464.213944,4275.0,2129311.367036749,498.084530300994
2014-04-22,1.50076937,6207070836.842335,3850.0,1884588.5136125083,489.503510029223
2014-04-23,1.5016104,6223416602.893509,4125.0,2023860.991116195,490.63296754332
2014-04-24,1.53947611,6385887057.10233,3775.0,1899926.5488831084,503.291801028638
2014-04-25,1.42807837,5920249346.641045,4550.0,2122239.0796163054,466.426171344243
2014-04-26,1.4063299,5830739443.721431,4075.0,1871348.8425116916,459.22670981882
2014-04-27,1.34395279,5572174763.277724,4425.0,1941288.9344489947,438.709363717287
2014-04-28,1.35421878,5609904516.174706,3800.0,1677881.660778738,441.547805468089
2014-04-29,1.37364362,5690108831.428476,4275.0,1913959.9540505009,447.709930772047
2014-04-30,1.37742743,5706462614.309296,3425.0,1537399.3256354807,448.875715514009
2014-05-01,1.41200262,5852383319.24592,4400.0,2024856.6723263604,460.194698255991
2014-05-02,1.38757157,5753039376.083323,4025.0,1820265.1135408464,452.239779761701
2014-05-03,1.34737725,5585899281.339316,3550.0,1558373.9874207461,438.978588005844
2014-05-04,1.34079342,5558240188.076006,3775.0,1648449.6298837613,436.675398644705
2014-05-05,1.32836701,5504384772.499356,3125.0,1351056.8094856062,432.338179035394
2014-05-06,1.32260352,5478334250.699367,4850.0,2086121.796163354,430.128205394506
2014-05-07,1.36002582,5633626419.338813,3975.0,1757676.9324810037,442.18287609585
2014-05-08,1.35471389,5612785584.474883,4175.0,1838681.534322032,440.402762711864
2014-05-09,1.39224562,5771408225.232617,4250.0,1923966.4988251,452.697999723553
2014-05-10,1.4045981,5825185347.699633,4475.0,2043982.412142022,456.75584628872
2014-05-11,1.3505933,5601866711.420653,3800.0,1668635.008942139,439.114476037405
2014-05-12,1.3576711,5631314154.064409,4100.0,1809251.9178842767,441.280955581531
2014-05-13,1.35114784,5604057888.535578,4050.0,1777973.3886908253,439.005774985389
2014-05-14,1.36967388,5680306682.9458,3750.0,1668180.7714786688,444.848205727645
2014-05-15,1.37634402,5709203037.712362,4275.0,1910760.6636031545,446.96155873758
2014-05-16,1.38233452,5733977785.103604,4525.0,2030558.245543542,448.74215371128
2014-05-17,1.38379554,5742055791.200181,4325.0,1942886.4012419623,449.2222893045
2014-05-18,1.37668474,5715094426.171577,4300.0,1921939.3581823509,446.962641437756
2014-05-19,1.37835145,5722627919.563457,4200.0,1879100.3985973129,447.404856808884
2014-05-20,1.50867507,6273913162.718684,4425.0,2169735.2431034464,490.335648158971
2014-05-21,1.51856262,6322109034.304463,4375.0,2160959.0267022233,493.933491817651
2014-05-22,1.61686251,6745232578.297365,4300.0,2265301.440239626,526.81428842782
2014-05-23,1.60608676,6707509362.755702,4125.0,2160259.6961572194,523.699320280538
2014-05-24,1.61622687,6760669281.582314,3850.0,2031611.2860607835,527.691243132671
2014-05-25,1.7510962,7347466289.31905,4025.0,2307582.6466540047,573.312458796026
2014-05-26,1.78420425,7497613476.323515,3950.0,2310149.500730567,584.847974868498
2014-05-27,1.7360648,7359576774.76447,3400.0,1951356.1154346012,573.928269245471
2014-05-28,1.74983943,7429487155.296797,4225.0,2447074.8720119814,579.189318819404
2014-05-29,1.72220405,7318103409.655446,3525.0,2010481.3210257157,570.349310929281
2014-05-30,1.86223265,7968618784.834808,4175.0,2592033.5555376983,620.846360607832
2014-05-31,1.87963895,8061363103.304023,3675.0,2307504.646034482,627.892420689655
2014-06-01,1.88300736,8092140707.087939,4375.0,2756577.921719755,630.074953535944
2014-06-02,1.97543263,8524698178.61551,4825.0,3201415.1175555214,663.505723845704
2014-06-03,1.99693718,8641808154.46159,4450.0,2992126.142255992,672.387897136178
2014-06-04,1.90998921,8278421132.739145,4525.0,2913590.343775569,643.887368790181
2014-06-05,1.95863649,8507425132.2468815,3800.0,2513713.5209818822,661.503558153127
2014-06-06,1.92408683,8363454618.504367,3475.0,2259213.272742548,650.133315897136
2014-06-07,1.94195206,8451764871.919811,3875.0,2545101.0531122144,656.800271770894
2014-06-08,1.94276934,8467123090.854522,3400.0,2236587.914552893,657.819974868498
2014-06-09,1.91093556,8347582865.630777,3900.0,2528511.6570718875,648.336322326125
2014-06-10,1.91468487,8383780238.002946,4175.0,2717660.3450175337,650.936609585038
2014-06-11,1.8557786,8135608711.298166,3650.0,2304934.931063708,631.489022209235
2014-06-12,1.71579412,7629087562.663397,4300.0,2545492.831735828,591.975077147867
2014-06-13,1.72900225,7696859223.017364,4075.0,2432958.3738091746,597.044999707773
2014-06-14,1.6672379,7422437719.846514,4450.0,2561239.604646404,575.559461718293
2014-06-15,1.70763012,7607913697.277698,4750.0,2801192.070426652,589.724646405611
2014-06-16,1.70895309,7621562611.521574,4700.0,2775667.166218585,590.567482174167
2014-06-17,1.76144005,7863277527.037325,4600.0,2801768.013442433,609.080002922268
2014-06-18,1.75639628,7846955363.483023,3950.0,2400137.694301578,607.629796025716
2014-06-19,1.72175665,7696045540.252878,4175.0,2487262.4161163047,595.751476914085
2014-06-20,1.70893923,7644281888.102515,4650.0,2750621.580990649,591.531522793688
2014-06-21,1.71186032,7662969895.204457,4650.0,2756354.2251899494,592.764349503215
2014-06-22,1.73072722,7754483949.454893,4500.0,2698355.8509643483,599.634633547633
2014-06-23,1.70033791,7626693090.721795,4400.0,2594030.119228522,589.552299824664
2014-06-24,1.67166269,7505506467.194577,4700.0,2725876.4773524236,579.973718585622
2014-06-25,1.62093285,7278599165.190247,4675.0,2628456.946281416,562.236779953244
2014-06-26,1.67219737,7520740158.499389,4275.0,2482702.959424312,580.749230274693
2014-06-27,1.72780213,7781263113.330781,4925.0,2958143.653981592,600.638305376973
2014-06-28,1.70918053,7703024797.867049,4550.0,2704475.884146696,594.390304208065
2014-06-29,1.72411286,7788974904.506178,3925.0,2358299.0347603722,600.840518410286
2014-06-30,1.82938369,8285063972.982667,3300.0,2108522.176095852,638.94611396844
2014-07-01,1.83761917,8339204790.290083,3325.0,2137830.6841174746,642.95659672706
2014-07-02,1.85565119,8449628746.898273,3425.0,2230696.8410432497,651.298347749854
2014-07-03,1.83854971,8388499950.529135,3475.0,2246286.527227907,646.413389130333
2014-07-04,1.79270708,8186367619.644586,4150.0,2617137.337127412,630.635502922268
2014-07-05,1.79121232,8186593458.815447,3800.0,2395779.6992402086,630.468341905318
2014-07-06,1.80217443,8243439551.879233,3550.0,2253087.994330799,634.67267445938
2014-07-07,1.76756914,8092281240.717175,3750.0,2335706.1710987734,622.854978959673
2014-07-08,1.77273738,8121120346.3892145,3750.0,2343353.74159848,624.894331092928
2014-07-09,1.76136723,8085295133.413473,4150.0,2581047.230800701,621.939091759205
2014-07-10,1.74495565,8017179778.299044,3725.0,2296547.6154880174,616.522849795441
2014-07-11,1.79446067,8253353630.980082,3900.0,2474528.074751608,634.494378141438
2014-07-12,1.80030291,8287456960.000429,3925.0,2499926.534893073,636.923957934541
2014-07-13,1.77957268,8198267373.456794,4000.0,2519503.00175336,629.87575043834
2014-07-14,1.74898486,8061371837.189572,3375.0,2089791.4244228504,619.197459088252
2014-07-15,1.75571279,8099479060.359117,3975.0,2472190.0405756887,621.934601402689
2014-07-16,1.73946637,8028993953.251206,3600.0,2218866.7760374034,616.351882232612
2014-07-17,1.76036866,8134685025.076653,4300.0,2684314.882437173,624.259274985389
2014-07-18,1.77738508,8221979325.367266,4300.0,2712225.6031560507,630.750140268849
2014-07-19,1.77274463,8204209766.049146,4425.0,2784092.137500001,629.17336440678
2014-07-20,1.76080313,8155455986.217747,3875.0,2422838.6203243714,625.248676212741
2014-07-21,1.74762284,8106428368.504002,3875.0,2407558.159117476,621.305331385155
2014-07-22,1.74270129,8089291599.24513,3550.0,2200372.5888515487,619.823264465225
2014-07-23,1.74066345,8090895378.982157,3650.0,2262170.781224432,619.772816773817
2014-07-24,1.69279908,7872516830.5178385,3575.0,2155294.7327659247,602.87964552893
2014-07-25,1.68863136,7857977844.637789,4075.0,2451432.445850381,601.578514319112
2014-07-26,1.66914747,7770155179.104973,3350.0,1992253.7342782004,594.702607247224
2014-07-27,1.65995112,7731559647.227797,3825.0,2262776.074006428,591.575444184687
2014-07-28,1.64850401,7680407552.468034,3750.0,2203098.768629456,587.493004967855
2014-07-29,1.63937643,7638387993.689982,3725.0,2175818.6651811814,584.11239333723
2014-07-30,1.58077127,7363607117.266952,4300.0,2420532.8878141446,562.914625073057
2014-07-31,1.63310806,7615187932.454973,3850.0,2240605.9135154886,581.975561952075
2014-08-01,1.67172212,7807670878.872717,3925.0,2341289.0298801865,596.506759205143
2014-08-02,1.65218507,7721730033.748467,4075.0,2403260.8407875495,589.757261542957
2014-08-03,1.64362281,7684663690.325994,3850.0,2259001.886309176,586.753736703682
2014-08-04,1.64417187,7697736644.30162,3200.0,1880346.673524256,587.60833547633
2014-08-05,1.61859835,7624684694.6667,3375.0,1963851.7115356517,581.881988603156
2014-08-06,1.61916711,7631872806.490932,4100.0,2387218.3228229103,582.248371420222
2014-08-07,1.62893008,7684003054.893186,4000.0,2344186.534190532,586.046633547633
2014-08-08,1.63661291,7725373119.050059,3950.0,2326646.4298655745,589.024412624196
2014-08-09,1.63562717,7727451082.260733,4550.0,2679852.2720631207,588.978521332554
2014-08-10,1.63601768,7735241242.426254,4425.0,2607977.7465517223,589.373502045587
2014-08-11,1.59181557,7528750393.807314,4550.0,2609158.751870252,573.441483927528
2014-08-12,1.57747585,7463818388.651987,4350.0,2472137.7127118646,568.307520163647
2014-08-13,1.52247712,7203960811.173461,3625.0,1987841.8855932208,548.370175336061
2014-08-14,1.40529956,6637890303.918651,4500.0,2272983.7486849786,505.107499707773
2014-08-15,1.39272818,6577079233.508922,4125.0,2063832.623047268,500.323060132671
2014-08-16,1.4519714,6860784727.658821,3950.0,2060904.45340444,521.7479628872
2014-08-17,1.38521881,6547529019.656276,4250.0,2115499.800628288,497.764658971362
2014-08-18,1.30849176,6170930387.993115,4950.0,2321341.6949737,468.957918176505
2014-08-19,1.35854035,6407900293.387209,4650.0,2263593.7306253677,486.794350672122
2014-08-20,1.43685004,6782945022.741428,4225.0,2176383.4951709528,515.120353886616
2014-08-21,1.44883851,6840226845.525137,4125.0,2142144.890049677,519.307852133255
2014-08-22,1.43998218,6800781531.593973,3925.0,2025925.5225014605,516.159368790181
2014-08-23,1.38794257,6552013007.6780815,4050.0,2013359.3259643484,497.12575949737
2014-08-24,1.41936719,6702866072.334485,3650.0,1855772.2081677385,508.430741963764
2014-08-25,1.40049218,6614667025.942611,3425.0,1718015.231860022,501.610286674459
2014-08-26,1.4286897,6751941118.805074,4325.0,2213761.2915327316,511.852321741672
2014-08-27,1.42412594,6731803470.867446,4225.0,2155435.818001169,510.162323787259
2014-08-28,1.41962708,6682832259.805304,4325.0,2189683.2809541225,506.285151665693
2014-08-29,1.4275503,6719069017.947292,4250.0,2162682.9305230863,508.866571887785
2014-08-30,1.40634187,6621120334.482542,4550.0,2280804.540838692,501.275723261251
2014-08-31,1.34266216,6322686205.265619,4700.0,2249003.6997662177,478.511425482174
2014-09-01,1.33136652,6271843933.857898,3400.0,1613441.0652250142,474.541489772063
2014-09-02,1.33208957,6272122810.292736,3675.0,1743532.7146770912,474.430670660433
2014-09-03,1.33099316,6267892342.198352,4225.0,2002477.634322032,473.95920338983
2014-09-04,1.37428858,6476075980.695105,3950.0,1933743.04530976,489.555201344243
2014-09-05,1.34365527,6334872080.810288,3625.0,1735467.9629237272,478.749782875511
2014-09-06,1.34865874,6362067497.940154,4475.0,2150875.150883984,480.64249181765
2014-09-07,1.34317011,6333781569.22385,3875.0,1853666.315897135,478.36550087668
2014-09-08,1.31734021,6211141850.891306,3600.0,1688311.78527177,468.975495908825
2014-09-09,1.33112394,6272952283.811393,3650.0,1728318.8991963784,473.51202717709
2014-09-10,1.34373558,6331347487.483828,3925.0,1875280.2890488,477.778417592051
2014-09-11,1.34256122,6326647559.469149,4250.0,2028400.398743423,477.270682057276
2014-09-12,1.33422001,6285080622.479268,3850.0,1824889.5368205733,473.997282291058
2014-09-13,1.34529696,6339800916.430825,4525.0,2162773.407312976,477.960973991818
2014-09-14,1.33870825,6311000675.694806,3950.0,1878809.8527907648,475.648063997662
2014-09-15,1.33078173,6273163405.083723,3950.0,1866989.7375073056,472.655629748685
2014-09-16,1.30741226,6162628008.039854,4275.0,1984359.9006136768,464.177754529515
2014-09-17,1.28560635,6060691069.1306095,4650.0,2121980.4945061356,456.339891291642
2014-09-18,1.20503333,5671343316.691176,4475.0,1910288.4786236116,426.880106954997
2014-09-19,1.11512348,5234786700.077503,4275.0,1683896.3827732329,393.893890707189
2014-09-20,1.16620763,5464482172.793501,4400.0,1808581.908240796,411.041342781999
2014-09-21,1.1367134,5324715500.714623,4100.0,1641658.5758036252,400.404530683811
2014-09-22,1.13884767,5332743727.964326,4200.0,1683702.8130333137,400.881622150789
2014-09-23,1.2456203,5834698972.616527,3750.0,1644344.2537258912,438.491800993571
2014-09-24,1.20431489,5639528633.478035,3900.0,1652430.3578608995,423.700091759205
2014-09-25,1.16485544,5452786187.234508,4300.0,1761012.324371714,409.537749853887
2014-09-26,1.15453429,5397697184.168388,3350.0,1357749.143863238,405.298251899474
2014-09-27,1.14181027,5336459764.17459,3350.0,1342007.770908824,400.599334599649
2014-09-28,1.07103907,5003993225.188914,3250.0,1220537.4667592049,375.549989772063
2014-09-29,1.0668785,4972153983.458165,3425.0,1277746.1106735824,373.0645578609
2014-09-30,1.1140296,5189547431.442713,3825.0,1488934.9545738152,389.264040411455
2014-10-01,1.09708972,5106312655.53271,3875.0,1483773.7927381669,382.909365867914
2014-10-02,1.06843242,4969125807.05118,3450.0,1285213.66157218,372.525699006429
2014-10-03,1.02941189,4772213722.0931835,3650.0,1305479.8547048497,357.665713617767
2014-10-04,0.9484552,4388682580.260336,3850.0,1265980.535403272,328.826113091759
2014-10-05,0.93172895,4309969413.808049,4225.0,1363940.9550189932,322.826261542957
2014-10-06,0.95087199,4364384310.694091,4025.0,1315384.2192358267,326.803532729398
2014-10-07,0.97154668,4455868952.722568,3350.0,1117460.1529661007,333.570194915254
2014-10-08,1.03194969,4735489718.929568,3600.0,1275866.4035067228,354.407334307423
2014-10-09,1.05462843,4834490053.511129,3700.0,1338350.7721215675,361.716424897721
2014-10-10,1.04743744,4798109635.995668,3875.0,1390700.2643889552,358.890390810053
2014-10-11,1.05694518,4839760837.727771,3600.0,1302870.1571011115,361.908376972531
2014-10-12,1.10393506,5054628618.96669,3700.0,1398123.6017533587,377.871243717124
2014-10-13,1.14335604,5245064708.897221,3875.0,1518977.5596507885,391.994208942139
2014-10-14,1.16884486,5365291551.155064,3300.0,1322905.9537793682,400.880592054354
2014-10-15,1.15308824,5283069667.50673,3775.0,1489712.6966028623,394.625879894798
2014-10-16,1.11729203,5119758564.702795,3700.0,1414589.4624196384,382.321476329632
2014-10-17,1.11813531,5119499232.526596,3550.0,1356812.8030683808,382.200789596727
2014-10-18,1.14449554,5242894153.666234,4100.0,1604302.026066626,391.293177089421
2014-10-19,1.13688775,5209233125.406047,3325.0,1292375.955698423,388.684497954413
2014-10-20,1.11540138,5110107339.437175,3425.0,1305578.6905756856,381.190858562244
2014-10-21,1.1273598,5165387968.708736,3825.0,1473407.7232951052,385.204633541204
2014-10-22,1.11497797,5107553013.098543,3975.0,1513595.584102864,380.778763296318
2014-10-23,1.04769288,4794571841.573631,3775.0,1348976.5939655162,357.344793103448
2014-10-24,1.04955841,4797920118.279345,3975.0,1421016.5249780812,357.48843395675
2014-10-25,1.01613431,4642538389.7121725,3875.0,1340018.580727644,345.811246639392
2014-10-26,1.03785791,4741251517.256755,3125.0,1103381.1130187032,353.081956165985
2014-10-27,1.02988218,4701468719.300908,3975.0,1391312.4546610177,350.015711864407
2014-10-28,1.04388822,4764991907.390335,3450.0,1223555.6275423735,354.653805084746
2014-10-29,0.98355448,4483405058.008984,3875.0,1292697.4815897136,333.599350087668
2014-10-30,1.01672909,4632838862.435347,4250.0,1464589.8744886052,344.609382232613
2014-10-31,0.99675714,4534584097.182944,4700.0,1584759.6893337213,337.182912624196
2014-11-01,0.95963351,4363577474.228034,3975.0,1289375.9772063126,324.371315020456
2014-11-02,0.95980572,4363182675.130129,3875.0,1256463.1956823491,324.248566627703
2014-11-03,0.96404683,4379538202.274339,4225.0,1374653.8820572775,325.361865575687
2014-11-04,0.97805226,4438697512.256594,4050.0,1335113.7010958502,329.657703974284
2014-11-05,1.00559416,4563041057.094631,3450.0,1168879.8904295722,338.805765341905
2014-11-06,1.03634538,4710975207.975009,3850.0,1346306.1602279367,349.689911747516
2014-11-07,1.01476248,4610456396.269498,3750.0,1282999.8305084736,342.133288135593
2014-11-08,1.02534954,4660062487.584745,3825.0,1322364.9720192873,345.716332554062
2014-11-09,1.07917955,4902623335.337055,3750.0,1363537.6939655177,363.610051724138
2014-11-10,1.0847227,4929479477.777682,3675.0,1343220.7832480993,365.502253945061
2014-11-11,1.09194006,4961998574.957065,3225.0,1186237.1310052592,367.825466978375
2014-11-12,1.25193043,5702349216.989918,3675.0,1553023.4671683232,422.591419637639
2014-11-13,1.24597359,5694744080.086427,3625.0,1529439.9597457645,421.914471654004
2014-11-14,1.1770509,5378743834.818093,3850.0,1533797.198845704,398.388882817066
2014-11-15,1.11736503,5104708459.692981,3500.0,1322978.4425774384,377.993840736411
2014-11-16,1.15327838,5271091380.888202,3750.0,1463271.83810637,390.205823495032
2014-11-17,1.14624262,5235948730.382425,3600.0,1395003.7136177677,387.501031560491
2014-11-18,1.10670813,5053130942.788553,3850.0,1439378.5736411465,373.864564582116
2014-11-19,1.1187722,5105131036.931972,3525.0,1331087.2279953244,377.613398012858
2014-11-20,1.05691479,4816608899.340705,3450.0,1228825.3654295723,356.181265341905
2014-11-21,1.04171403,4744260556.958859,3175.0,1113627.6268629455,350.748858854471
2014-11-22,1.04704666,4768701889.690104,3850.0,1356953.7312536512,352.455514611338
2014-11-23,1.09252099,4977255417.37997,3550.0,1305595.010008768,367.773242255991
2014-11-24,1.11975677,5103432931.307469,3675.0,1385453.772632962,376.994223845704
2014-11-25,1.11940193,5101446341.234384,3300.0,1243293.5791350096,376.755630040912
2014-11-26,1.09262566,4977788630.808806,3425.0,1258790.962624197,367.530208065459
2014-11-27,1.09877029,5006179265.651375,3525.0,1302594.051417298,369.530227352425
2014-11-28,1.13429879,5120924701.3427725,3700.0,1398218.6480713033,377.896931911163
2014-11-29,1.12906205,5097729689.693371,3925.0,1476099.616744595,376.07633547633
2014-11-30,1.13677757,5134678161.082396,4000.0,1514761.588544712,378.690397136178
2014-12-01,1.13825789,5141626519.7315445,3250.0,1232113.9316189373,379.111978959673
2014-12-02,1.1510639,5195071474.5043125,3750.0,1436050.4861922862,382.946796317943
2014-12-03,1.13011906,5100781830.036416,2900.0,1090156.4559322044,375.916019286967
2014-12-04,1.11229742,5006189589.777437,3650.0,1346286.323524255,368.845568088837
2014-12-05,1.1410958,5137728351.695431,3900.0,1475870.4855639967,378.428329631794
2014-12-06,1.13129289,5094341409.984036,3425.0,1284847.4828535952,375.13795119813
2014-12-07,1.13597735,5115922710.427437,3150.0,1186415.3482758612,376.639793103448
2014-12-08,1.10418082,4935062172.837815,4075.0,1480103.8829485695,363.215676797195
2014-12-09,1.06761307,4771784114.212252,3550.0,1246429.2742402111,351.106837814144
2014-12-10,1.06041309,4729191782.833354,3575.0,1243675.9832700167,347.881393921683
2014-12-11,1.06328138,4740155421.832263,3700.0,1289794.1227060193,348.593006136762
2014-12-12,1.07767689,4803918508.264444,3525.0,1244996.9090882535,353.190612507306
2014-12-13,1.06591465,4751499086.572427,3650.0,1274736.7494739932,349.242945061368
2014-12-14,1.08689147,4845769566.82618,3525.0,1255181.0183153122,356.07972150789
2014-12-15,1.06028962,4724725483.753984,3525.0,1223510.514691701,347.095181472823
2014-12-16,1.00469489,4474321674.239947,3575.0,1174792.6200029233,328.613320280538
2014-12-17,0.98028857,4362121917.476236,3200.0,1024952.3628287552,320.297613383986
2014-12-18,0.96077271,4270715212.2533607,3225.0,1011075.075053652,313.511651179427
2014-12-19,0.97619248,4336255009.048292,3425.0,1089981.8936659833,318.242888661601
2014-12-20,1.01306177,4498454597.075575,3350.0,1105720.290400351,330.065758328463
2014-12-21,0.98778637,4375857072.600248,3300.0,1059275.8112507309,320.992670075979
2014-12-22,1.0214974,4525126532.888657,4100.0,1360554.5962594976,331.842584453536
2014-12-23,1.03954357,4584226091.329002,3750.0,1260315.4821741676,336.084128579778
2014-12-24,0.99961153,4407433219.58878,3825.0,1235598.5390049696,323.032297779077
2014-12-25,0.98749454,4353624220.145397,3950.0,1260034.7702220909,318.996144360023
2014-12-26,1.01929944,4494277461.787612,3800.0,1250999.2992402122,329.210341905319
2014-12-27,0.97876537,4314703858.034944,3800.0,1200680.086791352,315.968443892461
2014-12-28,0.98276009,4330272746.483408,4225.0,1339369.2797779096,317.010480420807
2014-12-29,0.97130504,4277669438.88849,4100.0,1283568.6793980133,313.065531560491
2014-12-30,0.9677018,4243025008.2295938,3875.0,1202962.7658533033,310.442004091175
2014-12-31,1.00093553,4383931184.775236,3800.0,1218516.6915838695,320.662287258913
2015-01-01,0.98274685,4304761773.784208,4125.0,1298452.9467781987,314.77647194623
2015-01-02,0.98668726,4322014357.174626,4125.0,1303263.7684102864,315.942731735827
2015-01-03,0.89443575,3908737739.4016304,4050.0,1156871.604529515,285.647309760374
2015-01-04,0.826303,3604547303.485488,4300.0,1132338.671683228,263.334574810053
2015-01-05,0.86470946,3765349926.232124,3900.0,1072515.0210403278,275.003851548802
2015-01-06,0.90423431,3938260925.363736,3950.0,1135820.6081092916,287.549521040327
2015-01-07,0.93577843,4076070558.8848286,3500.0,1041374.4780829916,297.535565166569
2015-01-08,0.89651769,3896376434.109535,3675.0,1044958.2901446528,284.342391876096
2015-01-09,0.9241025,4009200101.349313,3500.0,1023753.9009351257,292.501114552893
2015-01-10,0.87375367,3787200643.162167,3675.0,1015147.2056326692,276.230532144944
2015-01-11,0.85069708,3685757426.270804,3875.0,1041427.6225160736,268.755515488019
2015-01-12,0.85146752,3684814575.287508,3550.0,953591.1736995917,268.617232028054
2015-01-13,0.71350593,3074962783.802202,3175.0,711543.2739114569,224.108117767388
2015-01-14,0.56357972,2410541394.6767755,3625.0,636686.4470338969,175.637640561075
2015-01-15,0.68179854,2915078937.6187863,3775.0,801587.3180230861,212.341011396844
2015-01-16,0.66753485,2850648523.431976,3475.0,721393.3368570999,207.595204850964
2015-01-17,0.64325099,2744637050.627337,3450.0,689395.6864260677,199.824836645237
2015-01-18,0.68000493,2900758070.2695274,3825.0,807581.8829193439,211.132518410286
2015-01-19,0.69895138,2980705663.4190784,3600.0,780820.9016949144,216.894694915254
2015-01-20,0.68366065,2912963378.745639,2950.0,625163.5689655172,211.919853886616
2015-01-21,0.73912676,3133526729.5787454,3725.0,848943.1837521918,227.904210403273
2015-01-22,0.75789177,3213279974.8754363,3375.0,788559.9170075977,233.647382817066
2015-01-23,0.75661441,3206926509.857733,3100.0,722711.8425189942,233.132852425482
2015-01-24,0.8081469,3427105944.2266946,3150.0,784608.6902980725,249.08212390415
2015-01-25,0.8258294,3502692396.505861,3125.0,795368.5664450625,254.51794126242
2015-01-26,0.89147229,3771018340.3958287,3175.0,869798.3775131516,273.952244886032
2015-01-27,0.86202293,3645385810.763192,3725.0,986207.9217635876,264.753804500292
2015-01-28,0.76846781,3246805002.4986134,4100.0,966516.9458211584,235.735840444185
2015-01-29,0.76357085,3223269286.8193126,4100.0,959225.2312098168,233.957373465809
2015-01-30,0.74804548,3154330219.336208,3450.0,789691.8553185265,228.896189947399
2015-01-31,0.71163625,2995872651.2747865,4150.0,901928.44760374,217.332156049094
2015-02-01,0.74387279,3131555924.450037,3875.0,880056.2924824673,227.111301285798
2015-02-02,0.78676033,3311502260.8039474,3975.0,954367.3692212172,240.092419929866
2015-02-03,0.74694335,3142345617.194964,3175.0,723187.8341393936,227.775695791935
2015-02-04,0.7443882,3129526308.6160164,3975.0,901455.0081750457,226.781134132087
2015-02-05,0.71333929,2995565459.889972,3975.0,862619.325547925,217.011151081239
2015-02-06,0.73237364,3075423077.971155,4425.0,985557.9892241363,222.724969316189
2015-02-07,0.75214553,3158106085.154654,3975.0,908872.3314582121,228.647127410871
2015-02-08,0.73731062,3095155714.175765,3300.0,739318.7633547639,224.035988895383
2015-02-09,0.72729218,3050902424.29268,4025.0,888593.187799533,220.768493863238
2015-02-10,0.72810409,3053351264.7799406,3600.0,795197.3554646424,220.888154295734
2015-02-11,0.72439005,3034972495.4742727,3950.0,867008.6459380464,219.495859731151
2015-02-12,0.73482642,3078323766.3727307,2975.0,662185.1031122151,222.583227936879
2015-02-13,0.78098836,3272421689.8762527,3650.0,863427.07795149,236.555363822326
2015-02-14,0.85038033,3564959250.338558,4000.0,1030510.78316774,257.627695791935
2015-02-15,0.7743708,3244997129.4419994,3500.0,820560.310637053,234.445803039158
2015-02-16,0.77684571,3254782653.5302696,3925.0,922713.0477936867,235.086126826417
2015-02-17,0.80607357,3377800069.693703,3725.0,908549.0836645224,243.905794272355
2015-02-18,0.78023417,3269233640.315125,4175.0,985280.0949371731,235.995232320281
2015-02-19,0.80139075,3351651583.637617,4150.0,1003769.8538720032,241.872253945061
2015-02-20,0.81236962,3403317980.169206,3950.0,969846.5623465792,245.530775277615
2015-02-21,0.81269734,3405093966.41488,3550.0,871865.8093366454,245.596002630041
2015-02-22,0.78366869,3282518444.046001,3775.0,893507.2729178829,236.690668322618
2015-02-23,0.79211394,3316309401.1681356,3550.0,848684.363281707,239.066017825833
2015-02-24,0.79522354,3328225536.1133857,3225.0,773578.3703609005,239.869262127411
2015-02-25,0.79086428,3306512284.3025994,3975.0,946988.5414085336,238.236111046172
2015-02-26,0.78721981,3290861309.890165,3750.0,888916.5089859712,237.044402396259
2015-02-27,0.8470053,3542727502.119319,3800.0,969443.742723553,255.116774400935
2015-02-28,0.84675657,3541295080.490139,3550.0,905066.992416716,254.948448568089
2015-03-01,0.86514949,3621421761.2892585,3500.0,912279.6578024536,260.651330800701
2015-03-02,0.91679724,3840245961.7741632,3950.0,1091474.3240210412,276.322613676213
2015-03-03,0.9391453,3930075596.1308017,3950.0,1116688.3086937475,282.705900935126
2015-03-04,0.90841341,3802326215.650573,3500.0,957066.377849211,273.447536528346
2015-03-05,0.91835146,3842468093.2194247,3300.0,911687.0702805392,276.268809175921
2015-03-06,0.90850025,3802439815.859744,3700.0,1011277.024926944,273.31811484512
2015-03-07,0.91980286,3846329553.170976,3500.0,967411.7508766796,276.403357393337
2015-03-08,0.91749265,3832578713.5059977,3900.0,1073818.3322033896,275.338033898305
2015-03-09,0.96777239,4039521363.792741,3600.0,1044468.2125073052,290.130059029807
2015-03-10,0.9731036,4071128369.552176,3800.0,1110817.4558153134,292.320383109293
2015-03-11,0.98702529,4133172397.6432896,3850.0,1142269.3179573368,296.693329339568
2015-03-12,0.98143882,4121701164.266951,3275.0,968746.129310344,295.800344827586
2015-03-13,0.95005909,3984946334.609023,3650.0,1043575.2459964928,285.911026300409
2015-03-14,0.94250473,3953780496.6016474,3275.0,928817.2029807136,283.608306253653
2015-03-15,0.95476771,4005857102.306764,3575.0,1026990.7577293972,287.270142022209
2015-03-16,0.96883474,4064348851.756613,3475.0,1012587.6102571586,291.392118059614
2015-03-17,0.94842564,3979568774.68936,3200.0,912794.8689655168,285.248396551724
2015-03-18,0.85686576,3590445029.5322075,3825.0,984119.5625365288,257.286160140269
2015-03-19,0.87346947,3658421733.575415,3425.0,897668.3468439498,262.092947983635
2015-03-20,0.87674824,3671509176.3995695,3400.0,894086.0731735819,262.966492109877
2015-03-21,0.87101347,3647612342.244767,3775.0,985970.7230128589,261.18429748685
2015-03-22,0.89689624,3756313691.7441807,3550.0,954592.9262273529,268.899415838691
2015-03-23,0.89015559,3727646150.526438,3625.0,967070.2245762728,266.777992986558
2015-03-24,0.8245462,3450054626.3373647,4325.0,1067561.7339421385,246.835082992402
2015-03-25,0.82488492,3449433239.27608,4050.0,999212.5038866143,246.719136762127
2015-03-26,0.834809,3489697647.733156,3700.0,923272.0762127409,249.532993571011
2015-03-27,0.82811622,3460630353.820043,4275.0,1057544.7902542383,247.378898305085
2015-03-28,0.84785463,3543442060.8842163,3700.0,936956.971683228,253.23161396844
2015-03-29,0.81383575,3400748395.4846005,3825.0,929351.1245470473,242.967614260666
2015-03-30,0.83226724,3476782836.084996,3550.0,881596.1176212742,248.336934541204
2015-03-31,0.82051756,3426957264.2116175,3750.0,917671.82130333,244.712485680888
2015-04-01,0.83080879,3462409579.406614,3300.0,815713.2040327281,247.185819403857
2015-04-02,0.85233643,3553728796.7408247,4150.0,1052564.7922706015,253.630070426651
2015-04-03,0.85676268,3571516036.0615797,3650.0,930141.0473115136,254.83316364699
2015-04-04,0.85381712,3560051556.9785414,3825.0,971342.8709964924,253.945848626534
2015-04-05,0.87790912,3661481425.4431505,3700.0,966114.9038573938,261.112136177674
2015-04-06,0.86213123,3595755072.903167,3150.0,807557.268760959,256.367386908241
2015-04-07,0.85722526,3575186989.6733437,3800.0,968361.2124488604,254.831898012858
2015-04-08,0.82735719,3449595061.098264,3125.0,768203.7825102281,245.825210403273
2015-04-09,0.82153081,3422837587.959361,3325.0,810836.6152907661,243.860636177674
2015-04-10,0.7967323,3311603691.496089,3800.0,896313.2224430162,235.871900642899
2015-04-11,0.80216867,3334016203.7726493,3500.0,830931.737288135,237.40906779661
2015-04-12,0.80176151,3331011083.015563,3200.0,758851.3355932191,237.141042372881
2015-04-13,0.76357046,3168453355.018588,3900.0,879471.9799532433,225.505635885447
2015-04-14,0.74489185,3088504414.231545,3725.0,818595.7067212154,219.757236703682
2015-04-15,0.75926768,3139171565.362344,3050.0,681107.4192431323,223.313907948568
2015-04-16,0.77719921,3212774939.335911,3450.0,788303.6628287563,228.493815312683
2015-04-17,0.75827898,3133207820.358849,3150.0,701772.9396259491,222.785060198714
2015-04-18,0.76055574,3142644115.634204,3650.0,815402.8610607833,223.398044126242
2015-04-19,0.76035314,3141851112.238399,3625.0,809404.9904661032,223.284135300994
2015-04-20,0.76631946,3165382222.462422,3850.0,865845.378725893,224.894903565167
2015-04-21,0.80085177,3307655935.8249736,3825.0,898643.038676213,234.939356516657
2015-04-22,0.79730639,3292819357.09004,3800.0,888525.1912916404,233.822418760958
2015-04-23,0.80445024,3323312673.176487,3250.0,766783.2044856815,235.933293687902
2015-04-24,0.78956794,3261000380.522641,3100.0,717521.6362653429,231.458592343659
2015-04-25,0.77276772,3191301062.82119,4075.0,922767.4214202239,226.445992986558
2015-04-26,0.75294572,3108346068.4578934,3600.0,793812.2644067795,220.503406779661
2015-04-27,0.77665961,3205299821.835456,3425.0,778591.5169710707,227.325990356517
2015-04-28,0.77087913,3181112157.843448,3825.0,862726.3356224422,225.549368790181
2015-04-29,0.77154151,3183519985.1888514,3175.0,716499.9907583285,225.66928842782
2015-04-30,0.80792304,3334673947.4553585,3350.0,791698.7197253067,236.327976037405
2015-05-01,0.7959527,3285000343.4349766,3700.0,861162.3559906475,232.746582700175
2015-05-02,0.80559481,3325293514.790359,3675.0,865609.7835184112,235.540077147867
2015-05-03,0.8223728,3395659327.7417884,3525.0,847636.4776446511,240.464248977206
2015-05-04,0.81741779,3375417433.7278066,3200.0,764725.3161893632,238.976661309176
2015-05-05,0.80768013,3334612653.988549,3850.0,908690.026095852,236.02338340152
2015-05-06,0.78562752,3243106562.193164,4025.0,923661.9076842269,229.481219300429
2015-05-07,0.81202047,3352047328.9478006,3525.0,835885.6727936869,237.130687317358
2015-05-08,0.83681725,3455488162.0896983,3750.0,916438.0230859162,244.383472822911
2015-05-09,0.83113721,3432551362.7063966,3225.0,782726.6888442441,242.705950029223
2015-05-10,0.82457424,3405403163.984579,3225.0,776359.0356662777,240.731483927528
2015-05-11,0.83050336,3427838774.99882,3950.0,956886.8570572756,242.24983722969
2015-05-12,0.83069449,3428170514.219828,3750.0,908284.09519287,242.209092051432
2015-05-13,0.81161902,3349034848.944277,4050.0,958028.577001754,236.550265926359
2015-05-14,0.81336253,3355591126.3026547,3850.0,912253.3293541784,236.948916715371
2015-05-15,0.81536167,3364048665.8897886,3675.0,872755.5460914664,237.484502337814
2015-05-16,0.80981981,3341137186.2170367,3300.0,778180.0436002329,235.812134424313
2015-05-17,0.81389832,3358466081.9732075,4275.0,1013019.744542666,236.963682933957
2015-05-18,0.80026593,3301481333.929694,3600.0,838381.858615548,232.88384961543
2015-05-19,0.79745588,3289343088.6451774,3250.0,753916.952147866,231.974446814728
2015-05-20,0.80520035,3321612394.0908113,3625.0,848939.8601694922,234.190306253653
2015-05-21,0.81004487,3341864436.7513223,3875.0,912771.059248979,235.553821741672
2015-05-22,0.82662537,3410358036.1838894,3450.0,829115.0527030966,240.323203682057
2015-05-23,0.8221977,3391728868.508885,2800.0,669097.1887784912,238.963281706604
2015-05-24,0.82826864,3417424495.160936,3650.0,878597.9178988899,240.711758328463
2015-05-25,0.81597835,3365613792.1716657,3525.0,835437.4899547059,237.003543249562
2015-05-26,0.8155281,3363522711.3517814,3600.0,852466.5405026316,236.796261250731
2015-05-27,0.81731823,3370126970.7481446,3450.0,818352.4077001738,237.203596434833
2015-05-28,0.81693429,3367403673.12386,3300.0,781957.7104032738,236.956881940386
2015-05-29,0.81601049,3363904289.7064414,3850.0,911089.1273816486,236.646526592636
2015-05-30,0.80519424,3309858187.054192,3400.0,791481.8180596156,232.788770017534
2015-05-31,0.79414393,3263243345.059638,3700.0,848967.027323203,229.45054792519
2015-06-01,0.77376466,3176261135.317753,3300.0,736832.9163647001,223.282701928697
2015-06-02,0.78141163,3206098638.097028,3750.0,844953.0037258912,225.320800993571
2015-06-03,0.781559,3205365142.156569,3550.0,799506.3751168918,225.213063413209
2015-06-04,0.77606861,3182342189.564728,3525.0,787978.770916131,223.54007685564
2015-06-05,0.78040202,3200072653.718305,3450.0,775322.1980128583,224.731071887785
2015-06-06,0.78204257,3207189674.672468,4450.0,1001964.2835184122,225.160513150205
2015-06-07,0.77660755,3183111561.3986707,3725.0,832208.5298144381,223.411685856225
2015-06-08,0.79532581,3260414508.051764,3925.0,897939.0935490954,228.774291350088
2015-06-09,0.79751177,3269777768.2480297,3775.0,865873.7489187625,229.370529514904
2015-06-10,0.79522298,3259595200.829957,4225.0,965786.3594097021,228.588487434249
2015-06-11,0.79912895,3274571594.9491158,3375.0,774847.3896478665,229.584411747516
2015-06-12,0.79991673,3278622378.6497383,3550.0,815829.8257113094,229.811218510228
2015-06-13,0.81144066,3325260566.2108974,3975.0,926235.994528052,233.015344535359
2015-06-14,0.80992401,3318868030.226305,3700.0,860276.3022209246,232.507108708358
2015-06-15,0.8248878,3380869346.470486,3600.0,852447.46639392,236.7909628872
2015-06-16,0.87513216,3590663484.050795,2950.0,741726.3965517251,251.432676797195
2015-06-17,0.86325931,3542183372.32402,3950.0,979478.8047194632,247.969317650497
2015-06-18,0.86709753,3558055843.2596903,3900.0,971148.6702220914,249.012479544126
2015-06-19,0.85251691,3498814572.862747,3675.0,899652.8045075997,244.803484219755
2015-06-20,0.85520736,3510771420.444903,3350.0,822701.4190531867,245.582513150205
2015-06-21,0.85070324,3493198059.142505,3100.0,757330.8062536544,244.300260081824
2015-06-22,0.86017515,3533001756.575591,3825.0,944843.4386616,247.017892460549
2015-06-23,0.85051054,3493335248.1509166,3500.0,854646.671537113,244.184763296318
2015-06-24,0.8379559,3440865164.001367,3900.0,937761.0266510812,240.451545295149
2015-06-25,0.8448489,3468922344.1708727,3800.0,920921.8592051432,242.347857685564
2015-06-26,0.84717268,3478734335.532736,3850.0,935426.789874342,242.967997369959
2015-06-27,0.87686139,3602123761.058016,3225.0,811182.0786382245,251.529326709527
2015-06-28,0.86825845,3567614187.007736,3525.0,877930.4574371709,249.058285797779
2015-06-29,0.89447788,3677262511.34254,3500.0,898275.778345995,256.65022238457
2015-06-30,0.91895089,3781439208.194029,3625.0,956472.0436355923,263.854356864991
2015-07-01,0.89877462,3699019359.3169966,3375.0,870893.9355639983,258.042647574518
2015-07-02,0.88759905,3652758933.862812,3850.0,980776.386528346,254.747113383986
2015-07-03,0.89360593,3673002617.364455,4025.0,1030750.3474045596,256.087042833431
2015-07-04,0.90895603,3737419191.3775535,3800.0,989935.11057861,260.50923962595
2015-07-05,0.94652746,3893228194.4129295,3550.0,963123.7266510807,271.302458211572
2015-07-06,0.93879668,3863384906.069908,4525.0,1217849.1789231463,269.137940093513
2015-07-07,0.92913382,3825979032.67402,3350.0,892674.2288281698,266.469919053185
2015-07-08,0.94328042,3886025324.2615986,4025.0,1089068.9751680281,270.576142898889
2015-07-09,0.94097662,3874055948.766721,3325.0,896687.0134351256,269.680304792519
2015-07-10,0.99548676,4103255450.276876,3850.0,1099401.3061952074,285.558780829924
2015-07-11,1.02415822,4224450512.3152328,3700.0,1087494.5791642328,293.917453828171
2015-07-12,1.08367916,4477953762.4413595,3375.0,1051251.3446449433,311.481879894798
2015-07-13,1.0183322,4208292844.131372,3700.0,1082802.128229105,292.649223845704
2015-07-14,1.00130096,4138747805.314685,3600.0,1035867.4253652852,287.740951490357
2015-07-15,0.9949258,4113691144.216647,3825.0,1093655.036835184,285.922885447107
2015-07-16,0.96964467,4008299274.556174,3350.0,933084.7100526004,278.532749269433
2015-07-17,0.97483547,4031374810.7913055,3675.0,1029237.8633547648,280.064724722385
2015-07-18,0.96571539,3993397737.8692417,3725.0,1033146.0164962026,277.354635300994
2015-07-19,0.95860718,3964601513.393176,3800.0,1046071.5600233768,275.281989479836
2015-07-20,0.97272012,4020884200.643299,3900.0,1088546.1328755117,279.114393045003
2015-07-21,0.96438518,3986295615.0528727,3175.0,878371.4100818223,276.652412624196
2015-07-22,0.96830559,4003387232.698968,3850.0,1069392.8209672708,277.764369082408
2015-07-23,0.96492102,3990624329.558321,3500.0,968840.700029223,276.811628579778
2015-07-24,1.00796633,4171970034.347817,4225.0,1222317.7499926952,289.305976329632
2015-07-25,1.00828547,4175992752.5274096,3850.0,1114604.4139099948,289.507639976622
2015-07-26,1.02127006,4231965548.687132,3600.0,1055933.4340151965,293.314842781999
2015-07-27,1.02492676,4249105128.489564,3725.0,1096739.6878360603,294.426761835184
2015-07-28,1.02815783,4264301217.254372,3400.0,1004394.4259140866,295.410125268849
2015-07-29,1.00910193,4185225454.907616,3800.0,1101452.178141438,289.85583635301
2015-07-30,1.00375693,4162806009.563684,3350.0,965591.473232028,288.236260666277
2015-07-31,0.99098704,4111325610.108484,3775.0,1074354.899503213,284.597324371712
2015-08-01,0.98089158,4070111946.409812,3875.0,1091466.77936879,281.66884628872
2015-08-02,0.98353023,4082075699.521997,3775.0,1066146.8492694334,282.423006428989
2015-08-03,0.98277599,4079743942.9708977,3925.0,1107576.3303112197,282.185052308591
2015-08-04,0.99397021,4125555384.437055,3400.0,969974.4994155474,285.286617475161
2015-08-05,0.98382413,4083866764.853092,3325.0,938776.7989699012,282.338886908241
2015-08-06,0.97232925,4036507636.772833,3575.0,997409.8015488036,278.99574868498
2015-08-07,0.97419688,4044597118.3642817,3425.0,957248.849145236,279.488715078901
2015-08-08,0.91166096,3784607715.853803,4025.0,1052337.359168614,261.450275569842
2015-08-09,0.93317694,3856363388.431896,3550.0,945514.1726183528,266.342020455874
2015-08-10,0.92856137,3837007827.3308535,4175.0,1106077.8454120408,264.928825248393
2015-08-11,0.95127646,3932144983.270839,4050.0,1099258.0312828773,271.421736119229
2015-08-12,0.93998135,3885502464.253271,3150.0,844653.1857685552,268.143868497954
2015-08-13,0.92822959,3836450981.8437095,3675.0,972741.7328828156,264.691627995324
2015-08-14,0.93435614,3861519172.3478336,3550.0,945563.5925189932,266.355941554646
2015-08-15,0.91933993,3798349935.904611,3425.0,897133.6655099366,261.936836645237
2015-08-16,0.90950511,3755652917.488387,3450.0,893311.3199949169,258.930817389831
2015-08-17,0.90668516,3743236411.37836,3675.0,948184.5387711872,258.009398305085
2015-08-18,0.76798027,3161886892.890434,3525.0,768047.7379872028,217.885883116937
2015-08-19,0.80186184,3298201251.3114314,3900.0,886151.1824079487,227.218251899474
2015-08-20,0.83203851,3419645393.4232545,3750.0,883214.5616598487,235.523883109293
2015-08-21,0.82326318,3381065750.1088943,4125.0,960302.5485894224,232.80061783986
2015-08-22,0.81611734,3350585165.1281605,3950.0,911024.7344973683,230.639173290473
2015-08-23,0.8092317,3322788928.251413,3350.0,766054.7976767962,228.673073933372
2015-08-24,0.75213176,3080697609.0501647,3875.0,821329.1806691976,211.955917592051
2015-08-25,0.79407506,3236956684.2576046,3375.0,751460.7581458222,222.655039450614
2015-08-26,0.80814493,3288192392.142522,4025.0,910119.7182057274,226.116700175336
2015-08-27,0.80418084,3271849435.0457935,3425.0,770419.0796317926,224.939877264757
2015-08-28,0.82998858,3377926168.673827,3875.0,899661.882159555,232.17080829924
2015-08-29,0.82198826,3344733031.8844867,4000.0,919304.800701344,229.826200175336
2015-08-30,0.81927215,3333852748.421697,3750.0,858823.3967708925,229.019572472238
2015-08-31,0.82540167,3359066951.9227314,3925.0,905456.1544491528,230.689466101695
2015-09-01,0.81598508,3320136353.914489,3850.0,877628.9461426062,227.955570426651
2015-09-02,0.82188383,3343580491.3405457,4000.0,918008.722838108,229.502180709527
2015-09-03,0.81397546,3309516199.153644,3650.0,828940.9937171227,227.107121566335
2015-09-04,0.82872426,3369734261.0245614,3900.0,901592.4973115152,231.177563413209
2015-09-05,0.8456626,3439481099.355,3675.0,866943.5475526003,235.903006136762
2015-09-06,0.86322379,3511826272.0757103,3600.0,866899.7000584452,240.805472238457
2015-09-07,0.86259401,3510234381.8466825,3800.0,914407.73974284,240.6336157218
2015-09-08,0.87516289,3562723704.108738,3400.0,830194.8390414976,244.174952659264
2015-09-09,0.85581756,3484056329.6194606,3725.0,889241.1753433654,238.722463179427
2015-09-10,0.85661875,3485485743.3847775,4275.0,1020658.2900569838,238.750477206312
2015-09-11,0.86421443,3517014443.8737726,3950.0,951337.7820617193,240.845008116891
2015-09-12,0.84831164,3452198889.67502,3375.0,797687.4335957043,236.351832176505
2015-09-13,0.82782905,3368309570.3646874,3775.0,870321.8608730264,230.548837317358
2015-09-14,0.82963832,3375030516.0714784,3800.0,877605.4171244903,230.948793980129
2015-09-15,0.82794791,3367911560.96047,4000.0,921594.36002338,230.398590005845
2015-09-16,0.82333716,3348913151.4073014,3550.0,813103.6645821154,229.043285797779
2015-09-17,0.83834106,3410568738.8057647,3600.0,839529.7122150792,233.202697837522
2015-09-18,0.83835706,3411022493.6568775,3675.0,856918.6061221506,233.175130917592
2015-09-19,0.83518355,3398091544.278299,3125.0,725754.9002776156,232.241568088837
2015-09-20,0.83222368,3385967055.005891,3200.0,740359.4361192288,231.362323787259
2015-09-21,0.81585049,3319557617.5923657,3300.0,748352.3783459954,226.773447983635
2015-09-22,0.82986426,3376861757.3471384,3925.0,905208.246310637,230.626304792519
2015-09-23,0.82892525,3370539512.0771394,3950.0,909023.1291350072,230.132437755698
2015-09-24,0.84398148,3432689103.0621896,3500.0,820119.539742839,234.319868497954
2015-09-25,0.8484784,3451503181.4239817,4100.0,965706.7093804796,235.538221800117
2015-09-26,0.84518839,3438496949.835321,3675.0,862124.9180523073,234.591814436002
2015-09-27,0.84044962,3419600261.1048646,3725.0,868831.3288573931,233.243309760374
2015-09-28,0.86502832,3519771869.2667894,3575.0,858061.7235973103,240.017265341905
2015-09-29,0.85547192,3481487862.484529,4350.0,1032412.6169491508,237.336233781414
2015-09-30,0.85345406,3473615410.713113,3700.0,875937.4377556997,236.739848042081
2015-10-01,0.85908051,3496364654.7323823,3725.0,887406.05659702,238.229813851549
2015-10-02,0.85804128,3492888180.8293414,3450.0,820882.6752045581,237.937007305669
2015-10-03,0.86449878,3520164729.941746,3625.0,869042.6292372873,239.735897720631
2015-10-04,0.86381713,3517865592.290263,3825.0,916152.2377337827,239.516924897721
2015-10-05,0.86904243,3540000026.045972,3825.0,921676.6429128736,240.961213833431
2015-10-06,0.89045639,3628719295.758303,3550.0,876638.7687755683,246.940498246639
2015-10-07,0.87953074,3582418301.470667,3325.0,810417.1687755684,243.734486849795
2015-10-08,0.87738611,3572908937.268152,3500.0,850603.7153711265,243.029632963179
2015-10-09,0.88249178,3594544173.051464,3150.0,770013.9956019861,244.448887492694
2015-10-10,0.88802862,3617688500.22872,4000.0,983823.697253068,245.955924313267
2015-10-11,0.89733993,3656429914.913464,3650.0,907127.8037112813,248.528165400351
2015-10-12,0.88965466,3621485952.20494,3550.0,873632.4125803625,246.093637346581
2015-10-13,0.9052258,3686765011.986784,3425.0,857864.2049021032,250.471300701344
2015-10-14,0.91550869,3727042598.5500207,3800.0,961940.8370543522,253.142325540619
2015-10-15,0.92101163,3750930547.892338,4150.0,1056976.0122621264,254.693015002922
2015-10-16,0.94954679,3870347619.255164,3600.0,945854.5076563428,262.737363237873
2015-10-17,0.98206419,4006701466.036159,3400.0,924565.192343657,271.930938924605
2015-10-18,0.9516082,3883162961.001024,3625.0,955121.080508474,263.481677381648
2015-10-19,0.95474467,3897238283.402315,4125.0,1090496.2539450622,264.362728229106
2015-10-20,0.97727168,3993478146.273724,3200.0,866663.0779661024,270.832211864407
2015-10-21,0.96713256,3953274547.7456384,3600.0,964944.7837521912,268.040217708942
2015-10-22,0.99332361,4063062212.072203,3700.0,1019035.3388953845,275.414956458212
2015-10-23,1.00428416,4111275942.971991,3725.0,1037832.5981501465,278.612778026885
2015-10-24,1.02166516,4186061085.708384,3625.0,1028090.3930084762,283.61114289889
2015-10-25,1.02981363,4223162195.8379135,3875.0,1108442.562134715,286.04969345412
2015-10-26,1.03170839,4233988576.976577,4100.0,1175483.8695499706,286.703382817066
2015-10-27,1.06222316,4365910872.377493,3675.0,1086193.7081896572,295.562913793104
2015-10-28,1.09230955,4498127762.504589,3475.0,1057936.2871420225,304.442097019287
2015-10-29,1.12707436,4653528359.828375,3775.0,1188669.97019287,314.879462302747
2015-10-30,1.17145113,4856113853.881978,4275.0,1404304.6729471069,328.492321157218
2015-10-31,1.11900853,4644794429.499121,3675.0,1154389.1925701324,314.119508182349
2015-11-01,1.17301764,4878720873.406128,3825.0,1261692.420740794,329.854227644652
2015-11-02,1.29040009,5394270070.549457,3825.0,1394658.6020821144,364.616627995324
2015-11-03,1.40849617,5932954782.927945,3875.0,1553577.0326563432,400.923105201637
2015-11-04,1.41400867,6001984912.541993,3875.0,1571241.5157071892,405.481681472823
2015-11-05,1.33554498,5690464341.778327,3650.0,1402845.4638369377,384.341222969024
2015-11-06,1.29585462,5523536982.471544,3625.0,1352035.8898305076,372.975417884278
2015-11-07,1.33922357,5725363853.894037,3800.0,1468717.2932203405,386.504550847458
2015-11-08,1.29084893,5517726529.270193,3475.0,1294090.4508766804,372.400129748685
2015-11-09,1.31634235,5639092372.258233,3725.0,1417346.2752410856,380.495644360023
2015-11-10,1.1732578,5008011574.29464,3650.0,1233081.3335330212,337.830502337814
2015-11-11,1.07637834,4580771119.302635,4200.0,1297473.180596145,308.922185856225
2015-11-12,1.17484219,5006229106.120829,4025.0,1358530.0291277028,337.522988603156
2015-11-13,1.17320189,5003958699.46066,4000.0,1349115.832846288,337.278958211572
2015-11-14,1.15846495,4942356322.479359,3550.0,1182317.2670368217,333.047117475161
2015-11-15,1.113692,4748951129.880329,4000.0,1279712.086499124,319.928021624781
2015-11-16,1.15257372,4916703779.861369,4325.0,1432149.0356881924,331.132725014611
2015-11-17,1.16708912,4987994385.318497,3725.0,1251040.4531852724,335.849786090006
2015-11-18,1.16637111,4987714987.43995,3825.0,1284222.7315020452,335.744504967855
2015-11-19,1.13381269,4847511550.504216,3400.0,1109189.2947983653,326.232145528931
2015-11-20,1.11922908,4785085356.666097,4175.0,1344101.4850160703,321.940475452951
2015-11-21,1.13292142,4845432243.699364,4350.0,1417687.7555084724,325.905231151373
2015-11-22,1.12503742,4814289952.834088,4300.0,1391982.9542372883,323.716966101695
2015-11-23,1.12274649,4805130309.641994,4075.0,1316276.167090883,323.012556341321
2015-11-24,1.11232756,4760988552.801359,3900.0,1247849.2904559905,319.961356527177
2015-11-25,1.14323112,4896111301.831781,3700.0,1217153.6921391005,328.960457334892
2015-11-26,1.23571942,5303923855.628612,4400.0,1567523.287083578,356.255292518995
2015-11-27,1.24471977,5349983844.881412,3325.0,1194568.8410359423,359.268824371712
2015-11-28,1.23492724,5311127725.817877,3850.0,1372784.1920806551,356.567322618352
2015-11-29,1.28597204,5538029394.198577,3725.0,1384610.8565897148,371.707612507306
2015-11-30,1.30285581,5624216681.366006,4050.0,1528428.8514319104,377.389839859731
2015-12-01,1.25175777,5404310416.077196,4175.0,1513572.6689801302,362.532375803624
2015-12-02,1.2400996,5356414170.9545,4025.0,1445870.1767022205,359.22240414962
2015-12-03,1.24663471,5387334794.284119,3550.0,1282295.7417153711,361.210068088837
2015-12-04,1.25296246,5419024328.555151,3825.0,1389399.2416130905,363.241631794272
2015-12-05,1.34032565,5810419099.219202,4375.0,1703462.9447326136,389.362958796026
2015-12-06,1.35140208,5871020031.333293,3975.0,1563443.5407510228,393.319129748685
2015-12-07,1.35604281,5902736521.563241,3675.0,1452898.7118278788,395.346588252484
2015-12-08,1.41573376,6180046220.944394,4375.0,1810369.13939217,413.798660432496
2015-12-09,1.4230962,6239060888.933594,4200.0,1754057.2192285212,417.632671244886
2015-12-10,1.4147374,6212880482.65345,5400.0,2244941.591291642,415.729924313267
2015-12-11,1.53766856,6784553388.968775,4000.0,1815445.92051432,453.86148012858
2015-12-12,1.47529212,6517159334.528693,4050.0,1765215.6756575084,435.85572238457
2015-12-13,1.46917519,6496986520.352054,3550.0,1542132.3056984232,434.403466393922
2015-12-14,1.49347951,6627592526.377309,4875.0,2159584.4870689684,442.991689655173
2015-12-15,1.5607304,6953267162.993504,4575.0,2125626.763084454,464.617871712449
2015-12-16,1.52430436,6798347864.165865,4075.0,1850630.6565385736,454.142492402104
2015-12-17,1.52913908,6831516735.298596,3875.0,1767930.5216189348,456.240134611338
2015-12-18,1.54887254,6937324462.524802,4225.0,1956917.627089422,463.175769725307
2015-12-19,1.5407991,6912537068.061339,3925.0,1810994.6386981292,461.399907948568
2015-12-20,1.47646827,6626025133.292232,4125.0,1823885.209015196,442.15399006429
2015-12-21,1.46115451,6560011593.067867,3725.0,1630209.482225306,437.640129456458
2015-12-22,1.45244997,6526092469.887121,3750.0,1632256.4213179424,435.268379018118
2015-12-23,1.47498552,6638740303.75793,3925.0,1737462.978711281,442.665727060199
2015-12-24,1.51648924,6838470695.339431,3450.0,1572781.5599649332,455.878713033314
2015-12-25,1.51327284,6837917946.867378,4050.0,1845661.2446230263,455.718825832846
2015-12-26,1.39046843,6277070712.492882,4275.0,1787897.047421099,418.221531560491
2015-12-27,1.40524438,6346542709.362944,5125.0,2166367.709343952,422.705894506137
2015-12-28,1.39984175,6323313675.840925,3775.0,1589474.6204997092,421.052879602572
2015-12-29,1.43330598,6479519118.389768,3975.0,1714576.584796902,431.340021332554
2015-12-30,1.41549314,6401715280.957624,4125.0,1757430.043834014,426.043646990064
2015-12-31,1.42597532,6457837561.22856,3550.0,1525353.894637638,429.677153419053
2016-01-01,1.44202141,6534464975.488938,3375.0,1467038.2716978379,434.678006428989
2016-01-02,1.44085731,6532460051.432983,3625.0,1574844.555084744,434.439877264757
2016-01-03,1.42578556,6469306703.42351,3625.0,1559243.6525423727,430.136180011689
2016-01-04,1.4358758,6521092888.510424,4525.0,1961356.5940897136,433.44897106955
2016-01-05,1.43257229,6511064277.770981,3925.0,1698227.7978229108,432.669502630041
2016-01-06,1.42542709,6482611157.065961,3525.0,1518139.4905756884,430.677869666862
2016-01-07,1.51365061,6913751592.747049,3675.0,1687592.8548436603,459.208940093513
2016-01-08,1.49531085,6839314891.010368,4325.0,1964131.3826271205,454.134423728814
2016-01-09,1.48063286,6776417115.362054,3775.0,1698165.6913354753,449.845216247808
2016-01-10,1.47362064,6759323837.84895,4375.0,1962538.44608416,448.580216247808
2016-01-11,1.4731839,6768055781.641483,4250.0,1908390.50087668,449.033059029807
2016-01-12,1.44857001,6660432982.865688,4250.0,1877514.668176504,441.768157218001
2016-01-13,1.41794151,6519443883.191552,3700.0,1599549.3873758048,432.310645236704
2016-01-14,1.4098903,6483361597.024275,3325.0,1429162.22220193,429.823224722385
2016-01-15,1.21085056,5549288342.816036,3050.0,1121860.7596434825,367.823199883109
2016-01-16,1.2771992,5856144324.168158,3550.0,1377652.77618352,388.071204558738
2016-01-17,1.25902054,5773246244.378153,3775.0,1443869.876534189,382.482086499123
2016-01-18,1.26741248,5810881380.773609,4325.0,1664541.8454120408,384.865166569258
2016-01-19,1.24584593,5710926949.146569,3325.0,1257387.7356735817,378.161725014611
2016-01-20,1.3822596,6353766326.386117,3800.0,1598367.1118396274,420.622924168323
2016-01-21,1.34524409,6184105216.642784,3425.0,1401847.224379018,409.298459672706
2016-01-22,1.25973209,5758921327.7966585,4400.0,1676604.4212741076,381.046459380479
2016-01-23,1.27705234,5841116434.328447,4475.0,1729008.446507892,386.370602571596
2016-01-24,1.33208711,6100999519.862752,4275.0,1724735.6114333712,403.446926651081
2016-01-25,1.29373682,5929274269.037929,4050.0,1587543.6941116315,391.986097311514
2016-01-26,1.29079002,5918084970.456128,4000.0,1564571.740502628,391.142935125657
2016-01-27,1.3020216,5972336901.073852,3875.0,1529181.6801994436,394.62753037405
2016-01-28,1.25165178,5735712764.941532,3650.0,1382988.6340005863,378.900995616599
2016-01-29,1.2534027,5738812666.135165,4225.0,1601274.9781267948,378.99999482291
2016-01-30,1.24726247,5714271472.877842,4675.0,1763703.4921829368,377.262779076564
2016-01-31,1.21190019,5550511097.358207,4525.0,1657696.136433372,366.341687609585
2016-02-01,1.23041296,5625969536.424808,4025.0,1494174.3262396248,371.22343509059
2016-02-02,1.236387,5653475162.744131,4500.0,1678174.3404441855,372.927631209819
2016-02-03,1.22129665,5581909720.258204,4475.0,1647239.4745543543,368.098206604325
2016-02-04,1.29128531,5911470181.268046,4200.0,1636836.9412039765,389.723081239042
2016-02-05,1.27387646,5832510244.835424,4700.0,1806672.54572034,384.398413983051
2016-02-06,1.24218056,5686190017.949058,5000.0,1873157.77761543,374.631555523086
2016-02-07,1.24380766,5695769151.661701,4400.0,1650677.2374050245,375.153917592051
2016-02-08,1.23006764,5631255744.936521,3700.0,1372013.0962109878,370.814350327294
2016-02-09,1.23955252,5673860326.918466,4400.0,1643451.09658796,373.5116128609
2016-02-10,1.25743769,5760041302.285284,4100.0,1554238.7076855623,379.082611630625
2016-02-11,1.25239109,5739921253.413235,4800.0,1812667.9925189952,377.639165108124
2016-02-12,1.26735993,5812313598.536132,4275.0,1634308.8013588565,382.294456458212
2016-02-13,1.29090383,5924880939.0625105,3900.0,1519433.8866417282,389.598432472238
2016-02-14,1.34395157,6178287275.926559,4150.0,1685525.2783898287,406.150669491525
2016-02-15,1.32080872,6075100823.409976,3800.0,1517216.950858562,399.26761864699
2016-02-16,1.34439265,6194695258.165143,3450.0,1404271.8176651073,407.035309468147
2016-02-17,1.36891644,6322452452.613729,3875.0,1609380.9393629455,415.324113383986
2016-02-18,1.387065,6415045581.96784,4225.0,1779948.8260984514,421.289662981882
2016-02-19,1.37990407,6391241912.019306,3625.0,1521146.1659618644,419.626528541204
2016-02-20,1.44479793,6706178212.63841,3750.0,1650734.1003068362,440.195760081823
2016-02-21,1.43896168,6685078456.754302,3200.0,1403899.5605807137,438.718612681473
2016-02-22,1.43388713,6668436550.1579485,3175.0,1389174.561923758,437.535295094097
2016-02-23,1.37701655,6403107527.81566,3400.0,1428110.814872589,420.032592609585
2016-02-24,1.38888584,6464764199.589457,2950.0,1250785.5818965528,423.995112507306
2016-02-25,1.38869889,6467867594.878764,3875.0,1643352.1222238457,424.090870251315
2016-02-26,1.4125491,6586375896.899228,3500.0,1511167.846873174,431.762241963764
2016-02-27,1.41577688,6606052938.349628,3675.0,1591083.3340371116,432.947845996493
2016-02-28,1.41489813,6609859969.216784,3350.0,1450892.5800847444,433.102262711864
2016-02-29,1.42718873,6682642624.205122,3325.0,1455604.776358854,437.775872589129
2016-03-01,1.40836687,6608331737.858998,3525.0,1525647.7317168312,432.807867153711
2016-03-02,1.37665947,6461459062.390081,3925.0,1660588.1733642593,423.079789392168
2016-03-03,1.36370699,6404671328.368861,3375.0,1415032.2719973696,419.268821332554
2016-03-04,1.32762119,6233961495.206634,3875.0,1580961.8478959692,407.990154295734
2016-03-05,1.29300875,6072330074.004093,3750.0,1489929.2022939788,397.314453945061
2016-03-06,1.31351951,6171496150.647176,3700.0,1493709.1936148463,403.705187463472
2016-03-07,1.34309201,6318467554.398566,3325.0,1373987.6424824656,413.22936616014
2016-03-08,1.33712484,6292476529.245212,3850.0,1583989.9199883104,411.425953243717
2016-03-09,1.3411659,6311258537.536386,4200.0,1732670.9547282283,412.540703506721
2016-03-10,1.35270133,6371009645.926016,3875.0,1613321.0986995923,416.340928696669
2016-03-11,1.36229072,6421211644.9934,4000.0,1678047.736995908,419.511934248977
2016-03-12,1.33231582,6281138643.087117,3600.0,1476950.9878667449,410.264163296318
2016-03-13,1.33700014,6306111596.723382,3325.0,1369254.55920076,411.805882466394
2016-03-14,1.34667706,6357014019.848284,3800.0,1577102.4376504947,415.026957276446
2016-03-15,1.34702813,6362353042.38724,4025.0,1671447.2611762136,415.266400292227
2016-03-16,1.3520056,6390867973.469016,3800.0,1584691.6501811815,417.024118468732
2016-03-17,1.35638731,6416576041.29153,3525.0,1475583.9074736992,418.605363822326
2016-03-18,1.32505057,6269222347.2202015,3400.0,1390265.3971770883,408.901587405026
2016-03-19,1.32598423,6274029959.932988,3400.0,1391023.0615429585,409.124429865576
2016-03-20,1.33522284,6320504988.49434,3650.0,1504007.881472824,412.056953828171
2016-03-21,1.33302131,6314953342.505004,3475.0,1430316.164824664,411.601774050263
2016-03-22,1.34807127,6392897932.954729,3700.0,1541352.1191642329,416.581653828171
2016-03-23,1.35020487,6406678060.699834,3725.0,1554734.1657583278,417.378299532437
2016-03-24,1.33729801,6349591400.682366,3675.0,1519833.8816993004,413.560239918177
2016-03-25,1.34555077,6394300579.581249,3650.0,1519762.3399941549,416.373243834015
2016-03-26,1.34628144,6402803379.137973,3825.0,1594348.3447574524,416.823096668615
2016-03-27,1.37287033,6536896822.507703,3525.0,1499728.733464348,425.454959848042
2016-03-28,1.36375683,6499706636.847799,4250.0,1797399.148962594,422.917446814728
2016-03-29,1.3408893,6392933707.780906,3925.0,1632265.5278638224,415.863828755114
2016-03-30,1.3308193,6347008620.180961,3675.0,1516958.0393381044,412.777697779076
2016-03-31,1.34039332,6397181203.121416,3100.0,1289466.1147866747,415.956811221508
2016-04-01,1.3439179,6417906692.422298,3825.0,1595792.525483637,417.20066025716
2016-04-02,1.35165651,6458783382.4675455,3475.0,1458676.6220046757,419.763056691993
2016-04-03,1.35223224,6465052566.962721,3550.0,1491261.205099356,420.073578901227
2016-04-04,1.35014818,6458592931.288058,4150.0,1741094.0206955012,419.540727878434
2016-04-05,1.35890201,6505807453.958602,3875.0,1637192.7870762723,422.50136440678
2016-04-06,1.35566372,6498314176.299217,3925.0,1655985.7255902982,421.907191233197
2016-04-07,1.35117853,6493002234.767619,3475.0,1464598.5896624771,421.467220046756
2016-04-08,1.34214463,6451007327.9403925,3600.0,1507116.4579777897,418.643460549386
2016-04-09,1.34233375,6454478064.876991,4050.0,1695972.473205728,418.758635359439
2016-04-10,1.35084023,6505561857.240202,4325.0,1824953.1629558753,421.954488544711
2016-04-11,1.35449753,6527509950.9064245,3825.0,1619019.3933357676,423.273044009351
2016-04-12,1.36654458,6593161960.587394,3700.0,1581482.3589538292,427.427664582116
2016-04-13,1.35807492,6555490264.285652,4100.0,1741977.324284046,424.87251811806
2016-04-14,1.36084658,6572419903.533022,4100.0,1746012.03939217,425.8565949737
2016-04-15,1.37555561,6649043796.601012,3475.0,1496767.3551943323,430.724418760959
2016-04-16,1.37971516,6673565144.849325,3450.0,1491146.2799649332,432.216313033314
2016-04-17,1.37038391,6630849314.945406,3950.0,1695892.876490357,429.339968731736
2016-04-18,1.37101446,6637183962.781343,3350.0,1439350.7277761553,429.656933664524
2016-04-19,1.39507656,6761043337.303436,3750.0,1640882.7231881924,437.568726183518
2016-04-20,1.41003606,6841562099.94025,4125.0,1825979.3198714224,442.661653302163
2016-04-21,1.43844551,6990143508.851016,3775.0,1706921.753090298,452.164702805377
2016-04-22,1.42445756,6929440315.019797,3575.0,1602080.5562638803,448.134421332554
2016-04-23,1.44126699,7020454409.392548,3600.0,1634093.0026884864,453.914722969024
2016-04-24,1.46984701,7168422322.656764,3300.0,1529163.4756867327,463.382871420222
2016-04-25,1.47288881,7199804841.369286,3175.0,1477378.3211542948,465.31600666277
2016-04-26,1.48393742,7267999182.169207,3775.0,1772773.0860768543,469.60876452367
2016-04-27,1.40953828,6900043951.22367,3225.0,1437515.0897209228,445.741113091759
2016-04-28,1.4252343,6983903264.735502,3375.0,1522327.708496494,451.060061776739
2016-04-29,1.44285983,7077832660.236305,3950.0,1805189.3626388088,457.009965225015
2016-04-30,1.42025882,6969368412.86222,3650.0,1642136.7684687306,449.900484511981
2016-05-01,1.43481218,7050293955.87122,3875.0,1763166.5832115742,455.010731151374
2016-05-02,1.40306525,6895888977.656668,3925.0,1746362.2651797186,444.933061192285
2016-05-03,1.42352585,7001369978.82311,3775.0,1704898.9101841035,451.628850379895
2016-05-04,1.41279571,6952690123.641801,4175.0,1871936.264574811,448.367967562829
2016-05-05,1.41534562,6969443375.667429,3875.0,1741177.2808299223,449.336072472238
2016-05-06,1.45231269,7162989182.068793,4050.0,1869860.142562828,461.693862361192
2016-05-07,1.45028008,7159568138.094168,3750.0,1730106.909336645,461.361842489772
2016-05-08,1.44965118,7161770203.628641,4200.0,1937791.2636469884,461.378872296902
2016-05-09,1.45525025,7196090525.87272,4275.0,1981301.040420808,463.462231677382
2016-05-10,1.41626148,7005610568.348992,3950.0,1781764.6898743412,451.079668322618
2016-05-11,1.42414735,7050864288.957931,3325.0,1509205.2149897725,453.896305260082
2016-05-12,1.42876187,7079025579.234456,3475.0,1583235.2143644055,455.607255932203
2016-05-13,1.43336991,7106161522.326545,3800.0,1737519.2302162468,457.241902688486
2016-05-14,1.43505829,7121450195.375673,3600.0,1649230.28942139,458.119524839275
2016-05-15,1.44303466,7165616823.04019,3475.0,1601480.5791934547,460.85772063121
2016-05-16,1.42545539,7079627144.895794,3525.0,1604664.8725642904,455.224077323203
2016-05-17,1.41546718,7055125032.8823,3525.0,1598748.8640341903,453.545777030976
2016-05-18,1.41776705,7071491931.675455,3825.0,1738409.654193455,454.486184102864
2016-05-19,1.36583656,6811999978.674024,3000.0,1313172.561426066,437.724187142022
2016-05-20,1.37946798,6886364549.898186,3725.0,1647928.077169786,442.396799240211
2016-05-21,1.38433791,6914102782.413871,3525.0,1565375.6803404423,444.078207188778
2016-05-22,1.37324466,6861331685.040703,4600.0,2026569.876703684,440.558668848627
2016-05-23,1.38378129,6920120048.621805,4500.0,1998922.7577440117,444.205057276447
2016-05-24,1.38792754,6944649150.4519615,3675.0,1637853.6218994725,445.674454938632
2016-05-25,1.40185071,7022168560.478537,3450.0,1554395.8687609604,450.54952717709
2016-05-26,1.41287581,7084240509.987028,3375.0,1533713.8130479236,454.43372238457
2016-05-27,1.46115986,7356919396.270896,3475.0,1639574.907616892,471.820117299825
2016-05-28,1.63473944,8280061035.238691,3325.0,1765277.7380040903,530.910597895967
2016-05-29,1.61944736,8229583541.719103,3675.0,1938745.1932495604,527.54971244886
2016-05-30,1.63256643,8324219565.025169,3600.0,1920575.336528347,533.493149035652
2016-05-31,1.62098355,8286125543.839599,3175.0,1685746.2246756265,530.943692811221
2016-06-01,1.63749336,8392142056.815208,3575.0,1921968.9018629456,537.613678842782
2016-06-02,1.63594156,8412070380.875515,3450.0,1858760.7890093504,538.771243191116
2016-06-03,1.72607424,8904430485.98866,3550.0,2024124.7582963184,570.175988252484
2016-06-04,1.73508921,8970015733.465609,2975.0,1708441.9498684981,574.26620163647
2016-06-05,1.73449123,8986071871.279703,4250.0,2444334.961703681,575.137638047925
2016-06-06,1.76124697,9156045666.777384,4250.0,2489892.883401521,585.857149035652
2016-06-07,1.73648602,9042608670.669744,3500.0,2024642.342372881,578.469240677966
2016-06-08,1.74643017,9117057925.561043,3600.0,2099151.3071887777,583.097585330216
2016-06-09,1.7262705,9025689433.957924,4125.0,2380544.511294564,577.101699707773
2016-06-10,1.73124783,9070211832.259975,3600.0,2087333.97685564,579.814993571011
2016-06-11,1.80308386,9473581895.175615,3900.0,2361253.272238458,605.44955698422
2016-06-12,1.97978904,10492201176.714144,3650.0,2446932.1663500885,670.39237434249
2016-06-13,2.05438766,11026059609.860653,4025.0,2834895.157019288,704.321778141438
2016-06-14,1.99146107,10725031133.659044,3300.0,2260329.454032728,684.948319403857
2016-06-15,2.00817303,10885085966.449415,3800.0,2641005.5800701343,695.001468439509
2016-06-16,2.18424554,12022161320.349192,3725.0,2858639.6164742834,767.420031268264
2016-06-17,2.12593041,11752287633.59202,3725.0,2793804.5113800415,750.014633927528
2016-06-18,2.14155867,11884933872.638653,3950.0,2995240.681507891,758.28878012858
2016-06-19,2.15941186,12021211098.17071,4425.0,3392944.5620689625,766.767132670952
2016-06-20,2.03279428,11330122758.994787,4100.0,2962239.554704852,722.497452367037
2016-06-21,1.88290437,10503151148.649952,3725.0,2494275.6624167142,669.604204675628
2016-06-22,1.68209991,9332237048.747288,3225.0,1918336.3431969592,594.832974634716
2016-06-23,1.77191858,9849731876.213673,3500.0,2196872.4947399194,627.677855639977
2016-06-24,1.86988311,10423845685.070345,3225.0,2141809.528820867,664.126985680889
2016-06-25,1.87909186,10501041019.00779,4050.0,2708934.370616599,668.872684102864
2016-06-26,1.7731205,9899873513.681553,3650.0,2301084.983807715,630.4342421391
2016-06-27,1.83085813,10244767519.42704,3675.0,2396999.6683518426,652.244807714787
2016-06-28,1.81560781,10168218550.195312,3700.0,2394709.4430099367,647.218768381064
2016-06-29,1.79144978,10034928538.061169,3650.0,2330840.1616072464,638.586345645821
2016-06-30,1.88463722,10598433062.777256,3750.0,2528568.0552308587,674.284814728229
2016-07-01,1.89054098,10651789500.955149,3875.0,2625360.494739919,677.512385739334
2016-07-02,1.95662702,11051022772.079668,3725.0,2617703.9549824684,702.739316773817
2016-07-03,1.84470645,10421572370.090048,3850.0,2550817.8307714798,662.55008591467
2016-07-04,1.89000024,10696138828.810429,3775.0,2566405.261436295,679.842453360608
2016-07-05,1.85502138,10514851946.741264,3625.0,2422101.68220339,668.165981297487
2016-07-06,1.87853142,10666493627.992905,3500.0,2371779.6659848024,677.651333138515
2016-07-07,1.77579285,10076877246.439484,3425.0,2192182.3337083594,640.053236119229
2016-07-08,1.8419359,10472859283.711636,3625.0,2410812.442796608,665.051708357685
2016-07-09,1.80354226,10268410207.252647,3062.5,1996572.1117073356,651.941914026885
2016-07-10,1.79645545,10238451113.804316,1950.0,1267420.7148918763,649.959340970193
2016-07-11,1.79504742,10244547989.054478,1787.5,1162362.2629931327,650.272594681473
2016-07-12,1.84676287,10556900220.416677,1787.5,1197666.3412916416,670.023127995324
2016-07-13,1.81377039,10373781515.222033,1612.5,1061562.9515816774,658.333613383986
2016-07-14,1.81967435,10415480467.018541,1762.5,1164846.7548502334,660.905960198714
2016-07-15,1.83455167,10508840826.728903,1687.5,1125155.2575284916,666.758671127995
2016-07-16,1.82935184,10486771967.510086,1962.5,1305603.4084709233,665.275622150789
2016-07-17,1.86895135,10737317029.688564,1862.5,1268529.383701052,681.089601987142
2016-07-18,1.8515086,10644433355.51182,1850.0,1248969.37150789,675.118579193454
2016-07-19,1.8472273,10638288184.507572,1600.0,1079456.576504968,674.660360315605
2016-07-20,1.82663887,10523563158.02516,1875.0,1251197.5591393933,667.305364874343
2016-07-21,1.82456417,10517518017.163048,1662.5,1108641.0166423144,666.851739333723
2016-07-22,1.7803472,10261661310.934748,1612.5,1049032.6950043829,650.562911630625
2016-07-23,1.79860084,10370234739.627321,1637.5,1076456.381592636,657.377942957335
2016-07-24,1.80565737,10434613478.864668,1550.0,1025160.6687463472,661.393979836353
2016-07-25,1.78771375,10336696888.097298,1637.5,1072758.308728083,655.119577849211
2016-07-26,1.78522608,10329969987.225431,1612.5,1055584.971892899,654.626339158387
2016-07-27,1.78796338,10357038128.458858,1600.0,1050040.2349970783,656.275146873174
2016-07-28,1.78683669,10356911756.936108,1700.0,1115533.9707130336,656.196453360608
2016-07-29,1.78935642,10379602821.876986,1837.5,1208262.0302893035,657.557567504383
2016-07-30,1.78228347,10345916190.862837,1487.5,974850.573609732,655.361730157803
2016-07-31,1.7008979,9864724773.474176,1925.0,1202748.6377483923,624.804487142022
2016-08-01,1.6531908,9577030363.562576,1912.5,1159948.9366569258,606.50924792519
2016-08-02,1.44664432,8322263415.354218,1925.0,1014438.7105435408,526.981148334307
2016-08-03,1.56457026,9008295636.527138,2075.0,1183470.1098918773,570.347040911748
2016-08-04,1.59778327,9217820765.337202,1912.5,1116024.3772443011,583.542158036236
2016-08-05,1.59141223,9183311868.828962,2112.5,1227953.5894761828,581.279805669199
2016-08-06,1.61723105,9334869325.414349,2075.0,1225900.4611849794,590.795402980713
2016-08-07,1.62732927,9398174944.82988,1850.0,1100254.799438924,594.73232402104
2016-08-08,1.6187062,9350234098.001303,1850.0,1094514.1751578036,591.629283869083
2016-08-09,1.6089797,9292714922.542728,1550.0,911294.8142460544,587.932138223261
2016-08-10,1.61532499,9326018819.417814,1887.5,1113566.031344974,589.968758328463
2016-08-11,1.61439329,9321071960.972263,1875.0,1105473.5337887192,589.585884687317
2016-08-12,1.60770275,9284313888.685236,1862.5,1093644.4473085916,587.19164956166
2016-08-13,1.60245343,9256602279.37682,2037.5,1192678.297608124,585.363581648159
2016-08-14,1.56450982,9036749863.28509,2037.5,1164201.1399181758,571.387062536528
2016-08-15,1.55189891,8961511865.13138,1825.0,1033980.1054105785,566.564441320865
2016-08-16,1.58343489,9149930417.512432,1687.5,976075.1844827584,578.414924137931
2016-08-17,1.5706748,9075653638.94603,1537.5,882008.0070433961,573.663744418469
2016-08-18,1.56943471,9070420226.495249,1925.0,1103531.6445865,573.263191992987
2016-08-19,1.57097556,9082525897.222313,1925.0,1104870.0314947392,573.958457919345
2016-08-20,1.58942926,9207694159.296354,1937.5,1127231.8233854463,581.797070134424
2016-08-21,1.5862522,9192974031.110723,2037.5,1183364.092376534,580.79219257744
2016-08-22,1.5971444,9260287128.25507,1975.0,1155319.4979982462,584.971897720631
2016-08-23,1.5907111,9224249077.876867,1837.5,1070578.4858459968,582.627747399182
2016-08-24,1.58033884,9163192930.241121,1900.0,1099533.4801870259,578.701831677382
2016-08-25,1.5702844,9121877486.946257,1625.0,936054.3344535351,576.033436586791
2016-08-26,1.57746065,9167825212.519114,1650.0,955143.1781414375,578.874653419053
2016-08-27,1.55410904,9031484019.237728,1800.0,1026361.7887434246,570.200993746347
2016-08-28,1.56720759,9110255563.839924,1900.0,1092699.941852718,575.105232554062
2016-08-29,1.56317394,9084774574.864628,1862.5,1068012.010835769,573.429267562829
2016-08-30,1.56851349,9121861557.011091,2050.0,1180176.1817650509,575.695698421976
2016-08-31,1.55808288,9068583846.810713,1675.0,958556.8702001757,572.272758328463
2016-09-01,1.55789624,9068776165.730122,1750.0,1001387.9785797772,572.221702045587
2016-09-02,1.57001279,9143179090.84213,1912.5,1103219.4426285804,576.846767387493
2016-09-03,1.63244029,9517044202.16175,1575.0,945589.6906779661,600.374406779661
2016-09-04,1.65865731,9679536501.882921,2237.5,1366080.818565898,610.538913325541
2016-09-05,1.64951295,9632847972.864058,1750.0,1063172.1873027463,607.526964172998
2016-09-06,1.66267259,9720597611.282673,1700.0,1042092.2790590288,612.995458270017
2016-09-07,1.6686166,9764017563.17909,1900.0,1169753.6563120987,615.659819111631
2016-09-08,1.70667998,10001305153.766212,1800.0,1134990.3096084169,630.550172004676
2016-09-09,1.68507108,9882305092.323006,1775.0,1105785.744178842,622.977884044418
2016-09-10,1.68900378,9911668531.040775,1937.5,1210458.2408606084,624.752640444185
2016-09-11,1.64409449,9651049157.894152,2050.0,1246905.6856370536,608.246675920514
2016-09-12,1.64235516,9643730238.313738,2037.5,1238203.7718885157,607.70737270602
2016-09-13,1.64324029,9660647196.728384,2062.5,1255431.9861557574,608.694296317943
2016-09-14,1.64445893,9673243560.642334,1950.0,1188355.5209526585,609.41308766803
2016-09-15,1.63757095,9637224394.641556,1925.0,1168610.2554953247,607.070262594974
2016-09-16,1.63843679,9649967224.211348,1737.5,1056063.6861082695,607.806438047925
2016-09-17,1.63684292,9644457346.260689,2037.5,1237539.7037200476,607.381449678551
2016-09-18,1.64735892,9711494483.764973,1812.5,1108404.396822034,611.533460315605
2016-09-19,1.63980889,9670230232.928843,1662.5,1012248.5467438628,608.871306312098
2016-09-20,1.63608322,9663444447.739107,1887.5,1148301.675532583,608.371748626534
2016-09-21,1.60558003,9483191383.893663,2075.0,1238662.445014612,596.945756633548
2016-09-22,1.60186568,9462301606.76385,1762.5,1049682.8129018117,595.564716540035
2016-09-23,1.61963842,9571587218.917587,1700.0,1024043.9343658685,602.378784921099
2016-09-24,1.62065676,9577740940.488804,2075.0,1250576.2714421384,602.687359731151
2016-09-25,1.61373559,9546117896.707888,2312.5,1388910.7519104325,600.610054880187
2016-09-26,1.62933517,9645324787.899807,1912.5,1160464.4753433676,606.778810637055
2016-09-27,1.62414841,9620722203.564297,2087.5,1263253.9936710985,605.151613734658
2016-09-28,1.62251024,9614446389.372383,1850.0,1118670.0146201053,604.686494389246
2016-09-29,1.62353046,9623733604.422766,1787.5,1081799.579489334,605.202561952075
2016-09-30,1.63296882,9683066604.838776,1775.0,1080736.8673071312,608.865840736412
2016-10-01,1.64973693,9788324852.837257,1962.5,1207739.1397289596,615.408478842782
2016-10-02,1.63963562,9731190837.240904,1762.5,1078206.869283314,611.748578316774
2016-10-03,1.64023485,9745737268.449846,1887.5,1156264.280715956,612.590347399182
2016-10-04,1.63178451,9705857423.9346,1975.0,1204765.5656779655,610.007881355932
2016-10-05,1.63673816,9741183302.076601,2087.5,1277858.4927264764,612.147780946815
2016-10-06,1.63502177,9736257394.045553,2012.5,1231168.7363252488,611.76086277031
2016-10-07,1.65057413,9835157903.195011,1787.5,1104506.447943454,617.905705143191
2016-10-08,1.65345115,9858675006.110096,2112.5,1308273.3662039752,619.301001753361
2016-10-09,1.6471487,9824887958.640614,2000.0,1234202.08264173,617.101041320865
2016-10-10,1.64905635,9841514816.562908,1550.0,958032.06,618.0852
2016-10-11,1.71172286,10239043682.012732,1737.5,1117180.1603623612,642.981387258913
2016-10-12,1.69165254,10138537354.268984,1800.0,1145876.277966102,636.59793220339
2016-10-13,1.68770306,10121177916.067327,1600.0,1016710.5525189952,635.444095324372
2016-10-14,1.69764855,10188237763.530691,1700.0,1087296.3535067209,639.586090298071
2016-10-15,1.6909697,10152694136.809776,1775.0,1131178.6727966105,637.283759322034
2016-10-16,1.70485941,10243420099.577934,1625.0,1044733.6941408525,642.913042548217
2016-10-17,1.69213973,10184264279.6167,1562.5,998652.4007342205,639.137536469901
2016-10-18,1.6808924,10128752915.953718,1937.5,1231429.4853959673,635.576508591467
2016-10-19,1.66452177,10035141891.057276,1562.5,983813.6063066189,629.640708036236
2016-10-20,1.66126571,10019590594.072344,1675.0,1052903.159360024,628.598901110462
2016-10-21,1.66533193,10057661337.450005,2050.0,1293357.7169491516,630.90620338983
2016-10-22,1.72581278,10435141081.461397,1862.5,1219022.3251928687,654.508630976037
2016-10-23,1.71807394,10395711779.677055,1800.0,1173531.5221507885,651.961956750438
2016-10-24,1.71141678,10366022953.71365,1787.5,1161923.5612872583,650.027167153711
2016-10-25,1.72432365,10459102589.22524,1737.5,1139439.477584746,655.792505084746
2016-10-26,1.77111563,10768355905.425896,1725.0,1164564.524570426,675.109869316189
2016-10-27,1.79615707,10951796742.256786,2025.0,1390209.7372969028,686.523327060199
2016-10-28,1.80415758,11014802220.446806,1900.0,1311742.2443834008,690.390654938632
2016-10-29,1.8651885,11415870485.88642,1862.5,1332517.186601402,715.445469316189
2016-10-30,1.8226058,11160250070.845316,2100.0,1468600.1630742245,699.333410987726
2016-10-31,1.81838639,11154581487.060925,1837.5,1284224.5751914096,698.897727995325
2016-11-01,1.89570499,11661529206.407904,1800.0,1315041.2640210402,730.578480011689
2016-11-02,1.91748494,11819005784.7067,1662.5,1230860.2298071303,740.367055523086
2016-11-03,1.78730294,11015326935.81564,1937.5,1336757.2134753065,689.939206954997
2016-11-04,1.82526343,11263702567.809874,1450.0,1022876.4241525428,705.432016656926
2016-11-05,1.82779984,11287152646.526196,1837.5,1298780.5107345846,706.819325569842
2016-11-06,1.84962453,11433480682.430628,1912.5,1369152.782575249,715.896879777908
2016-11-07,1.82330887,11279602080.23292,1825.0,1288780.7206122142,706.181216773816
2016-11-08,1.83441017,11371425389.707573,2112.5,1503753.2259022505,711.835846580947
2016-11-09,1.85565551,11527158053.369602,1837.5,1325759.0245068672,721.50150993571
2016-11-10,1.83311387,11399343106.154873,2100.0,1498155.9927703089,713.407615604909
2016-11-11,1.83712016,11437483628.03898,2037.5,1458245.4954229996,715.703310637055
2016-11-12,1.80622068,11249497647.672243,2100.0,1478079.8573933383,703.847551139685
2016-11-13,1.80498214,11247212520.857395,1775.0,1248936.9226592644,703.626435300994
2016-11-14,1.80858594,11280973045.061352,2150.0,1517133.7059468145,705.643584161309
2016-11-15,1.82341234,11389530640.510002,1950.0,1389076.94802747,712.3471528346
2016-11-16,1.89261677,11866029637.542957,2137.5,1586132.126353009,742.050117592051
2016-11-17,1.87204522,11759839928.483047,1987.5,1461444.6850686728,735.318080537697
2016-11-18,1.90458043,11989295191.841568,1850.0,1386720.645493863,749.57872729398
2016-11-19,1.90689799,12016781422.212252,1775.0,1333404.529441848,751.213819403858
2016-11-20,1.85356329,11684215201.375418,1600.0,1168561.3017884272,730.350813617767
2016-11-21,1.86694042,11783981824.937866,1737.5,1279680.88457408,736.506983927528
2016-11-22,1.89259128,11969083798.737316,1675.0,1252896.1105932207,747.997677966102
2016-11-23,1.86965336,11862317940.850012,1837.5,1362029.0842197551,741.240317942724
2016-11-24,1.85483303,11801632651.3492,2025.0,1493143.826357394,737.35497597896
2016-11-25,1.85929274,11840334132.942488,1900.0,1405401.8803331384,739.685200175336
2016-11-26,1.84525241,11761186228.25124,1912.5,1405023.720767096,734.652925891292
2016-11-27,1.82681448,11651843795.124857,1800.0,1309934.0085096438,727.741115838691
2016-11-28,1.83082068,11690828044.04396,2050.0,1496669.0916919936,730.082483752192
2016-11-29,1.83343351,11717234335.108929,1862.5,1362691.4865100817,731.646435710111
2016-11-30,1.85741761,11887637165.36728,1775.0,1317412.9010841604,742.20445131502
2016-12-01,1.88258493,12072731073.248068,1825.0,1375456.710952659,753.674910111046
2016-12-02,1.92399804,12372495475.0148,1787.5,1380490.5091287987,772.302382729398
2016-12-03,1.89395129,12274946446.740051,2150.0,1647137.5065166585,766.110468147283
2016-12-04,1.89327742,12280685032.174324,1850.0,1417803.2573348929,766.380139099942
2016-12-05,1.85781173,12062431723.948215,1900.0,1430074.3798597315,752.670726241964
2016-12-06,1.87197007,12167169392.183828,1875.0,1423344.9858270017,759.117325774401
2016-12-07,1.88398255,12262923083.656824,2175.0,1663848.138940678,764.987650087668
2016-12-08,1.88724567,12307255552.189903,1962.5,1506531.228345632,767.659224634717
2016-12-09,1.89591358,12376584249.493677,1687.5,1302585.1668541795,771.902321098773
2016-12-10,1.90150182,12435140630.466925,1650.0,1279533.0261601403,775.474561309176
2016-12-11,1.8880226,12357110240.990784,2337.5,1801034.7517862371,770.496150496786
2016-12-12,1.90486371,12487098790.320066,1950.0,1518087.8681765045,778.506599064874
2016-12-13,1.90337593,12495634322.765184,2225.0,1733120.7954061949,778.930694564582
2016-12-14,1.89626794,12465433894.538868,1737.5,1349974.8830793395,776.963961484512
2016-12-15,1.89136263,12454036745.728294,1587.5,1232180.6414231441,776.176781998831
2016-12-16,1.90373524,12552466736.264204,1662.5,1300457.7339289887,782.230215897136
2016-12-17,1.91920336,12672198174.115372,1800.0,1421285.277966102,789.60293220339
2016-12-18,1.91892195,12690122503.858097,1762.5,1393490.6035020892,790.632966526008
2016-12-19,1.91635095,12685933293.70491,1887.5,1491651.6722910583,790.279031677382
2016-12-20,1.93543766,12839787154.972616,1725.0,1379616.2232904742,799.777520748101
2016-12-21,1.99546268,13302288135.98647,1987.5,1646611.3125131512,828.4836792519
2016-12-22,2.05790608,13785965063.437328,1987.5,1706271.5999890405,858.50143395675
2016-12-23,2.17751843,14704000146.30472,1900.0,1739568.6328462888,915.562438340152
2016-12-24,2.11635351,14313545362.84699,1712.5,1526103.4034080948,891.155272063121
2016-12-25,2.12388831,14393261024.898216,2062.5,1848006.7635775865,896.003279310345
2016-12-26,2.13574409,14510491264.44795,1775.0,1603182.2127849208,903.201246639392
2016-12-27,2.18144466,14877782797.919584,1950.0,1805604.080400352,925.950810461719
2016-12-28,2.2923126,15747603995.545294,2050.0,2008919.996683227,979.960973991818
2016-12-29,2.26582772,15645002161.928385,1875.0,1825242.2989479844,973.462559438925
2016-12-30,2.23030531,15449532066.495375,1962.5,1886320.966625512,961.182658153127
2016-12-31,2.2443903,15576503794.393776,1850.0,1792595.6044856808,968.970597019287
2017-01-01,2.30193946,16033166928.507767,1950.0,1944651.8480566924,997.257357977791
2017-01-02,2.33524167,16353848176.394016,1987.5,2021442.298603895,1017.07788609001
2017-01-03,2.35770988,16605694521.70078,2050.0,2116848.5590298036,1032.60905318527
2017-01-04,2.55770131,18246345823.222515,1912.5,2169724.451738741,1134.49644535359
2017-01-05,2.23704042,16092973484.822357,1750.0,1750871.7256282875,1000.49812893045
2017-01-06,2.00164999,14357044093.610928,2012.5,1796083.7107254537,892.463955639977
2017-01-07,2.0252978,14535387579.870792,1725.0,1558456.9142708941,903.453283635301
2017-01-08,2.04304794,14682600907.602928,2087.5,1904812.4313997652,912.484997077732
2017-01-09,2.02053011,14539700661.885653,1700.0,1535964.7335651664,903.508666803039
2017-01-10,2.02492109,14589634708.700304,2000.0,1812997.894798364,906.498947399182
2017-01-11,1.76845775,12689026925.135504,1912.5,1507651.7795821163,788.314655990649
2017-01-12,1.81077416,12993296880.857473,2150.0,1735286.1421274107,807.109833547633
2017-01-13,1.85366729,13310975741.1082,1875.0,1550150.4888953832,826.746927410871
2017-01-14,1.83889611,13204837500.057323,2150.0,1763097.088144361,820.045157276447
2017-01-15,1.84823542,13279051045.178684,2087.5,1721241.9985352128,824.547065166569
2017-01-16,1.86155157,13382120128.68228,2112.5,1755145.3490794853,830.838035067212
2017-01-17,2.0228738,14594958398.362688,1975.0,1789402.9855216246,906.026828112215
2017-01-18,1.96641888,14197645178.668123,1875.0,1652362.153820865,881.259815371128
2017-01-19,2.01003826,14537996019.982504,2175.0,1962423.9171610165,902.263869959088
2017-01-20,1.99263298,14425881540.143623,2362.5,2114849.79449737,895.174516189363
2017-01-21,2.05421871,14900046542.109077,2262.5,2091609.4371128,924.46825949737
2017-01-22,2.04635127,14869799008.144333,2175.0,2006365.8933050844,922.467077381648
2017-01-23,2.03609568,14817362335.954388,1725.0,1585474.6586177675,919.115744126242
2017-01-24,1.96451725,14313248721.796082,1862.5,1653421.6984614253,887.743193804792
2017-01-25,1.97868447,14443045315.825674,1862.5,1668222.6869381936,895.690033255406
2017-01-26,2.02100235,14783083522.672855,1937.5,1776043.220328025,916.6674685564
2017-01-27,2.02710253,14846112302.752869,2125.0,1955965.7348772648,920.454463471654
2017-01-28,2.03067894,14885292937.069485,1900.0,1753272.4022793693,922.774948568089
2017-01-29,2.00928142,14771981709.629528,2087.5,1911381.8483138515,915.63202314436
2017-01-30,2.01726706,14849161141.890284,1800.0,1656563.8694097025,920.313260783168
2017-01-31,2.11732767,15628390267.653969,1812.5,1755404.6290254232,968.499105669199
2017-02-01,2.1532295,15937898190.3776,2400.0,2370078.216995909,987.532590414962
2017-02-02,2.19051199,16265430337.177128,1962.5,1977619.81824517,1007.7043659848
2017-02-03,2.19895326,16389955943.816654,1862.5,1891000.0484767607,1015.30203945061
2017-02-04,2.23392412,16690201716.68176,1800.0,1860814.75139685,1033.78597299825
2017-02-05,2.18915215,16381947061.863184,1987.5,2016453.6530435449,1014.56787574518
2017-02-06,2.20253705,16524823455.991669,1562.5,1598933.5643446876,1023.3174811806
2017-02-07,2.25911131,17016217921.256577,1887.5,1988716.1664187664,1053.62445902981
2017-02-08,2.25075614,16997840733.154907,1825.0,1920570.9527703016,1052.36764535359
2017-02-09,2.10032332,15875484012.417988,2112.5,2076063.472089422,982.751939450614
2017-02-10,2.12395089,16101828644.843328,1837.5,1831344.6563705448,996.650153126827
2017-02-11,2.15345527,16341484984.268703,1737.5,1757264.6223385371,1011.37532220923
2017-02-12,2.14002159,16261183420.522734,1750.0,1761018.813530095,1006.29646487434
2017-02-13,2.12270941,16160716998.968723,2037.5,2037404.6143958229,999.953184979545
2017-02-14,2.14502476,16360999468.01771,2112.5,2138300.941707336,1012.2134635301
2017-02-15,2.14664641,16390083679.675186,1737.5,1761657.9228733196,1013.90384050263
2017-02-16,2.19057597,16762275451.099981,1887.5,1956972.957229687,1036.80686475745
2017-02-17,2.22822443,17117738325.423428,1887.5,1998239.4746398248,1058.66992033898
2017-02-18,2.22851853,17152060499.02682,1887.5,2002012.3692113585,1060.66880488019
2017-02-19,2.22135058,17123393628.768436,1675.0,1773467.2205873723,1058.78640035067
2017-02-20,2.27876692,17609003081.472546,1850.0,2014073.594061958,1088.68842922268
2017-02-21,2.35331243,18260629743.43725,1725.0,1947275.38070426,1128.85529316189
2017-02-22,2.3431243,18276271622.23027,1725.0,1948735.5888690765,1129.70179064874
2017-02-23,2.45151251,19235588833.46992,1875.0,2229115.8478229064,1188.86178550555
2017-02-24,2.42731203,19183431396.255405,2037.5,2415433.6166021354,1185.48889158387
2017-02-25,2.35507801,18637526262.688423,2087.5,2403974.8882349543,1151.60473687902
2017-02-26,2.41199874,19127391989.752533,2225.0,2629306.6765561,1181.71086586791
2017-02-27,2.42985611,19330923262.65187,1800.0,2149474.410262998,1194.15245014611
2017-02-28,2.41245373,19240074535.18168,1912.5,2272814.886658384,1188.39994073641
2017-03-01,2.48115883,19890848403.357536,1800.0,2211227.371104624,1228.45965061368
2017-03-02,2.53571034,20451484173.712143,1962.5,2478503.0047479486,1262.93146738749
2017-03-03,2.57132568,20881944223.053173,1887.5,2433673.0232320353,1289.36319111631
2017-03-04,2.52422599,20553283951.317654,1650.0,2093752.096271187,1268.94066440678
2017-03-05,2.53213829,20674403461.6224,1837.5,2345152.8923911517,1276.27368293396
2017-03-06,2.53275359,20773565472.502632,1775.0,2276002.0155245513,1282.25465663355
2017-03-07,2.43376828,20001880903.960197,1912.5,2360936.2337069046,1234.47646206897
2017-03-08,2.27006537,18669841118.503212,1775.0,2045047.4159117565,1152.13938924606
2017-03-09,2.34691879,19341556300.89032,1850.0,2207892.724196384,1193.45552659264
2017-03-10,2.16260738,17805304675.138165,1950.0,2142133.790619517,1098.53014903565
2017-03-11,2.31121876,19076489140.277233,1862.5,2191832.691090737,1176.822921391
2017-03-12,2.41252703,19969225806.410828,1937.5,2386512.440977503,1231.74835663355
2017-03-13,2.41079093,20095461364.369675,1812.5,2246405.7870762665,1239.39629631794
2017-03-14,2.41809563,20213663790.264263,1950.0,2430746.301504963,1246.53656487434
2017-03-15,2.43048179,20412350079.661594,1775.0,2234106.2021142556,1258.65138147282
2017-03-16,2.27079494,19106964810.72016,1912.5,2252964.68510154,1178.02075037989
2017-03-17,2.07020764,17390758588.155197,1925.0,2063758.8859672784,1072.08253816482
2017-03-18,1.86260387,15616177573.012672,1962.5,1889041.772725745,962.569056165985
2017-03-19,1.97134108,16553582293.813684,2062.5,2104204.272917876,1020.22025353594
2017-03-20,2.00477708,16839878321.345238,1700.0,1764185.78799532,1037.7563458796
2017-03-21,2.1395375,18043669246.004883,1775.0,1973477.4178696584,1111.81826358854
2017-03-22,1.99485875,16836417663.129028,1987.5,2061638.85814216,1037.30257013442
2017-03-23,1.97800188,16690135752.548922,1850.0,1902119.784123328,1028.17285628288
2017-03-24,1.8009221,15180766238.53874,2200.0,2057139.6916423144,935.063496201052
2017-03-25,1.86294639,15725921903.451391,1662.5,1610203.2849298653,968.543329281122
2017-03-26,1.85054884,15637233759.264332,2075.0,1998137.963270017,962.95805458796
2017-03-27,1.99869446,16937423477.86234,1650.0,1720816.676335482,1042.91919777908
2017-03-28,1.9993941,16975887612.950308,1937.5,2025003.180011696,1045.16293161894
2017-03-29,1.98727297,16888765398.051573,1725.0,1793462.862220931,1039.68861578025
2017-03-30,1.98163667,16863262866.30244,2050.0,2127874.7059234437,1037.98766142607
2017-03-31,2.0572416,17575951028.326202,1687.5,1825442.2087193197,1081.74353109293
2017-04-01,2.06862352,17704176776.530594,1650.0,1797715.873518411,1089.52477182934
2017-04-02,2.09581972,17966971908.710365,1975.0,2183486.8376198183,1105.56295575687
2017-04-03,2.16252803,18604950334.220818,2200.0,2518262.49622442,1144.6647710111
2017-04-04,2.15325451,18562153298.20923,1562.5,1784252.9979726719,1141.92191870251
2017-04-05,2.13735782,18465129660.738804,2025.0,2300018.5786455288,1135.81164377557
2017-04-06,2.23959041,19423001888.39507,1837.5,2195070.994111632,1194.59645938048
2017-04-07,2.22647362,19378832835.411617,2025.0,2413256.188439511,1191.73145108124
2017-04-08,2.21001181,19261932036.87983,1712.5,2028315.3460805032,1184.41772033898
2017-04-09,2.2586269,19739484515.005707,1987.5,2412097.852855064,1213.63413980129
2017-04-10,2.24975256,19709437323.626095,1837.5,2226406.6475409097,1211.64987621274
2017-04-11,2.27711178,20007000413.811848,2087.5,2567176.047438624,1229.78493290473
2017-04-12,2.24625621,19786756714.344746,1775.0,2158603.0029427316,1216.11436785506
2017-04-13,2.16504122,19079940944.324066,1587.5,1861436.364248985,1172.5583396844
2017-04-14,2.16522828,19110862529.702183,1737.5,2040403.993289007,1174.33323354763
2017-04-15,2.1659084,19133066482.241875,1875.0,2204179.1043980066,1175.56218901227
2017-04-16,2.16125164,19104759790.45048,1825.0,2141986.76830801,1173.6913798948
2017-04-17,2.18766073,19403226165.034466,1725.0,2056029.5725204488,1191.90120146113
2017-04-18,2.20166725,19571960689.193977,1825.0,2193889.910916138,1202.13145803624
2017-04-19,2.21134437,19695082029.620502,1787.5,2162090.124629596,1209.56090888369
2017-04-20,2.25276621,20124510671.795033,1725.0,2131760.3035432566,1235.80307451783
2017-04-21,2.26940479,20314924259.503906,2087.5,2603814.04664963,1247.33607025132
2017-04-22,2.26016436,20255522192.61148,1812.5,2253935.08654661,1243.55039257744
2017-04-23,2.26874872,20362991159.51824,1912.5,2390627.836670069,1250.00148322618
2017-04-24,2.27570599,20482848937.33465,1550.0,1948721.1354967845,1257.23944225599
2017-04-25,2.3093693,20853825941.358646,1850.0,2367749.727220932,1279.86471741672
2017-04-26,2.33216845,21127120044.9545,1912.5,2479528.437376529,1296.48545745178
2017-04-27,2.4099622,21934673309.824898,1837.5,2473072.793542155,1345.8899556692
2017-04-28,2.40107994,21971111453.645767,1700.0,2291574.764389253,1347.98515552309
2017-04-29,2.41223986,22132640553.97397,2162.5,2936059.235518696,1357.71525341905
2017-04-30,2.44637619,22530412834.84568,1887.5,2608442.6527103987,1381.9563722969
2017-05-01,2.52560356,23429544485.437237,1875.0,2694265.2900350625,1436.9414880187
2017-05-02,2.55708418,23870678471.227383,1975.0,2891042.6602257416,1463.81906846873
2017-05-03,2.6373993,24779696474.70419,1650.0,2507024.758386901,1519.40894447691
2017-05-04,2.64748386,25115973329.482086,2100.0,3233643.10825248,1539.8300515488
2017-05-05,2.61101197,24955664079.914165,1612.5,2466883.839362945,1529.85044301578
2017-05-06,2.6710611,25667501899.429752,2100.0,3303899.570189946,1573.28550961426
2017-05-07,2.58516798,24903613050.38768,2087.5,3186083.9734497396,1526.26777171245
2017-05-08,2.82026827,27498797785.21458,2250.0,3791444.616715365,1685.08649631794
2017-05-09,2.8500152,28059281600.752792,1937.5,3331004.2762711826,1719.22801355932
2017-05-10,2.92992045,29095216204.956818,1850.0,3297623.15,1782.499
2017-05-11,2.98180004,29963230354.11553,1687.5,3097385.237616896,1835.48754821742
2017-05-12,2.75847679,27830857573.165257,1925.0,3281473.659092629,1704.66164108708
2017-05-13,2.86505128,29061763163.496807,1975.0,3515184.50696668,1779.84025669199
2017-05-14,2.87984317,29306338267.74101,2050.0,3678916.778638222,1794.59355055523
2017-05-15,2.77569902,28367593222.56364,2125.0,3690876.0479909326,1736.88284611338
2017-05-16,2.7951762,28699495338.47457,1650.0,2899094.4651373485,1757.02694856809
2017-05-17,2.85141326,29547786219.069427,1937.5,3504445.500354332,1808.74606469901
2017-05-18,2.96696988,30947901332.491673,1775.0,3362288.89458138,1894.24726455289
2017-05-19,3.05210147,32149470136.858223,2050.0,4033468.372767391,1967.54554769141
2017-05-20,3.14988555,33470233811.201008,2062.5,4224242.710865348,2048.11767799532
2017-05-21,3.12275546,33426678945.809875,1837.5,3758096.331184973,2045.22249316189
2017-05-22,3.12461059,33981601940.85976,1825.0,3794071.8875533273,2078.94350002922
2017-05-23,3.32739524,36901498030.8539,2100.0,4740305.564026893,2257.28836382233
2017-05-24,3.49513899,39484489321.17492,1925.0,4648888.911303329,2415.00722665108
2017-05-25,3.29706174,37929364613.17057,2037.5,4726187.809034929,2319.60137866745
2017-05-26,3.20703848,37276668052.73387,1912.5,4359388.041202512,2279.4185836353
2017-05-27,2.87538901,33435937257.82765,2100.0,4293031.049631786,2044.30049982466
2017-05-28,3.1100624,36407455222.71084,2062.5,4590508.037419631,2225.7008666277
2017-05-29,3.1715195,37377119026.09048,1887.5,4312401.067756428,2284.71579748685
2017-05-30,2.99605054,35460507433.233086,2237.5,4849254.269318389,2167.26447790766
2017-05-31,3.14282004,37627739544.79904,2050.0,4713836.851027178,2299.43261025716
2017-06-01,3.24185226,39276677605.51852,2125.0,5099761.217873328,2399.88763194039
2017-06-02,3.32189022,40582896889.35235,1825.0,4524948.60715371,2479.4238943308
2017-06-03,3.38499502,41736862989.52304,2400.0,6118924.683646992,2549.55195151958
2017-06-04,3.33016911,41339921429.44849,2012.5,5081550.090014605,2524.99383354763
2017-06-05,3.49837338,43970314462.95908,2050.0,5504903.779266509,2685.31891671537
2017-06-06,3.68734337,47021733324.255165,1887.5,5419657.416002712,2871.34167735243
2017-06-07,3.45563714,44332089813.91061,2062.5,5582692.518262344,2706.76000885447
2017-06-08,3.54000799,45906967852.94542,2062.5,5780287.315305381,2802.56354681473
2017-06-09,3.50908106,45950079689.465645,1887.5,5294196.403811368,2804.87226691993
2017-06-10,3.60375711,47781111553.67634,1762.5,5140027.85287917,2916.3278597896
2017-06-11,3.64019441,48734955097.06732,1825.0,5427941.570549381,2974.21455920514
2017-06-12,3.22800548,43680217096.06593,1837.5,4897733.633549828,2665.43326995909
2017-06-13,3.24114582,44368428524.51289,1762.5,4771330.414837083,2707.13782402104
2017-06-14,2.919798,40057150815.085464,1750.0,4276692.789903573,2443.82445137347
2017-06-15,2.87371971,39505481201.248474,1912.5,4608908.436480863,2409.886764173
2017-06-16,2.93413098,40599749113.94862,1850.0,4581264.326458217,2476.35909538282
2017-06-17,3.1272984,43496562773.6185,1812.5,4808119.096080503,2652.75536335476
2017-06-18,2.93677553,41131103916.58712,1812.5,4546138.25095339,2508.21420742256
2017-06-19,3.00723619,42471293996.764114,1887.5,4887949.677762281,2589.64221338399
2017-06-20,3.14552423,44830856447.15172,1725.0,4714815.809587968,2733.22655628288
2017-06-21,3.02520974,43294240942.067116,1750.0,4618707.299853885,2639.26131420222
2017-06-22,3.0574306,44076228598.23767,1737.5,4668050.056129454,2686.64751431911
2017-06-23,3.04158628,44068852430.01314,2000.0,5371740.94202222,2685.87047101111
2017-06-24,2.89910643,42044207205.81661,1825.0,4675995.196456742,2562.18914874342
2017-06-25,2.82389576,40990257366.11177,1525.0,3809036.635603448,2497.72894137931
2017-06-26,2.74177101,39823410570.62217,1775.0,4306797.965876681,2426.36505119813
2017-06-27,2.84709982,41534163466.451126,1637.5,4143440.815203832,2530.34553600234
2017-06-28,2.86973355,42071787287.172806,1962.5,5029479.818496857,2562.79226420222
2017-06-29,2.83338619,41708704320.70873,1500.0,3810664.54742841,2540.44303161894
2017-06-30,2.7235698,40273068762.93179,1925.0,4721470.723758038,2452.71206428989
2017-07-01,2.67604439,39615542859.29813,2050.0,4945350.73695791,2412.3662131502
2017-07-02,2.78455696,41370488523.31204,2350.0,5919349.64033313,2518.8721873758
2017-07-03,2.8067694,41918817680.22454,2125.0,5422845.792438639,2551.92743173583
2017-07-04,2.84851858,42709253031.521,1912.5,4972011.834207331,2599.74474991233
2017-07-05,2.84213614,42851453105.79121,1862.5,4857595.359812972,2608.10489117475
2017-07-06,2.82784137,42775411503.23489,1775.0,4620671.965816772,2603.19547369959
2017-07-07,2.70091753,41015005023.0548,1850.0,4617194.706087076,2495.78092220923
2017-07-08,2.7563821,41968715692.8856,2062.5,5266581.701130544,2553.4941581239
2017-07-09,2.70314378,41195281327.55584,1725.0,4323148.793389827,2506.17321355932
2017-07-10,2.50667922,38130359538.742516,2462.5,5711440.984773527,2319.36689736996
2017-07-11,2.5040635,38132095672.12927,2162.5,5015199.590339712,2319.16744061952
2017-07-12,2.5607933,39053487321.79894,2212.5,5254435.864525869,2374.88626645237
2017-07-13,2.52324473,38545879294.01801,1962.5,4599586.508434031,2343.73834824664
2017-07-14,2.38547763,36429580814.58528,1737.5,3848258.8497881433,2214.82523728814
2017-07-15,2.15162881,32728766809.625706,1587.5,3158542.6895054127,1989.63319023963
2017-07-16,2.0725336,31435051662.128307,2037.5,3893152.1910366714,1910.74954161309
2017-07-17,2.38704005,36456861657.86568,1850.0,4099130.6478638286,2215.74629614261
2017-07-18,2.47286929,37909768672.15024,2062.5,4751507.363376675,2303.7611458796
2017-07-19,2.41800668,37145563305.32494,1862.5,4203784.00183665,2257.06523588545
2017-07-20,2.98008325,46479908648.67812,2025.0,5718393.300876671,2823.89792635885
2017-07-21,2.80324324,43888421935.82964,1925.0,5132318.957714795,2666.1397182934
2017-07-22,2.956705,46587404300.74615,2000.0,5659508.10993572,2829.75405496786
2017-07-23,2.86830102,45333705063.6581,2150.0,5919474.309605499,2753.24386493279
2017-07-24,2.8571688,45371377698.71976,2225.0,6130229.94140196,2755.1595242256
2017-07-25,2.63175728,42140742567.94084,1850.0,4733582.048053763,2558.69299894798
2017-07-26,2.58755545,41546403805.856255,1837.5,4634771.537555523,2522.32464628872
2017-07-27,2.70895213,43904037844.165405,1925.0,5130409.026999564,2665.14754649328
2017-07-28,2.77596935,46029171038.01704,1875.0,5238437.784117469,2793.83348486265
2017-07-29,2.65045335,44594828238.11445,1962.5,5311409.627212895,2706.4507654588
2017-07-30,2.63429117,45307309969.06875,1837.5,5051994.069654446,2749.3845277031
2017-07-31,2.66440296,47178370615.22996,1812.5,5188482.964724568,2862.61129088252
2017-08-01,2.51234417,44954870203.73565,1862.5,5079762.351472821,2727.38918199883
2017-08-02,2.45667542,44346106068.054535,1900.0,5111276.776753355,2690.14567197545
2017-08-03,2.51633659,45992799938.31519,1725.0,4812312.388974284,2789.74631244886
2017-08-04,2.52690325,47161926533.84064,2237.5,6399860.486770891,2860.27284324956
2017-08-05,2.8058202,53387777581.82047,2212.5,7162799.191293108,3237.42336329632
2017-08-06,2.74360243,53272937538.04711,1750.0,5652704.240648745,3230.11670894214
2017-08-07,2.8173808,55958573635.89146,1912.5,6488275.625656784,3392.56241864407
2017-08-08,2.79701154,56511797950.614174,2050.0,7022637.064026884,3425.67661659848
2017-08-09,2.70304955,55223234127.2744,1725.0,5773946.619542672,3347.21543161894
2017-08-10,2.74911842,56710810916.71009,1675.0,5757028.860403272,3437.03215546464
2017-08-11,2.89608699,60404943871.399925,1800.0,6588936.967118634,3660.52053728813
2017-08-12,3.02040239,63886112715.03264,1687.5,6532451.560454417,3871.08240619521
2017-08-13,3.12865374,67074148204.91928,1850.0,7518031.947527763,4063.80105271771
2017-08-14,3.25544228,71055660577.93753,1625.0,6994981.388215957,4304.60393120982
2017-08-15,3.11536106,68677106425.000496,1900.0,7904058.03717124,4160.0305458796
2017-08-16,3.22936466,72062692116.97244,1625.0,7092602.68378142,4364.67857463472
2017-08-17,3.14349195,71145078748.63457,2237.5,9640306.477440832,4308.51686142607
2017-08-18,2.97541172,67850038464.24486,1862.5,7652094.589571165,4108.50716218586
2017-08-19,2.97749577,68713761143.51765,1887.5,7852627.512337085,4160.33245686733
2017-08-20,2.88932289,67489563565.01475,1625.0,6639441.89078755,4085.8103943308
2017-08-21,2.8086644,65956080358.16499,1437.5,5739399.925661165,3992.62603524255
2017-08-22,2.84203031,67310327158.72248,1112.5,4532692.6381414365,4074.33046125073
2017-08-23,2.86484514,68517713977.949295,1987.5,8241994.248657941,4146.9153452367
2017-08-24,2.96780825,71479081623.50026,1262.5,5461343.240344092,4325.81642799532
2017-08-25,2.96751747,71935931728.76527,1262.5,5495828.862856886,4353.13177255991
2017-08-26,2.94348577,71757325229.35551,1312.5,5698847.065765639,4341.97871677382
2017-08-27,2.93116239,71814078736.96461,1937.5,8418250.424240207,4344.90344476914
2017-08-28,2.93365297,72397327204.40999,1612.5,7062369.322112077,4379.76392068966
2017-08-29,3.03875355,76053940775.73611,1862.5,8568350.847692873,4600.45683097604
2017-08-30,3.00669499,75835035216.64296,2100.0,9631928.747077728,4586.63273670368
2017-08-31,3.06677185,78386345981.64598,2037.5,9658475.793581964,4740.35621770894
2017-09-01,3.14249768,81337302684.4743,2175.0,10697011.582627116,4918.16624488603
2017-09-02,2.91990917,76002486194.54488,2050.0,9419791.036542952,4595.02001782583
2017-09-03,2.92473488,76512165470.08018,1925.0,8903695.4052893,4625.296314436
2017-09-04,2.75162247,72377228115.37831,2187.5,9569773.27357905,4374.75349649328
2017-09-05,2.78742564,73700143235.54442,2462.5,10968104.374079479,4454.05253769725
2017-09-06,2.86204183,76248805470.28902,2025.0,9330220.972859439,4607.51652980713
2017-09-07,2.84583752,76715672194.46527,2200.0,10197246.126767963,4635.11187580362
2017-09-08,2.66619471,71931114925.08025,2187.5,9505688.623246636,4345.45765634132
2017-09-09,2.65540041,71776989941.96732,2112.5,9158941.162569411,4335.593449737
2017-09-10,2.59879339,70563390453.15257,1725.0,7351680.07379457,4261.84352104033
2017-09-11,2.56454296,69756359191.37338,2175.0,9162290.9720339,4212.54757334892
2017-09-12,2.53102364,68967526611.78394,2350.0,9786150.670485104,4164.31943424898
2017-09-13,2.36797159,64385886678.335045,2375.0,9231906.643629456,3887.11858679135
2017-09-14,1.99521056,53797846714.2644,2175.0,7063244.507415263,3247.4687390415
2017-09-15,2.26320938,61289969016.14447,2250.0,8323251.623758035,3699.22294389246
2017-09-16,2.26588756,61496818023.18139,2112.5,7839982.565794853,3711.23435067212
2017-09-17,2.26478555,61515288495.00573,2200.0,8166083.648743416,3711.85620397428
2017-09-18,2.47915064,67629984373.809135,1587.5,6477680.153287551,4080.42844301578
2017-09-19,2.38109715,65073733640.120926,1950.0,7655185.570967278,3925.73619023963
2017-09-20,2.3596557,64582823404.49912,1462.5,5697573.977465663,3895.777078609
2017-09-21,2.19309389,59973348985.81828,2200.0,7957935.624780834,3617.24346580947
2017-09-22,2.19168978,60012303857.5266,1737.5,6288383.835534783,3619.2137182934
2017-09-23,2.28253357,62613280673.65517,2075.0,7834371.232751315,3775.60059409702
2017-09-24,2.22242941,60983077170.61433,1812.5,6664375.711334751,3676.89694418469
2017-09-25,2.34287282,65000249826.28987,1562.5,6123028.236411453,3918.73807130333
2017-09-26,2.32052467,64531789180.50936,1725.0,6710406.86611631,3890.09093687902
2017-09-27,2.4968666,69809713133.19463,1837.5,7731809.504401662,4207.78748538866
2017-09-28,2.47501585,69486873129.74437,2212.5,9265440.674353441,4187.76979631794
2017-09-29,2.44954557,68952075464.79512,2112.5,8777458.87810492,4155.01011981298
2017-09-30,2.54204123,71938913742.75099,1725.0,7477089.456575109,4334.54461250731
2017-10-01,2.56194858,72735077239.78511,1625.0,7120891.209270897,4382.08689801286
2017-10-02,2.55136556,72822788727.59785,1875.0,8225391.965772938,4386.8757150789
2017-10-03,2.49742904,71499464247.84378,2287.5,9851266.618625805,4306.56464202221
2017-10-04,2.44055834,70014303217.84541,1675.0,7062947.075927812,4216.68482144944
2017-10-05,2.48286744,71726893837.48569,1562.5,6749095.180997953,4319.42091583869
2017-10-06,2.50112549,72507648477.25464,1987.5,8677257.474426499,4365.91571040327
2017-10-07,2.535902,73727781715.95786,1975.0,8766740.467833137,4438.85593308007
2017-10-08,2.61523452,76427080461.49495,2275.0,10466683.037288137,4600.73979661017
2017-10-09,2.68982061,79373595751.18407,2012.5,9614788.497063112,4777.53465692577
2017-10-10,2.65170924,78777388381.59265,2000.0,9482155.82992402,4741.07791496201
2017-10-11,2.68235621,80013491738.5039,1737.5,8366005.367628588,4814.96711805962
2017-10-12,2.9735157,89640478588.78908,1912.5,10315391.92952586,5393.66898275862
2017-10-13,3.05039678,93313118335.9517,1700.0,9543931.774839278,5614.07751461134
2017-10-14,3.12159957,96176536827.74106,1762.5,10197363.78022356,5785.73831502046
2017-10-15,3.05072713,94596701288.40845,2437.5,13869046.082809757,5689.86505961426
2017-10-16,3.05813234,95711219683.11389,2175.0,12519623.665677965,5756.14881180596
2017-10-17,2.95026635,92966938475.27011,2050.0,11460353.464962004,5590.41632437171
2017-10-18,2.93164856,92868621710.0148,1887.5,10539555.42864918,5583.8704257744
2017-10-19,2.96891932,94950999937.29616,2225.0,12700996.404843658,5708.31299094097
2017-10-20,3.09805688,99830983341.49811,2237.5,13426976.0041204,6000.88313033314
2017-10-21,3.09579617,100330364282.38658,1912.5,11532772.594889691,6030.20789275278
2017-10-22,3.04834116,99784808761.18233,2275.0,13642260.765787564,5996.59813880772
2017-10-23,2.93951363,97994456562.60483,2137.5,12586134.410604188,5888.25001665693
2017-10-24,2.73999189,91840397164.74435,2087.5,11518356.05001826,5517.77535330216
2017-10-25,2.83167233,95486189643.46216,2312.5,13264541.166149171,5736.01780157802
2017-10-26,2.89701261,98234529051.36247,2250.0,13275714.890488029,5900.31772910579
2017-10-27,2.82258819,96104752753.63956,1300.0,7503528.560023379,5771.94504617183
2017-10-28,2.81072114,95951756985.02435,1062.5,6122537.862909118,5762.38857685564
2017-10-29,2.99284618,102829680333.08315,1925.0,11886353.026293091,6174.72884482758
2017-10-30,2.94639905,101917124316.81868,1837.5,11244133.60557422,6119.25638398597
2017-10-31,3.07051562,107078955661.09212,1725.0,11089187.748918751,6428.51463705435
2017-11-01,3.17194342,112054108123.36008,1950.0,13116503.077469315,6726.41183459965
2017-11-02,3.26783421,117354261151.30888,1875.0,13207083.635483645,7043.77793892461
2017-11-03,3.2996631,119944947796.13876,1487.5,10707965.264746483,7198.63211075394
2017-11-04,3.37458714,123653778148.13254,1625.0,12058309.377739623,7420.498078609
2017-11-05,3.31955857,122844259916.039,1762.5,12991632.540035065,7371.13902980713
2017-11-06,3.12842422,116425041611.90804,1662.5,11613001.140568389,6985.26384395091
2017-11-07,3.16064437,118654642802.81985,1950.0,13880494.96047634,7118.20254383402
2017-11-08,3.2777098,124219064692.37192,1800.0,13412183.016014028,7451.21278667446
2017-11-09,3.10220792,118673324665.81557,1912.5,13612674.020010225,7117.73804967855
2017-11-10,2.86889448,110393978633.4874,1500.0,9930851.004529515,6620.56733635301
2017-11-11,2.7353594,105834109880.54944,1000.0,6346721.44915254,6346.72144915254
2017-11-12,2.4696982,97208358771.0979,1000.0,5829097.82758621,5829.09782758621
2017-11-13,2.72664306,108732275280.58282,1750.0,11409029.051212749,6519.44517212157
2017-11-14,2.74071229,109959147530.69208,1600.0,10547799.035417888,6592.37439713618
2017-11-15,2.97614814,121064949584.29532,1900.0,13789009.103097616,7257.37321215664
2017-11-16,3.15562228,130693988524.30933,1900.0,14884038.42340737,7833.7044333723
2017-11-17,3.06551771,128963836441.85413,2087.5,16134356.951161591,7729.03327001753
2017-11-18,3.06748215,130097046001.08447,1700.0,13253462.209848035,7796.15424108708
2017-11-19,3.12664738,133820448817.2945,2000.0,16036641.37697252,8018.32068848626
2017-11-20,3.18401839,138036801223.38797,2187.5,18090349.938175768,8269.87425745178
2017-11-21,3.07693153,135085275817.58247,2162.5,17498945.85573496,8091.99808357686
2017-11-22,3.11368282,137731449923.46707,1850.0,15261755.060900062,8249.59733021625
2017-11-23,3.0255203,134776695432.14291,1962.5,15840652.024594544,8071.66982144945
2017-11-24,3.04932356,137476193155.39874,1862.5,15332886.595470473,8232.42233313851
2017-11-25,3.19796528,146306248215.9796,1950.0,17082322.612171244,8760.1654421391
2017-11-26,3.34857257,155672428867.92273,1912.5,17824315.08941774,9319.90331472823
2017-11-27,3.43189779,162555212918.2686,2125.0,20677798.23140707,9730.72857948568
2017-11-28,3.42405668,165940133781.83997,1950.0,19367778.651022796,9932.19418001169
2017-11-29,3.31618599,163753179019.47836,2162.5,21192559.580603447,9800.02755172414
2017-11-30,3.33958212,167060587956.13336,2087.5,20868142.503937755,9996.71497194623
2017-12-01,3.55287307,180659157832.9406,2287.5,24725492.185717504,10808.9583325541
2017-12-02,3.54526509,182785463832.00537,2012.5,22006405.72118281,10934.8599856809
2017-12-03,3.59996863,187475238156.98575,2200.0,24670673.84202212,11213.9426554646
2017-12-04,3.65371219,193322386457.61035,2262.5,26159315.882656276,11562.1285669199
2017-12-05,3.65310274,196268293423.8813,2225.0,26114277.799547143,11736.7540672122
2017-12-06,4.21096815,234016819443.28604,2350.0,32881510.992489796,13992.1323372297
2017-12-07,4.7166582,284895527864.3471,1900.0,32361357.41513739,17032.2933763881
2017-12-08,4.34686442,272653093293.3282,1950.0,31782050.31044706,16298.4873386908
2017-12-09,3.96460494,251800579159.83597,2175.0,32733797.75021187,15050.0219541204
2017-12-10,4.00840979,258942565166.25024,2050.0,31723749.06366168,15474.9995432496
2017-12-11,4.25607302,282379648924.78217,2137.5,36067101.51526885,16873.4977849211
2017-12-12,4.23927385,291792545813.21326,1950.0,33996164.93942136,17433.9307381648
2017-12-13,3.93575963,276453308738.91064,2325.0,38397729.7303185,16515.15257218
2017-12-14,3.8994793,277960419436.3016,2312.5,38394189.60770386,16602.8928033314
2017-12-15,4.07868942,296398758942.56946,2112.5,37395479.58860688,17702.0021721216
2017-12-16,4.43076633,328898790191.6652,2137.5,41981598.425770715,19640.5138834015
2017-12-17,4.25193445,322411617616.1133,2312.5,44516706.44244956,19250.467650789
2017-12-18,4.12995773,317958857882.7149,2275.0,43184106.93017967,18982.0250242548
2017-12-19,3.80550806,295733348356.47894,1750.0,30893320.65648745,17653.3260894214
2017-12-20,3.49226172,275663636517.5712,1700.0,27971166.34263597,16453.6272603741
2017-12-21,3.30154348,261954631857.0704,1650.0,25795825.52331972,15633.8336504968
2017-12-22,3.01016272,239728949025.90448,1937.5,27717329.29083873,14305.7183436587
2017-12-23,3.11960008,249895523156.7115,1737.5,25907615.95728008,14910.8581049094
2017-12-24,2.92511724,235098385262.4229,1900.0,26650059.04570419,14026.3468661601
2017-12-25,2.92950297,236037231091.89944,1687.5,23761590.06388804,14080.9422600818
2017-12-26,3.23788307,263660263812.78415,1775.0,27915683.22567212,15727.1454792519
2017-12-27,3.13118795,258021387628.21832,1950.0,30008551.11917013,15389.0005739334
2017-12-28,2.90015736,239612301936.4987,1862.5,26614104.74024329,14289.4522095266
2017-12-29,2.94080172,244375993508.8451,2062.5,30054226.294363633,14571.7460821157
2017-12-30,2.60242905,217180538389.026,1837.5,23793265.43467642,12948.7158828171
2017-12-31,2.78726716,233524465189.3348,2037.5,28365016.80692952,13921.4806414378
2018-01-01,2.69423548,225887722580.94852,1950.0,26256074.54267967,13464.6536116306
2018-01-02,2.92544313,247555189825.1814,2137.5,31537363.712869007,14754.322204851
2018-01-03,2.96026687,251879335164.34857,1962.5,29457686.588128258,15010.2861595558
2018-01-04,2.94402195,252918055361.86145,2100.0,31647631.67717718,15070.3007986558
2018-01-05,3.26196426,285287177348.3089,1787.5,30382543.99170812,16997.2274079486
2018-01-06,3.24692954,287108308287.3724,2100.0,35917537.4872881,17103.589279661
2018-01-07,3.04278121,272505179860.49533,2025.0,32869182.37381639,16231.6949994155
2018-01-08,2.80152545,250807207092.34375,2075.0,30995136.310549404,14937.4150894214
2018-01-09,2.69017079,241453646852.43872,2050.0,29476101.745704237,14378.5862174167
2018-01-10,2.73334467,246362365863.32315,2075.0,30438358.15119076,14669.0882656341
2018-01-11,2.45400706,221498893134.71692,2412.5,31813046.299320683,13186.7549427236
2018-01-12,2.55762013,231652981446.49847,2225.0,30681512.15226472,13789.4436639392
2018-01-13,2.63127775,239101104762.3596,1862.5,26505656.68278416,14231.2250645821
2018-01-14,2.52606465,229884291706.09927,1937.5,26507064.330946736,13681.0654611338
2018-01-15,2.50804935,228408095575.09323,1875.0,25484430.368753623,13591.6961966686
2018-01-16,2.12079726,192121046221.5878,1987.5,22719192.20908818,11431.0401052016
2018-01-17,2.07376393,187582403000.91153,2087.5,23295682.93285725,11159.6085905903
2018-01-18,2.09352287,189059547788.1338,2162.5,24319560.91671904,11246.0397302747
2018-01-19,2.129939,192348146652.9038,2062.5,23595527.095923334,11440.2555616598
2018-01-20,2.37080852,214707089256.08,2225.0,28409700.20300984,12768.4045856224
2018-01-21,2.12617327,192099954357.02213,2337.5,26699846.580208905,11422.3942589129
2018-01-22,2.00268788,180601416229.53214,2087.5,22414219.330406208,10737.3505774401
2018-01-23,2.02766184,182509946645.00696,2212.5,24004279.53297404,10849.3918793103
2018-01-24,2.09753554,188868250111.49985,2200.0,24696971.58445352,11225.8961747516
2018-01-25,2.08000559,187284665737.6832,1975.0,21982668.27111342,11130.4649473992
2018-01-26,2.05791562,185709056259.20752,1937.5,21381387.05663727,11035.5546098773
2018-01-27,2.10883443,190534317916.2448,1962.5,22217403.988595907,11320.9701852718
2018-01-28,2.15410037,195521978595.36047,1975.0,22941518.454778,11615.95871128
2018-01-29,2.06552658,187405821048.53973,1850.0,20595225.480625276,11132.5543138515
2018-01-30,1.85916763,167680159360.35452,2087.5,20790553.768337235,9959.54671537113
2018-01-31,1.87794381,169219353157.635,1462.5,14698265.103397101,10050.0957971946
2018-02-01,1.69691999,152227586137.8496,2000.0,18079730.15020456,9039.86507510228
2018-02-02,1.66151934,147972357159.3378,2100.0,18450762.49777908,8786.0773798948
2018-02-03,1.72878243,153818002832.4506,1975.0,18035898.136594106,9132.10032232613
2018-02-04,1.56184746,138987436238.7948,2225.0,18357422.34352717,8250.52689596727
2018-02-05,1.30831891,115402453262.58664,2312.5,15839567.168432195,6849.54255932203
2018-02-06,1.48101152,130398654837.18138,2125.0,16444618.414304508,7738.64395967271
2018-02-07,1.46484643,128490337875.27019,1762.5,13438349.374061218,7624.59538953828
2018-02-08,1.58085047,138513689945.96112,1637.5,13457926.144889686,8218.58085184103
2018-02-09,1.6660923,145975503391.69897,1687.5,14614515.227005396,8660.45346785505
2018-02-10,1.64139497,143796839806.93958,1787.5,15247898.388566628,8530.29280479252
2018-02-11,1.55971533,136503442480.99644,1887.5,15282575.008449012,8096.72848129749
2018-02-12,1.71364615,150193661791.17108,2075.0,18483415.621705145,8907.67017913501
2018-02-13,1.64241903,143741453662.46915,2050.0,17474132.210417878,8523.96693191116
2018-02-14,1.81957973,159670278815.20184,2237.5,21183086.060732033,9467.3010327294
2018-02-15,1.93482187,170471136968.4026,1637.5,16549775.424357172,10106.7330835769
2018-02-16,1.9474862,171884074815.1278,1962.5,19996533.598560836,10189.3164833431
2018-02-17,2.11360732,187024145183.5038,1862.5,20646927.04677828,11085.5984143776
2018-02-18,1.99108492,176357479895.8642,2025.0,21165486.25384276,10452.0919772063
2018-02-19,2.11485368,187976194475.8602,2025.0,22557195.354397967,11139.3557305669
2018-02-20,2.12780635,189794491196.21036,1762.5,19820955.71037401,11245.9323179427
2018-02-21,1.97827013,176533469479.5317,2112.5,22094352.50016795,10458.8650888369
2018-02-22,1.84607258,166750223696.01343,1862.5,18398071.03082261,9878.15894272355
2018-02-23,1.89577059,171510918790.7929,1850.0,18794271.383138504,10159.0656125073
2018-02-24,1.8093287,163552082148.23413,1812.5,17556965.726165265,9686.60177995325
2018-02-25,1.7940982,162164887219.03528,2137.5,20526898.733153127,9603.22747749854
2018-02-26,1.92409125,174157924575.1811,1762.5,18175544.56922119,10312.3657130333
2018-02-27,1.98459986,179950653847.5196,2000.0,21308214.5897136,10654.1072948568
2018-02-28,1.91774992,174108312562.12915,1937.5,19969860.87238818,10307.0249663939
2018-03-01,2.0275908,184546671784.81287,2062.5,22529988.652414445,10923.6308617767
2018-03-02,2.0411051,186095856775.3983,1950.0,21477414.01117767,11014.0584672706
2018-03-03,2.11464502,193076418415.27505,2250.0,25707781.2722823,11425.6805654588
2018-03-04,2.11715719,193721221886.46198,1850.0,21205778.915458806,11462.5831975453
2018-03-05,2.124487,195062277838.50427,1862.5,21494483.57206684,11540.6623205728
2018-03-06,1.96727059,180485923073.3736,1950.0,20820218.700175244,10677.0352308591
2018-03-07,1.82720774,167422408355.89157,1962.5,19434804.408847168,9903.0850490941
2018-03-08,1.72480924,157760715442.68665,2025.0,18894212.79222677,9330.47545295149
2018-03-09,1.72471755,156892740604.1144,1825.0,16932604.01152104,9278.13918439509
2018-03-10,1.6363096,148595551650.91345,1750.0,15376480.74050263,8786.56042314436
2018-03-11,1.76958222,160908118884.2804,1912.5,18194636.45205289,9513.53539976622
2018-03-12,1.70331347,154742152551.3773,2012.5,18410128.988449752,9147.89018059615
2018-03-13,1.70702426,154974273658.91028,1975.0,18092072.292255983,9160.54293278784
2018-03-14,1.53691592,139113345204.6385,1800.0,14799829.030274682,8222.12723904149
2018-03-15,1.54749227,139914335208.6044,1800.0,14883460.420397436,8268.58912244302
2018-03-16,1.56958433,141763494802.30853,1950.0,16334963.771580948,8376.90449824664
2018-03-17,1.47896206,133397116859.14584,1862.5,14679595.32695792,7881.66192051432
2018-03-18,1.5372127,138614553160.81683,1887.5,15456769.057433525,8189.01671917008
2018-03-19,1.60262445,144521631437.1412,1937.5,16540467.770181919,8537.0156233197
2018-03-20,1.66984764,150605270576.6591,1587.5,14121681.146876829,8895.54717913501
2018-03-21,1.66685407,150352052268.78598,1900.0,16871229.08749269,8879.5942565751
2018-03-22,1.6366036,147507258760.04517,1787.5,15570313.571537117,8710.66493512566
2018-03-23,1.64830412,148556200040.7051,1662.5,14583028.262810487,8771.74632349503
2018-03-24,1.61787156,145850435654.0619,1950.0,16791427.606911164,8610.9885163647
2018-03-25,1.58785272,142978872725.61987,1687.5,14243530.931819849,8440.61092255991
2018-03-26,1.54056226,138430269669.80035,1875.0,15320970.664633255,8171.18435447107
2018-03-27,1.47972397,132788146745.2988,1900.0,14890804.106867334,7837.26531940386
2018-03-28,1.49995286,134434473959.64536,1687.5,13388022.10635228,7933.64272969024
2018-03-29,1.34902071,120467251234.39308,1900.0,13506284.54520749,7108.5708132671
2018-03-30,1.30076662,115796633032.06471,2025.0,13835101.859329348,6832.14906633548
2018-03-31,1.31875342,117335340577.4604,1600.0,11075650.07504384,6922.2812969024
2018-04-01,1.29804435,115353102998.06737,2025.0,13779162.880603459,6804.52487931035
2018-04-02,1.34269917,119244423031.53572,1950.0,13714856.238690829,7033.25960958504
2018-04-03,1.41752889,125830051366.80844,2037.5,15119881.05030684,7420.80051548802
2018-04-04,1.29795987,114986059183.08643,1837.5,12459248.867577443,6780.54360140269
2018-04-05,1.30312944,115302512667.8604,1950.0,13256924.102367036,6798.42261659848
2018-04-06,1.26963243,112126583471.01808,1725.0,11403099.303397134,6610.49234979544
2018-04-07,1.32349168,116823177434.98444,2250.0,15494556.311879016,6886.46947194623
2018-04-08,1.34758367,118932810742.21152,2012.5,14107617.159953982,7009.99610432496
2018-04-09,1.29733763,114311672118.16814,1837.5,12379040.56370909,6736.89282378726
2018-04-10,1.3143587,115680131308.85144,2050.0,13974273.161630617,6816.71861542957
2018-04-11,1.33919481,117867416604.65047,2012.5,13976381.537415983,6944.78585710111
2018-04-12,1.52215846,134168090914.6082,1925.0,15215835.779909419,7904.33027527762
2018-04-13,1.52369622,134434525998.67308,2062.5,16333070.93266,7919.06469462303
2018-04-14,1.54037773,135931151075.12416,1712.5,13710990.727914969,8006.41794330801
2018-04-15,1.60406337,141650187328.7155,2037.5,16997377.36910798,8342.27110140269
2018-04-16,1.54777167,136650419244.81303,1762.5,14182806.010377696,8046.98213354763
2018-04-17,1.51791712,133962175227.62907,2025.0,15972669.364786685,7887.73795791935
2018-04-18,1.57002305,138650636284.6751,2000.0,16325669.72355348,8162.83486177674
2018-04-19,1.58612722,140539709293.91605,2225.0,18407352.277871136,8272.96731589714
2018-04-20,1.69131108,150179023464.4438,1712.5,15137645.688698132,8839.5011320865
2018-04-21,1.69378446,150605063050.8505,1987.5,17616287.397731587,8863.54082904734
2018-04-22,1.68092587,149559305824.3162,2000.0,17601918.17416716,8800.95908708358
2018-04-23,1.70339486,151782579435.7192,1912.5,17080125.611659843,8930.78463354763
2018-04-24,1.83531084,164062766307.80725,1987.5,19183774.905081097,9652.21378872005
2018-04-25,1.68455575,150534451808.20685,1537.5,13615344.990002189,8855.50893658679
2018-04-26,1.75708104,157507070083.4661,1762.5,16329082.089987583,9264.72742694331
2018-04-27,1.70402847,152705064058.8726,1775.0,15941862.152571594,8981.33079018118
2018-04-28,1.77091583,158849307909.90692,1600.0,14946919.495499711,9341.82468468732
2018-04-29,1.78054751,159806033177.31946,1975.0,18559070.318753663,9396.99762974869
2018-04-30,1.74740041,156962282341.70627,1937.5,17880657.56204339,9228.7264836353
2018-05-01,1.71724649,154317464332.452,1975.0,17917533.295967262,9072.16875745178
2018-05-02,1.7386519,156578190321.4114,1750.0,16107223.37098189,9204.12764056108
2018-05-03,1.83904816,165894741989.12933,1887.5,18404446.52634059,9750.70014640561
2018-05-04,1.82662477,164991759225.75504,1725.0,16726709.019739926,9696.64290999416
2018-05-05,1.84393794,166700806032.87646,2012.5,19714300.616277028,9795.92577206312
2018-05-06,1.80577797,163299488641.55853,1712.5,16431586.17822911,9595.08681940386
2018-05-07,1.75762436,158967333946.10675,1875.0,17511582.838435125,9339.5108471654
2018-05-08,1.73387152,156819276398.11127,1737.5,16006492.240319988,9212.36963471654
2018-05-09,1.74723256,158211127488.7949,2000.0,18586084.5470485,9293.04227352425
2018-05-10,1.69887071,153878517153.77625,1925.0,17397246.229938634,9037.53050905903
2018-05-11,1.58493865,143373321270.30786,1587.5,13366366.757459098,8419.75858737581
2018-05-12,1.5974431,144514968309.05743,2062.5,17501911.48778127,8485.77526680304
2018-05-13,1.63680889,148108395237.23605,1850.0,16087291.22353886,8695.83309380479
2018-05-14,1.62361239,147701005849.94635,1650.0,14307272.388340157,8671.07417475161
2018-05-15,1.58958164,144605949351.0157,1825.0,15491445.744038576,8488.463421391
2018-05-16,1.56132079,141886841023.80402,2237.5,18633354.500507735,8327.75620134424
2018-05-17,1.50426871,137176558811.93735,1650.0,13283351.794900637,8050.51623933372
2018-05-18,1.5392871,140302690393.97842,1850.0,15231209.942285225,8233.08645528931
2018-05-19,1.53821787,140257123405.43295,1925.0,15841754.65124196,8229.48293571011
2018-05-20,1.59036292,145078058846.0959,1800.0,15320607.89438925,8511.44883021625
2018-05-21,1.56883389,143171421543.0004,1962.5,16482297.885823349,8398.62312653419
2018-05-22,1.49717102,136519507769.17958,1887.5,15114206.329423591,8007.52653214495
2018-05-23,1.40810171,128237740095.40971,2025.0,15229757.050248396,7520.86767913501
2018-05-24,1.41826534,129184935653.3735,1787.5,13541428.768676952,7575.62448597312
2018-05-25,1.39150485,126639121906.13664,2200.0,16335826.483810635,7425.37567445938
2018-05-26,1.37360478,124964285195.887,2025.0,14835763.952542376,7326.30318644068
2018-05-27,1.37644815,125182133039.21864,2050.0,15043295.741057863,7338.19304441847
2018-05-28,1.33597351,121317311761.56834,1950.0,13866106.569213912,7110.82388164816
2018-05-29,1.40088628,127178919277.39346,1737.5,12950688.597212885,7453.63372501461
2018-05-30,1.38664652,125847610692.34056,2175.0,16039905.181779668,7374.6690490941
2018-05-31,1.40689168,127639489898.68208,2125.0,15892326.467453241,7478.74186703682
2018-06-01,1.41524122,128356441555.94876,2075.0,15603659.15487289,7519.83573728814
2018-06-02,1.43730299,130378486453.76411,1900.0,14511151.680829922,7637.44825306838
2018-06-03,1.44919617,131498835221.0268,2037.5,15693146.788650641,7702.15793308007
2018-06-04,1.40952829,127836651623.76183,2287.5,17125719.194064137,7486.65319959088
2018-06-05,1.43371987,129979115426.493,2187.5,16649390.30281999,7611.14985271771
2018-06-06,1.44133056,130669884421.28532,1837.5,14058300.54560198,7650.77580713033
2018-06-07,1.44450247,130942715943.34392,1787.5,13702881.864563856,7665.9478962595
2018-06-08,1.43712165,130216094923.58316,1812.5,13815966.723516952,7622.60233021625
2018-06-09,1.42518183,129094774239.7812,1787.5,13506656.909884568,7556.17169783752
2018-06-10,1.27551954,115242359003.23732,1587.5,10707268.084077291,6744.73580099357
2018-06-11,1.29750932,117043566259.5198,1750.0,11986542.20280538,6849.45268731736
2018-06-12,1.23858038,111540186918.58978,1812.5,11829643.170021188,6526.69968001169
2018-06-13,1.20092906,107788509788.87521,1787.5,11272892.287854321,6306.51316803039
2018-06-14,1.2632478,113326173419.85922,1912.5,12679435.362525577,6629.77012419638
2018-06-15,1.22097074,109405258626.73557,1912.5,12239376.613862514,6399.67404646406
2018-06-16,1.23955794,111053766097.57834,2075.0,13477779.266540034,6495.31530917592
2018-06-17,1.23172728,110303511512.67044,1962.5,12659486.92166496,6450.69397282291
2018-06-18,1.28056779,114645451013.78528,2050.0,13742815.80891292,6703.81258971362
2018-06-19,1.28664559,115149244502.8952,1937.5,13044235.817778343,6732.50880917592
2018-06-20,1.29123078,115516336692.91388,1937.5,13084338.225051146,6753.20682583285
2018-06-21,1.28466547,114968985603.38635,2125.0,14280793.123027472,6720.37323436587
2018-06-22,1.16113556,103675812241.77995,1887.5,11437449.434139395,6059.5758591467
2018-06-23,1.18384639,105649754025.73972,2000.0,12348451.55873758,6174.22577936879
2018-06-24,1.17963703,105188245647.2729,2137.5,13138116.379131367,6146.48719491526
2018-06-25,1.19907224,106861339065.99004,1962.5,12252938.302903997,6243.53544097019
2018-06-26,1.17183193,104349523004.1154,1825.0,11125434.998348925,6096.12876621859
2018-06-27,1.19000509,105095896985.98283,1512.5,9285524.395879596,6139.18968322618
2018-06-28,1.13776355,100304632985.26031,1962.5,11497572.714717263,5858.63577819988
2018-06-29,1.20834141,106518869341.18803,1887.5,11741974.637211423,6220.9137150789
2018-06-30,1.23851505,109177747554.53374,1762.5,11236891.420419345,6375.5412314436
2018-07-01,1.23860628,108947319052.50592,1837.5,11689077.165166568,6361.40253886616
2018-07-02,1.28633397,113188557636.7306,1762.5,11647247.114596725,6608.367157218
2018-07-03,1.26579418,111312877114.31288,1450.0,9422546.395762715,6498.3078591467
2018-07-04,1.28137705,112711825499.79326,1675.0,11020383.405450035,6579.33337638808
2018-07-05,1.27324533,111968645594.2585,1712.5,11191698.51460404,6535.29840268849
2018-07-06,1.28661278,113063968657.09964,2000.0,13196918.19170076,6598.45909585038
2018-07-07,1.31378163,115465661540.18742,1950.0,13138819.356706602,6737.85608036236
2018-07-08,1.30865599,114914482588.6505,1975.0,13242216.960753944,6704.91998012858
2018-07-09,1.30098801,114224903787.80823,1700.0,11328840.958971368,6664.02409351257
2018-07-10,1.2330456,108152793264.32472,1862.5,11750668.957619822,6309.08400409118
2018-07-11,1.24746562,109344538488.59863,1687.5,10762835.362982169,6377.97651139684
2018-07-12,1.20621817,105609244489.61111,1762.5,10856060.016824953,6159.46667621274
2018-07-13,1.21722522,106469386228.2422,1787.5,11098561.709749425,6208.98557188779
2018-07-14,1.22667095,107270752475.55956,1662.5,10399124.49578462,6255.11247866744
2018-07-15,1.24480827,108867474201.12538,1662.5,10552892.105219899,6347.60427381648
2018-07-16,1.31568081,115106821467.19034,1500.0,10066211.156195205,6710.80743746347
2018-07-17,1.43309368,125580721821.32156,1987.5,14549682.22040838,7320.59482787843
2018-07-18,1.44339934,126547867223.51788,2175.0,16042883.387923734,7376.03833927528
2018-07-19,1.46018625,128125010853.07112,2137.5,15960785.812127404,7467.0342980713
2018-07-20,1.43265396,125740705992.6491,1925.0,14104969.114647873,7327.25668293396
2018-07-21,1.44833778,127183034589.34172,1712.5,12690593.624930598,7410.56562039743
2018-07-22,1.44583406,127009676954.65717,2275.0,16833825.524269436,7399.48374693162
2018-07-23,1.50619599,132461306959.85504,2075.0,16011029.151877556,7716.15862741087
2018-07-24,1.63581402,144176409303.4392,1987.5,16690262.83672925,8397.61652162478
2018-07-25,1.59635249,140848438885.07907,2212.5,18148518.87478449,8202.72039538282
2018-07-26,1.5404035,135905971504.21307,2062.5,16322482.230037272,7913.93077819989
2018-07-27,1.58953743,140385333661.0855,2087.5,17062754.50116891,8173.7746113384
2018-07-28,1.59195773,140685035244.0186,1812.5,14845027.602754232,8190.36005669199
2018-07-29,1.59809411,141376644218.03387,2125.0,17487912.407218013,8229.60583869083
2018-07-30,1.5863148,140397962724.8378,1675.0,13687831.194805674,8171.83951928697
2018-07-31,1.50002457,132737425419.3308,1837.5,14194931.953546897,7725.13303594389
2018-08-01,1.47548838,130544828991.5115,1875.0,14243808.772464937,7596.6980119813
2018-08-02,1.46550321,129631238285.9974,1912.5,14425403.540871568,7542.69466189363
2018-08-03,1.44098379,127389185324.80109,2075.0,15378539.319053179,7411.34425014611
2018-08-04,1.36290424,120372201905.84554,2200.0,15404859.03623612,7002.2086528346
2018-08-05,1.36894032,120891309546.94946,2000.0,14063175.50204558,7031.58775102279
2018-08-06,1.35040999,119155942795.52562,1637.5,11347860.089275276,6929.99089421391
2018-08-07,1.31126727,115602331537.64192,1887.5,12688866.791887049,6722.57843278784
2018-08-08,1.22457474,107787129090.23807,1962.5,12299750.271906048,6267.3886735827
2018-08-09,1.28263103,112798970602.05664,1862.5,12214455.491054213,6558.09690794857
2018-08-10,1.20148237,105548153481.91736,2200.0,13498654.088836929,6135.75185856224
2018-08-11,1.23709272,108623509949.61084,2125.0,13416717.287587663,6313.74931180596
2018-08-12,1.237715,108651957013.71867,1937.5,12234715.083028937,6314.69165575687
2018-08-13,1.22859486,107823291676.77013,1875.0,11748465.082188789,6265.84804383402
2018-08-14,1.21462636,106439624172.66588,1700.0,10514209.445558148,6184.82908562244
2018-08-15,1.23272558,107921713369.36864,2012.5,12618807.282294717,6270.21479865576
2018-08-16,1.23701888,108287593315.59192,1975.0,12424232.149196368,6290.7504552893
2018-08-17,1.28997856,112987854531.1153,1900.0,12469848.748568095,6563.07828872005
2018-08-18,1.25820087,110180882411.00536,2000.0,12798574.89362946,6399.28744681473
2018-08-19,1.27574994,111766836577.27116,1812.5,11764422.980402552,6490.71612711865
2018-08-20,1.23354388,108028823193.54256,1875.0,11761786.366525425,6272.95272881356
2018-08-21,1.27272294,111487195428.2082,1850.0,11975190.672983628,6473.07603945061
2018-08-22,1.25162869,109638677665.2356,2000.0,12730019.66335476,6365.00983167738
2018-08-23,1.28108729,112258698492.89713,1862.5,12136811.809851697,6516.40902542373
2018-08-24,1.31632801,115394585122.42712,1825.0,12223360.678674748,6697.73187872589
2018-08-25,1.32478942,116227908455.6044,1687.5,11382928.2099284,6745.43893921683
2018-08-26,1.31333891,115284878069.69078,2162.5,14466842.432912048,6689.86933313852
2018-08-27,1.34163355,117873365030.6772,2312.5,15815555.07734878,6839.15895236704
2018-08-28,1.38993223,122261446474.46252,1912.5,13565312.408372296,7092.97380829924
2018-08-29,1.37670606,121247278332.5186,1737.5,12220581.26830436,7033.42806808884
2018-08-30,1.36359134,120114930037.10117,1925.0,13411405.206655476,6966.96374371713
2018-08-31,1.37493819,121131550725.81134,1937.5,13611210.261725597,7025.14078024547
2018-09-01,1.40711254,124028288534.02948,1887.5,13575565.433105646,7192.35254734074
2018-09-02,1.42507788,125667820675.12167,1800.0,13116002.023904148,7286.66779105786
2018-09-03,1.41924297,125177334900.4002,1800.0,13063446.385038,7257.47021391
2018-09-04,1.43842941,126936865991.23833,1575.0,11590128.07936148,7358.81147895967
2018-09-05,1.32907873,117151754999.24129,1650.0,11204980.591963768,6790.89732846289
2018-09-06,1.27139307,111939859791.32008,1875.0,12165142.381648162,6488.07593687902
2018-09-07,1.25683206,110581749752.2956,1900.0,12176441.88264172,6408.65362244301
2018-09-08,1.21428401,106782343851.2759,1875.0,11602107.191883393,6187.79050233781
2018-09-09,1.22689803,107855616025.27689,2037.5,12732839.357327592,6249.24631034483
2018-09-10,1.23657997,108662608384.24086,1687.5,10623468.266839577,6295.3886025716
2018-09-11,1.23448848,108380864787.66785,1762.5,11065723.427443735,6278.42463968439
2018-09-12,1.24485106,109241940295.64648,2100.0,13287826.362799527,6327.53636323787
2018-09-13,1.27856168,112074557501.76231,1850.0,12008187.78549094,6490.91231648159
2018-09-14,1.27941999,112150595269.43169,1650.0,10716247.540283456,6494.69547895967
2018-09-15,1.28532707,112670904653.23538,1750.0,11417289.918030396,6524.16566744594
2018-09-16,1.28016559,112220037901.27625,1737.5,11289240.668585615,6497.40470134424
2018-09-17,1.23381568,108105991224.44568,1687.5,10561378.851439212,6258.59487492694
2018-09-18,1.25024052,109529380192.13356,1775.0,11254117.327571593,6340.34779018118
2018-09-19,1.25910583,110295088597.76112,1950.0,12448706.15781706,6383.95187580362
2018-09-20,1.28206545,112288488870.2254,1925.0,12509818.688763876,6498.60711104617
2018-09-21,1.3314931,116491363596.52646,1800.0,12134057.218001172,6741.14289888954
2018-09-22,1.32462421,115888008971.5252,1937.5,12991859.849083148,6705.47605113969
2018-09-23,1.32411544,115860149884.85667,1875.0,12568381.592818517,6703.13684950321
2018-09-24,1.29944603,113684243861.49072,1850.0,12166608.255946824,6576.5450032145
2018-09-25,1.26947306,110930242226.68497,2112.5,13554737.995682348,6416.44402162478
2018-09-26,1.27892467,111750680973.86244,1737.5,11229897.576194482,6463.25040356517
2018-09-27,1.3210537,115473953608.52664,1787.5,11936747.123378148,6677.90048860316
2018-09-28,1.31014502,114539547907.19228,1925.0,12749517.857707476,6623.12615984804
2018-09-29,1.30289231,113884047547.05753,1900.0,12510548.380391588,6584.49914757452
2018-09-30,1.3069717,114243175578.83426,2037.5,13456638.245254977,6604.485028346
2018-10-01,1.29942083,113518016605.85883,1975.0,12959582.318717133,6561.81383226184
2018-10-02,1.28953035,112610666756.30328,1712.5,11146184.60740795,6508.72093863238
2018-10-03,1.2814305,111856548131.17673,1812.5,11716828.029131357,6464.45684365868
2018-10-04,1.29764795,113267427334.0738,1875.0,12272410.62700905,6545.28566773816
2018-10-05,1.30556584,113967980867.00935,1625.0,10700868.067139104,6585.14957977791
2018-10-06,1.298913,113378166758.79816,1562.5,10235122.36858928,6550.47831589714
2018-10-07,1.30175802,113633692973.18517,1775.0,11652108.66164523,6564.56826008182
2018-10-08,1.30960738,114339270103.70224,1687.5,11145406.400058448,6604.68527410871
2018-10-09,1.30696334,114103170639.18616,1625.0,10709446.510995032,6590.42862215079
2018-10-10,1.29493068,113053154102.98314,1800.0,11752384.384804212,6529.10243600234
2018-10-11,1.22741162,106661330255.67244,1987.5,12241512.639680736,6159.25164260666
2018-10-12,1.23438108,107233068566.12044,1650.0,10216267.418381061,6191.67722326125
2018-10-13,1.23595286,107348052161.21346,1762.5,10923421.039863387,6197.68569637639
2018-10-14,1.23348719,107100406864.61185,1425.0,8810603.06554646,6182.87934424313
2018-10-15,1.28526524,111614357755.55241,2025.0,13046498.713522792,6442.71541408533
2018-10-16,1.28989252,111958262043.08224,1687.5,10904518.956257308,6461.93715926359
2018-10-17,1.28666145,111636608391.73184,1725.0,11113710.45780246,6442.73070017534
2018-10-18,1.27802221,110846228676.42816,1725.0,11033927.675869375,6396.47981209819
2018-10-19,1.2749913,110625312452.34442,1775.0,11329963.166269729,6383.07784015196
2018-10-20,1.28642152,111073074254.35512,1787.5,11454751.784095567,6408.25274634717
2018-10-21,1.28793139,111206991506.71556,1725.0,11066462.367540916,6415.34050292227
2018-10-22,1.28689576,111092745870.69737,1937.5,12415565.168961864,6408.03363559322
2018-10-23,1.28492912,110896223452.83104,1925.0,12312276.258708367,6395.98766686149
2018-10-24,1.2887609,111214183524.86855,1412.5,9059497.643118061,6413.80364114553
2018-10-25,1.28694965,111026107522.98996,1712.5,10963981.321288723,6402.3248591467
2018-10-26,1.28863398,111068486835.02596,1787.5,11447344.037251605,6404.10855230859
2018-10-27,1.28980748,111171246478.54549,1700.0,10895989.056896556,6409.40532758621
2018-10-28,1.28937475,111134376406.18802,1750.0,11211608.192869663,6406.63325306838
2018-10-29,1.26107732,108654957796.83511,1825.0,11430051.165751033,6263.0417346581
2018-10-30,1.26329155,108825354861.77647,1925.0,12073922.876841037,6272.16772822911
2018-10-31,1.27073654,109430710322.48328,2037.5,12849120.747578172,6306.31693132671
2018-11-01,1.27883905,110079075092.29424,1925.0,12210231.688625066,6342.97750058445
2018-11-02,1.27995054,110180510973.50604,1787.5,11347351.341576573,6348.16858270018
2018-11-03,1.276901,109920163681.27742,2012.5,12744023.6925884,6332.43413296318
2018-11-04,1.29459494,111457353102.79344,1537.5,9871398.825449305,6420.42200029223
2018-11-05,1.29123581,111165512798.97427,1800.0,11525304.31016949,6402.94683898305
2018-11-06,1.2989943,111839004285.48557,1600.0,10305832.35020456,6441.14521887785
2018-11-07,1.31084446,112886579168.95436,1625.0,10563913.433262719,6500.86980508475
2018-11-08,1.29195817,111261944815.82117,1512.5,9690213.817913497,6406.75293746347
2018-11-09,1.2768824,109963021291.8608,1587.5,10051063.79276374,6331.37876709527
2018-11-10,1.28133653,110350898799.03008,1637.5,10403222.102045584,6353.11273407364
2018-11-11,1.27781403,110055044898.53024,1825.0,11562130.92225306,6335.41420397428
2018-11-12,1.27501457,109809736244.71677,1750.0,11061148.09409701,6320.65605376972
2018-11-13,1.26499475,108903259088.7863,1500.0,9401906.9868498,6267.9379912332
2018-11-14,1.12750028,96860221302.46275,1687.5,9406560.963800408,5574.25834891876
2018-11-15,1.12835655,96248717597.61153,1587.5,8792464.964932792,5538.56060783168
2018-11-16,1.12138354,95518040630.44853,1575.0,8656225.564063406,5496.01623115137
2018-11-17,1.12295891,95616231626.28333,1812.5,9970729.867055075,5501.09234044418
2018-11-18,1.13432294,96568300411.74496,1537.5,8541391.120287847,5555.3763383986
2018-11-19,0.98256686,83309665038.67566,1575.0,7547715.037280832,4792.20002367037
2018-11-20,0.89259762,75064932894.56097,1650.0,7123925.605625367,4317.53067007598
2018-11-21,0.94205218,79100846618.07187,1312.5,5970985.138040619,4549.32200993571
2018-11-22,0.89310508,74835214989.06079,1525.0,6563013.711477201,4303.61554850964
2018-11-23,0.89181194,74603295134.03229,1562.5,6702957.583284625,4289.89285330216
2018-11-24,0.79317203,66200481496.8158,1787.5,6803791.503254674,3806.31692489772
2018-11-25,0.82453777,68650951140.12603,1587.5,6265625.763018703,3946.85087434249
2018-11-26,0.77562836,64367371529.51591,1387.5,5134146.814863383,3700.28599269433
2018-11-27,0.7940544,65700289252.32034,1637.5,6184110.2949590925,3776.55590531853
2018-11-28,0.88549955,73220546017.23143,1475.0,6207501.021982754,4208.47526914085
2018-11-29,0.89130855,73757876886.60486,1312.5,5563739.328408096,4239.03948831093
2018-11-30,0.8373706,69139707027.07185,1262.5,5016334.241039595,3973.33405230859
2018-12-01,0.8734641,72186769334.42615,1550.0,6429514.274678543,4148.07372559906
2018-12-02,0.86368527,71334198592.28998,1425.0,5840714.138530097,4098.74676388077
2018-12-03,0.80763958,66905681722.15498,1425.0,5477666.74902834,3843.9766659848
2018-12-04,0.81335924,67764822761.35066,1725.0,6715341.591057854,3892.95164699006
2018-12-05,0.78473772,64577860936.27737,1625.0,6027971.394688783,3709.52085827002
2018-12-06,0.74841821,61144670013.32359,1687.5,5926447.656432636,3511.96898158971
2018-12-07,0.72100902,58729900521.63701,1425.0,4806518.861922852,3372.99569257744
2018-12-08,0.72908961,59343948586.4894,1587.5,5410122.52146406,3407.95119462303
2018-12-09,0.75773343,61656683797.12884,1600.0,5664703.321566336,3540.43957597896
2018-12-10,0.73200608,59452937061.822815,1550.0,5291068.505450031,3413.59258416131
2018-12-11,0.7222971,58395272773.26061,1562.5,5238381.562773969,3352.56420017534
2018-12-12,0.73845418,59627489561.96775,1500.0,5134519.37682642,3423.01291788428
2018-12-13,0.7044642,56799160023.82104,1637.5,5338809.341193018,3260.34158240795
2018-12-14,0.69277432,55735437225.00024,1825.0,5838079.139501752,3198.94747369959
2018-12-15,0.69048064,55499651896.21167,1862.5,5932200.406640862,3185.07404383402
2018-12-16,0.69338644,55684427860.85024,1437.5,4593408.423144361,3195.41455523086
2018-12-17,0.75972613,60984540763.57042,2000.0,6998312.96376388,3499.15648188194
2018-12-18,0.79650093,63785396911.68198,1600.0,5855243.80689656,3659.52737931035
2018-12-19,0.80573894,64458072015.1525,1862.5,6887013.377454714,3697.72530333139
2018-12-20,0.88611656,70914924965.58305,1687.5,6864307.381867326,4067.73770777323
2018-12-21,0.8376707,66935427169.69911,1750.0,6718398.939728228,3839.08510841613
2018-12-22,0.86519497,69138519234.73888,2187.5,8673319.629419923,3964.94611630625
2018-12-23,0.86090691,68758702225.0924,2200.0,8673867.390999425,3942.66699590883
2018-12-24,0.88260111,70464629644.18283,1900.0,7676087.000233787,4040.04578959673
2018-12-25,0.82260882,65615302891.15366,1987.5,7476148.221489626,3761.58401081239
2018-12-26,0.83308567,66426458891.30887,1962.5,7472527.752564281,3807.65745353594
2018-12-27,0.78552581,62557922646.83627,2175.0,7798376.66567796,3585.46053594389
2018-12-28,0.85252346,67723456212.58877,2087.5,8101702.072150781,3881.05488486265
2018-12-29,0.84031284,66719421375.7622,1725.0,6594913.612565746,3823.13832612507
2018-12-30,0.8415034,66767437066.61049,2200.0,8415896.41835184,3825.4074628872
2018-12-31,0.81213582,64362351163.8135,1937.5,7143949.883931176,3687.19994009351
2019-01-01,0.8391035,66480140226.796745,1862.5,7092619.46149912,3808.11783167738
2019-01-02,0.85907301,68060061857.88494,1887.5,7357847.758635296,3898.1974880187
2019-01-03,0.83487141,66080363535.854095,1937.5,7332252.979763296,3784.38863471654
2019-01-04,0.8447265,66840702441.1711,1862.5,7128764.557049978,3827.52459438925
2019-01-05,0.83856669,66343570783.85974,2037.5,7739675.933306551,3798.61395499708
2019-01-06,0.89346662,70671241074.1243,1762.5,7131064.02841175,4045.99377498539
2019-01-07,0.8841578,69892707335.84886,1762.5,7051794.715327289,4001.01827819988
2019-01-08,0.88278743,69754483224.10101,2112.5,8434415.642405758,3992.6227893045
2019-01-09,0.88542141,69965986980.18709,2050.0,8208731.023085923,4004.25903565167
2019-01-10,0.80976747,63397040767.491615,1950.0,7074411.727556979,3627.90345002922
2019-01-11,0.80976244,63338354100.47836,1850.0,6704698.629032725,3624.16142109877
2019-01-12,0.80855945,63219821366.34437,1725.0,6239363.085096428,3617.02207831677
2019-01-13,0.784834,61332009010.65437,1712.5,6008597.560162178,3508.6701081239
2019-01-14,0.82050798,64105507741.0617,1862.5,6829685.423352577,3666.94519374635
2019-01-15,0.80090242,62614046151.325806,1650.0,5909133.475555233,3581.29301548802
2019-01-16,0.80691139,63069259783.033424,1662.5,5996615.1820791885,3606.98657568673
2019-01-17,0.81482992,63654546163.77879,1587.5,5778704.994867759,3640.12913062536
2019-01-18,0.80838072,63123882957.88896,1725.0,6226261.119805672,3609.42673611923
2019-01-19,0.82616434,64491943106.93511,1662.5,6130139.510385009,3687.30196113384
2019-01-20,0.79319975,61893041071.17983,1962.5,6943940.681326721,3538.31372296903
2019-01-21,0.79297133,61852610462.07104,1875.0,6629293.861959375,3535.623393045
2019-01-22,0.80398567,62587665112.30323,1625.0,5813126.06841759,3577.30834979544
2019-01-23,0.79874618,62149501274.109985,1825.0,6482206.223611928,3551.89382115722
2019-01-24,0.80256605,62431351929.4994,2025.0,7224367.590670653,3567.58893366452
2019-01-25,0.80172488,62328325177.42316,1725.0,6143329.608971356,3561.35049795441
2019-01-26,0.8011809,62259553751.56424,1875.0,6669449.8411017,3557.03991525424
2019-01-27,0.79718191,61925598671.30048,1712.5,6058164.198695929,3537.61413062536
2019-01-28,0.77522856,60136493366.521126,1812.5,6226032.681673737,3435.05251402689
2019-01-29,0.76708054,59455924094.6892,1825.0,6197378.368015784,3395.82376329632
2019-01-30,0.77747695,60198389711.43856,1700.0,5844422.972472238,3437.89586616014
2019-01-31,0.77173662,59718838093.35889,1937.5,6607130.0060271835,3410.13161601403
2019-02-01,0.78014383,60337137182.80421,1975.0,6803973.535300989,3445.04989129164
2019-02-02,0.78422167,60639099131.68266,1800.0,6231483.211455288,3461.93511747516
2019-02-03,0.77343528,59788219917.066,1725.0,5887462.288128281,3413.02161630625
2019-02-04,0.77384742,59765870504.42587,1837.5,6268425.379657358,3411.38796171829
2019-02-05,0.77765737,60036309266.96764,1837.5,6296129.458441693,3426.46501139684
2019-02-06,0.76510945,59010177291.22384,2050.0,6903388.048232022,3367.50636499123
2019-02-07,0.76378864,58866207389.19751,2175.0,7305550.077966093,3358.87359906487
2019-02-08,0.8216013,63318160367.38653,2037.5,7360427.224178108,3612.47961922852
2019-02-09,0.82367897,63478991740.72384,1875.0,6789877.726841025,3621.26812098188
2019-02-10,0.8284814,63849176538.515076,1750.0,6373539.128506725,3642.0223591467
2019-02-11,0.81717159,62954510736.379906,1812.5,6507996.001588981,3590.6184836353
2019-02-12,0.81707553,62912631290.85425,1600.0,5740643.945295152,3587.90246580947
2019-02-13,0.81622357,62712261903.432846,1912.5,6839263.275076712,3576.08537258913
2019-02-14,0.81324408,62470064348.19538,1762.5,6277877.625745179,3561.91638340152
2019-02-15,0.81432592,62529926712.27091,1587.5,5659448.491419486,3565.00692372881
2019-02-16,0.81951471,62882694505.14064,1875.0,6721380.004931325,3584.73600263004
2019-02-17,0.82849268,63556858700.69298,1987.5,7200230.390115439,3622.7574289889
2019-02-18,0.88420768,67834010393.17628,1937.5,7490625.358178699,3866.12921712449
2019-02-19,0.89133025,68355801176.12653,1950.0,7596098.661426074,3895.43521098773
2019-02-20,0.89885411,68997040402.63634,1625.0,6388872.472201928,3931.61382904734
2019-02-21,0.89047082,68312229780.10759,1487.5,5789739.418980136,3892.26179427236
2019-02-22,0.90331002,69303748259.26967,2025.0,7995308.533803324,3948.30051052016
2019-02-23,0.94072884,72152027336.08412,1787.5,7346895.1292774705,4110.15112127411
2019-02-24,0.8599356,65909594991.648926,1712.5,6429039.740184827,3754.18378988895
2019-02-25,0.87606044,67107357151.37915,1787.5,6831858.42029514,3822.01869666861
2019-02-26,0.87035678,66661232142.14775,2012.5,7639802.325116883,3796.17506838106
2019-02-27,0.8713884,66724242474.867226,1762.5,6696410.761608701,3799.3819924021
2019-02-28,0.87032071,66618356465.697655,1875.0,7111776.980566913,3792.94772296902
2019-03-01,0.87459349,66936687246.140976,2025.0,7716531.202469316,3810.63269257744
2019-03-02,0.87461492,66925595316.40048,1650.0,6285911.595149043,3809.64339099942
2019-03-03,0.86848471,66453583651.36554,1825.0,6902846.913208659,3782.38187025132
2019-03-04,0.85007558,64980234897.77088,1712.5,6333102.176782578,3698.16185505552
2019-03-05,0.88264283,67481868718.641136,1862.5,7152238.491437761,3840.1280490941
2019-03-06,0.88556451,67696627871.99121,1600.0,6163197.480771488,3851.99842548218
2019-03-07,0.88659022,67772447204.172585,1775.0,6844263.62377265,3855.92316832262
2019-03-08,0.88315552,67486113914.754395,1825.0,7006601.234029798,3839.23355289304
2019-03-09,0.89955742,68743141713.30267,1725.0,6745373.012331974,3910.36116656926
2019-03-10,0.89825462,68636402814.046906,1700.0,6636650.31654003,3903.9119509059
2019-03-11,0.88665284,67722973399.3696,1775.0,6836534.835987733,3851.56892168323
2019-03-12,0.88880804,67859035802.77418,1787.5,6897810.247519727,3858.91482378726
2019-03-13,0.88736975,67743190817.63356,1687.5,6500178.22453974,3851.95746639392
2019-03-14,0.88808394,67782767281.89608,1937.5,7466705.076033755,3853.78326504968
2019-03-15,0.89930632,68636787012.15806,1912.5,7462410.920689651,3901.91420689655
2019-03-16,0.92006352,70190805974.9429,2037.5,8129209.506593366,3989.79607685564
2019-03-17,0.91484274,69799528647.52408,1825.0,7240036.877367034,3967.14349444769
2019-03-18,0.91560369,69847925359.80466,2012.5,7988498.293465084,3969.44014582116
2019-03-19,0.92168535,70326929804.44753,2175.0,8691665.190254243,3996.16790356517
2019-03-20,0.92967286,70941970703.6453,2012.5,8111693.742672416,4030.65527586207
2019-03-21,0.91748018,69991932308.15556,1787.5,7107589.507031711,3976.27385008767
2019-03-22,0.9194745,70133970901.15828,2012.5,8017573.887215084,3983.88764582116
2019-03-23,0.91913227,70104014183.65793,1812.5,7216969.059851704,3981.77603302163
2019-03-24,0.91670464,69915870923.6467,1875.0,7445000.6025350625,3970.6669880187
2019-03-25,0.90273487,68823860548.3261,1850.0,7230241.851578017,3908.23883869082
2019-03-26,0.90526912,68998149814.37549,1675.0,6562253.69852425,3917.76340210403
2019-03-27,0.93039612,70929622723.5621,1862.5,7500302.24705947,4027.00791788428
2019-03-28,0.92674903,70653886033.99002,1825.0,7319960.868169199,4010.93746201052
2019-03-29,0.94438915,72044617181.57042,1837.5,7514384.661064441,4089.46104003507
2019-03-30,0.944965,72094536468.24364,1737.5,7109660.679116011,4091.89103834015
2019-03-31,0.94641855,72144407426.98993,1737.5,7113877.2030903,4094.31781472823
2019-04-01,0.95655086,72928511837.76436,1700.0,7035310.273115143,4138.41780771479
2019-04-02,1.12892016,86424523990.81316,1962.5,9623549.444310352,4903.71946206897
2019-04-03,1.14051964,87429243678.5721,1775.0,8804403.9948758,4960.22760274693
2019-04-04,1.12838804,86574903765.80412,1750.0,8594721.979295742,4911.26970245471
2019-04-05,1.15614507,88734657095.24022,1975.0,9940620.330295155,5033.22548369375
2019-04-06,1.15841744,88939665130.79738,1737.5,8764570.019817363,5044.35684593805
2019-04-07,1.19121228,91501063164.41447,1762.5,9145809.821712447,5189.11195558153
2019-04-08,1.21179209,93173850971.95097,1850.0,9774332.595952667,5283.42302483928
2019-04-09,1.19099798,91633263649.93097,1650.0,8572703.549561663,5195.57790882525
2019-04-10,1.21651316,93691843864.06364,1850.0,9826721.96605494,5311.74160327294
2019-04-11,1.15695368,89096740025.25392,1962.5,9911932.041860761,5050.66600859147
2019-04-12,1.16368455,89674280265.74156,1887.5,9593900.952952944,5082.86143202805
2019-04-13,1.16156591,89540456117.10837,1687.5,8563709.29372443,5074.79069257744
2019-04-14,1.18135304,90995377478.9746,1525.0,7864126.161944768,5156.80404061952
2019-04-15,1.15555322,88994562169.30713,1812.5,9140252.150953384,5042.89773845704
2019-04-16,1.19224124,91881692216.0707,1812.5,9435807.860381352,5205.96295745178
2019-04-17,1.1961381,92250564153.54716,1725.0,9015457.571212737,5226.35221519579
2019-04-18,1.20765693,93180899416.67139,1862.5,9831210.607444467,5278.5023395675
2019-04-19,1.20719787,93393056304.89935,1900.0,10050907.316312095,5289.95121911163
2019-04-20,1.21246475,93825862417.04706,1637.5,8701631.216733634,5313.97326212741
2019-04-21,1.20835451,93514542764.35901,2025.0,10723861.002045587,5295.73382817066
2019-04-22,1.22794551,95078673811.43846,1675.0,9017864.958687901,5383.79997533606
2019-04-23,1.2632969,97931104712.61537,1450.0,8040050.932203393,5544.86271186441
2019-04-24,1.238908,95947917278.7501,2037.5,11067593.886261692,5431.94791963764
2019-04-25,1.17030753,90582486405.83148,1787.5,9165715.786705138,5127.67316738749
2019-04-26,1.17673094,90989528956.62265,1887.5,9720935.797007604,5150.16466066628
2019-04-27,1.18413668,91557451148.37279,1712.5,8873845.79524547,5181.80776364699
2019-04-28,1.17650667,90982423047.7571,2037.5,10490414.341437748,5148.66961542957
2019-04-29,1.17708337,90995226478.38272,2037.5,10490681.005055513,5148.80049327878
2019-04-30,1.20333737,93086646312.97389,1750.0,9216581.854398012,5266.61820251315
2019-05-01,1.21799733,93956247055.4643,2137.5,11361187.265838688,5315.17532904734
2019-05-02,1.23567987,95346643375.08403,2300.0,12404197.565692583,5393.12937638808
2019-05-03,1.2951638,100047725220.71832,1900.0,10751017.737901822,5658.43038836938
2019-05-04,1.32099457,102113257161.60286,1650.0,9528275.507349504,5774.71242869667
2019-05-05,1.30956777,101302705291.91556,1612.5,9236967.119831232,5728.35170222092
2019-05-06,1.29939268,100665077841.2352,1887.5,10743061.806019863,5691.68837405026
2019-05-07,1.32870246,103045294021.27489,1587.5,9248370.017708937,5825.744893045
2019-05-08,1.35126305,104932468929.86987,1900.0,11270421.13045003,5931.8005949737
2019-05-09,1.39928506,108806392500.68918,1875.0,11531513.333942136,6150.14044476914
2019-05-10,1.44472955,112484221628.55664,1562.5,9933536.708704704,6357.46349357101
2019-05-11,1.6543368,129616460917.03905,1625.0,11903259.648012865,7325.08286031561
2019-05-12,1.56569495,122862594419.89809,1975.0,13711680.769672714,6942.62317451783
2019-05-13,1.74753483,138032382814.8289,2087.5,16280215.723904883,7798.90573600234
2019-05-14,1.77133721,140820072137.7831,1900.0,15115559.59646405,7955.5576823495
2019-05-15,1.81667469,145431381731.40323,1862.5,15300822.736517392,8215.2068383986
2019-05-16,1.72799889,139194281165.00555,1825.0,14348280.67426652,7862.07160233782
2019-05-17,1.61073752,129733515296.03603,1887.5,13829562.78705216,7326.92068188194
2019-05-18,1.59950822,128881004230.6199,1912.5,13919151.215027764,7277.98756341321
2019-05-19,1.80201739,145574664069.0613,2037.5,16747725.92844463,8219.74278696669
2019-05-20,1.74723194,141364972111.36505,2012.5,16062043.000156336,7981.13937895967
2019-05-21,1.74497388,141427517230.1168,1912.5,15269033.712992404,7983.80847738165
2019-05-22,1.67542929,135847466322.59747,2087.5,16006745.664739188,7667.90211484512
2019-05-23,1.72268374,139930198596.70416,1975.0,15597505.805033602,7897.4712936879
2019-05-24,1.73899884,141533553660.64325,1912.5,15275329.453075677,7987.10036762127
2019-05-25,1.75307893,142867668845.3807,1750.0,14107785.58126826,8061.59176072472
2019-05-26,1.89396436,154758245306.18896,2062.5,18008770.22148963,8731.52495587376
2019-05-27,1.90714924,156287836455.38348,2087.5,18405042.25369668,8816.78670835769
2019-05-28,1.88105961,154574557917.51135,2050.0,17874207.989085335,8719.12584833431
2019-05-29,1.84071984,153465206972.54276,2175.0,18825687.50084745,8655.48850613676
2019-05-30,1.75787076,146675645809.6508,2000.0,16543243.92635884,8271.62196317942
2019-05-31,1.81476063,151734802083.5124,1462.5,12513474.94638735,8556.222185564
2019-06-01,1.81246057,151725858432.60037,1887.5,16147198.834680004,8554.80732963179
2019-06-02,1.8504971,155101923701.62546,1637.5,14318879.258207928,8744.35374547049
2019-06-03,1.72701182,144986880726.59973,1487.5,12157934.389933515,8173.40127054354
2019-06-04,1.62636908,135715984982.11952,1925.0,14726133.2140415,7649.93933196961
2019-06-05,1.65612566,138367954899.15903,2000.0,15597088.93278784,7798.54446639392
2019-06-06,1.651342,137995871311.0676,1962.5,15261799.902520448,7776.71332612507
2019-06-07,1.70183629,142398874425.05167,1975.0,15847301.433763877,8023.950093045
2019-06-08,1.6835165,140917883639.34723,1550.0,12306697.990064293,7939.80515488019
2019-06-09,1.61842434,135505562736.9976,1837.5,14027595.816967422,7634.06575073057
2019-06-10,1.69111483,141897744724.659,1962.5,15686856.231951335,7993.30253857393
2019-06-11,1.67511723,140654723194.9171,1787.5,14161439.483474568,7922.48362711864
2019-06-12,1.72008481,144649767681.24728,1637.5,13340313.154807135,8146.75612507306
2019-06-13,1.73649236,146192657169.59814,1887.5,15539367.231853448,8232.77734137931
2019-06-14,1.82901577,154472258474.2654,2112.5,18374535.17173072,8698.00481502046
2019-06-15,1.85878621,157198156055.2938,1825.0,16152317.289225604,8850.58481601403
2019-06-16,1.88896018,160213273127.52393,1625.0,14656715.135921966,9019.51700672121
2019-06-17,1.9511578,165931690523.78326,1662.5,15528701.26384424,9340.57218877849
2019-06-18,1.88755922,160737284620.8722,2037.5,18433532.966871705,9047.13274447691
2019-06-19,1.93150882,164984922415.72528,2212.5,20543185.684396543,9285.05567656341
2019-06-20,1.98086596,169651581216.84033,1800.0,17184095.600759786,9546.71977819988
2019-06-21,2.08422475,179207044545.61115,1662.5,16763795.996486682,10083.4863136762
2019-06-22,2.19688103,189921423980.12433,1762.5,18832832.847788498,10685.2952327878
2019-06-23,2.2136737,191885576856.1899,2262.5,24422392.663051605,10794.4276963764
2019-06-24,2.24706654,195639033390.66055,2212.5,24346807.787198167,11004.2069094681
2019-06-25,2.37982686,208497571410.05035,1825.0,21400431.49121128,11726.2638308007
2019-06-26,2.57176389,228743908514.98795,2062.5,26530887.662770215,12863.4606849795
2019-06-27,2.21524309,197579198121.0736,1775.0,19719891.16927825,11109.7978418469
2019-06-28,2.44168454,219806390394.21692,2037.5,25179848.714856133,12358.2079582116
2019-06-29,2.35329242,212471408601.20145,2175.0,25978964.615466025,11944.3515473407
2019-06-30,2.13021037,192893862979.7983,1900.0,20600971.75087663,10842.6167109877
2019-07-01,2.07558255,188054836533.4531,1787.5,18893073.71420952,10569.5517282291
2019-07-02,2.11000412,191572815076.09036,1975.0,21263014.54953173,10766.0833162186
2019-07-03,2.33157806,212701280671.49292,2150.0,25696853.52105209,11952.0248935126
2019-07-04,2.17425127,198932256881.84424,2087.5,23332009.165651273,11177.0103787551
2019-07-05,2.13840364,195779255924.42004,2362.5,25983717.874854703,10998.3991004676
2019-07-06,2.17712562,199539253818.1824,2225.0,24938301.96117035,11208.225600526
2019-07-07,2.22256119,203975542702.9202,1912.5,21909951.142488968,11456.1836039158
2019-07-08,2.37905472,219376353956.16104,2225.0,27411160.89866301,12319.6228758036
2019-07-09,2.41917807,224021230975.77808,1925.0,24214782.16082695,12579.107616014
2019-07-10,2.31328701,215629126479.1789,1612.5,19522187.476764303,12106.7829313267
2019-07-11,2.15704038,201183259641.46625,1612.5,18212668.320707925,11294.678028346
2019-07-12,2.24857787,210445706655.5204,2050.0,24217313.617589053,11813.3237158971
2019-07-13,2.15890911,202155589033.93988,1762.5,19998800.47363024,11346.837148159
2019-07-14,1.95875859,183222223011.25137,1812.5,18638074.867796674,10283.0757891292
2019-07-15,2.07837284,194704461534.61337,1825.0,19940644.000248376,10926.3802741087
2019-07-16,1.80452153,168791758444.18518,2025.0,19179060.25113384,9471.14086475745
2019-07-17,1.84011447,172438862979.07385,1662.5,16084492.091635007,9674.88246113384
2019-07-18,2.02312657,190367634570.6064,1512.5,16153334.66810349,10679.8906896552
2019-07-19,1.9920017,187750651266.9553,1475.0,15534999.025431056,10532.2027291058
2019-07-20,2.0519756,193665325162.4292,2212.5,24033609.912284505,10862.6485479252
2019-07-21,1.99813946,188818886061.12646,1862.5,19723328.33905093,10589.7064907656
2019-07-22,1.94697902,184004626629.3892,1975.0,20379157.82725005,10318.5609251899
2019-07-23,1.86302934,175963591454.6841,1787.5,17636634.98093951,9866.64894038574
2019-07-24,1.84274782,174663348864.6462,1737.5,17014968.34471801,9792.78753652835
2019-07-25,1.86177246,176543962471.5269,1875.0,18557225.22380917,9897.18678603156
2019-07-26,1.84937883,175485365597.111,2075.0,20411145.835381348,9836.69678813559
2019-07-27,1.7764295,168545324729.98972,1900.0,17948676.89894214,9446.67205207481
2019-07-28,1.79184692,170049120676.19733,2187.5,20846412.98235681,9529.78879193454
2019-07-29,1.75506806,169611741059.69104,2100.0,19958733.72350672,9504.15891595558
2019-07-30,1.76975529,171144789262.24023,1775.0,17020668.840685267,9589.10920601987
2019-07-31,1.85482085,179552893039.96872,2137.5,21501121.09060117,10059.0040189947
2019-08-01,1.91516898,185663600899.71167,1775.0,18460544.95052024,10400.3070143776
2019-08-02,1.93668955,187995636118.57104,2112.5,22243979.534946617,10529.6944544126
2019-08-03,1.98633631,193031076581.09784,2162.5,23377536.858379506,10810.4216686148
2019-08-04,2.0166431,196198228092.13153,2087.5,22934337.38950836,10986.5089291058
2019-08-05,2.15209305,210568558007.91812,1787.5,21074667.788424965,11790.0239375804
2019-08-06,2.07763358,204045416188.37363,2012.5,22989787.71602872,11423.4970017534
2019-08-07,2.16935722,213781188501.16107,1912.5,22887410.659289088,11967.2735473407
2019-08-08,2.15713659,213283632611.2499,1775.0,21190366.43429567,11938.2346108708
2019-08-09,2.13982687,211878077389.7985,1837.5,21789701.768457733,11858.3410984804
2019-08-10,2.03923311,201989948339.88333,1887.5,21335791.43557417,11303.7305618936
2019-08-11,2.07768124,206058769073.2262,1912.5,22051498.4008146,11530.195242256
2019-08-12,2.04944243,203477450140.01297,1662.5,18927057.509940743,11384.6962465809
2019-08-13,1.95417056,194247026152.7128,1962.5,21326594.963104878,10867.05475827
2019-08-14,1.8019476,179203376208.94943,1900.0,19046321.22423152,10024.3795917008
2019-08-15,1.85280853,184331110834.93024,1962.5,20233543.519221287,10310.0858696669
2019-08-16,1.86332594,185480750975.00888,1837.5,19060978.99640492,10373.3219028054
2019-08-17,1.83353888,182525936050.27747,1600.0,16331448.89865568,10207.1555616598
2019-08-18,1.85527013,184762356323.27872,1575.0,16271813.212258903,10331.3099760374
2019-08-19,1.95283046,194679955535.78104,2037.5,22177433.165341835,10884.6297744009
2019-08-20,1.92992501,192675218123.96375,1912.5,20600287.92554283,10771.3923793688
2019-08-21,1.80967076,180626030877.0156,1700.0,17164611.38053769,10096.8302238457
2019-08-22,1.81392145,181053252826.25583,1762.5,17835996.850029267,10119.7145248393
2019-08-23,1.85888092,186340852608.8203,1912.5,19917050.730076652,10414.1441725891
2019-08-24,1.81099778,181582680924.55023,2000.0,20294174.3097604,10147.0871548802
2019-08-25,1.8021966,180766007715.36856,1937.5,19569441.25810195,10100.3567783752
2019-08-26,1.8474094,185477896690.726,1712.5,17746026.94640845,10362.6434723553
2019-08-27,1.81156248,182015155352.9793,1687.5,17158873.902166124,10168.221571654
2019-08-28,1.73309226,174096090423.8244,1887.5,18355559.958631642,9724.79997808299
2019-08-29,1.69107373,169774555309.59164,2062.5,19557267.953335036,9482.31173495032
2019-08-30,1.70811556,171501195666.0512,2000.0,19155357.64699006,9577.67882349503
2019-08-31,1.71310224,172010786445.15015,2075.0,19930425.757459093,9605.02446142607
2019-09-01,1.7403943,174856193400.15393,1787.5,17451249.095452584,9762.93655689655
2019-09-02,1.84745992,185879583769.6674,1862.5,19327792.74126237,10377.3383845704
2019-09-03,1.88765943,190226097714.498,2050.0,21768502.086981226,10618.7815058445
2019-09-04,1.87870879,189499919032.4481,1700.0,17981309.84267675,10577.2410839275
2019-09-05,1.8773914,189574477943.65216,2062.5,21821630.94290623,10580.1846995909
2019-09-06,1.81873604,185127327372.95367,1975.0,20403428.219139356,10330.8497312098
2019-09-07,1.84632204,188079718442.25552,1875.0,19677200.559249,10494.5069649328
2019-09-08,1.83013043,186539229374.468,2212.5,23026075.26698268,10407.2656573933
2019-09-09,1.81652807,185217353459.46936,1825.0,18856747.60743712,10332.4644424313
2019-09-10,1.77328813,180821372958.31525,2275.0,22945540.62781276,10085.9519243133
2019-09-11,1.77786135,181852186603.98663,2300.0,23326940.53886043,10142.1480603741
2019-09-12,1.82231036,186556352212.0695,1975.0,20546635.94228517,10403.3599707773
2019-09-13,1.81108514,185535294724.80197,1875.0,19397510.15049675,10345.3387469316
2019-09-14,1.813611,185880236553.63385,1937.5,20079189.98661593,10363.4528963179
2019-09-15,1.80307986,184871734710.72015,1837.5,18937586.76393184,10306.1696674459
2019-09-16,1.79436332,184025389806.38568,2037.5,20900313.876643863,10257.822761543
2019-09-17,1.78283665,182928175635.3786,1850.0,18861880.68518411,10195.6111811806
2019-09-18,1.77473473,182335008771.54584,2175.0,22100868.53453397,10161.3188664524
2019-09-19,1.79282081,184275340089.0727,1850.0,18996526.36395377,10268.3926291642
2019-09-20,1.77523927,182531039220.8065,1887.5,19196111.156697076,10170.1251161309
2019-09-21,1.74318445,179254415005.12704,2075.0,20721792.674357086,9986.4061081239
2019-09-22,1.7535283,180363155234.7097,2075.0,20847552.960352138,10047.0134748685
2019-09-23,1.69241697,174017098072.72244,1425.0,13812155.993293395,9692.74104792519
2019-09-24,1.5076985,154661092904.12317,1962.5,16904329.82520019,8613.67124850965
2019-09-25,1.47778949,151274745517.82642,1950.0,16427107.41049094,8424.15764640561
2019-09-26,1.42454001,145321930429.69052,2137.5,17295998.702125948,8091.69529924021
2019-09-27,1.44132571,147043095582.4701,1650.0,13508186.404804211,8186.77963927528
2019-09-28,1.44491153,147332393618.44443,1987.5,16301433.289216828,8201.97901344243
2019-09-29,1.42120643,144876708488.21005,1700.0,13709663.706014024,8064.50806236119
2019-09-30,1.45994759,148803916514.7677,1625.0,13458843.86294565,8282.3654541204
2019-10-01,1.46687818,149397042721.8758,1787.5,14862260.60984438,8314.55139012273
2019-10-02,1.47560342,150274613052.58777,1850.0,15470681.854792519,8362.53073232028
2019-10-03,1.45721375,148345592160.90897,1837.5,15167349.585151223,8254.33991028638
2019-10-04,1.44209083,146767326338.79993,1837.5,15004448.302933965,8165.68615125658
2019-10-05,1.43793767,146351095556.08783,1975.0,16079726.584741391,8141.63371379311
2019-10-06,1.38789488,141206285787.88336,1862.5,14629210.776665697,7854.60981297487
2019-10-07,1.45350223,147899313786.38907,1937.5,15937920.39423217,8226.02342928112
2019-10-08,1.44711351,147270287407.1788,2025.0,16584983.119514901,8190.1151207481
2019-10-09,1.5187746,154625456579.23492,1725.0,14832122.563290471,8598.3319207481
2019-10-10,1.51523934,154278819679.684,2025.0,17370633.01810344,8578.09037931034
2019-10-11,1.4650268,149110991493.22113,1950.0,16165215.356414376,8289.85402893045
2019-10-12,1.47085893,149734524822.10382,1662.5,13838234.614512715,8323.7501440678
2019-10-13,1.46532541,149164613949.68323,1775.0,14716969.90629164,8291.25065143191
2019-10-14,1.46837588,150170300737.75723,1687.5,14084496.736740207,8346.36843658679
2019-10-15,1.43701211,146845534512.75482,1912.5,15607362.90014684,8160.71262752776
2019-10-16,1.41022441,144037329738.8034,1787.5,14306892.462620543,8003.85592314436
2019-10-17,1.42275851,145287592860.18317,1875.0,15135917.591795737,8072.48938229106
2019-10-18,1.40337963,143266919855.44705,2000.0,15918663.98714202,7959.33199357101
2019-10-19,1.40147566,143085646028.75168,1775.0,14108547.2735827,7948.47733722969
2019-10-20,1.4480022,147875242280.4089,1825.0,14990018.996677386,8213.70903927528
2019-10-21,1.44819078,147854575170.57556,1987.5,16320663.43549094,8211.65455873758
2019-10-22,1.41660892,144586456293.4322,2112.5,16961696.350211874,8029.20537288136
2019-10-23,1.31849373,134316744655.84584,2100.0,15661875.299298668,7458.03585680889
2019-10-24,1.32043974,134263137184.01082,1662.5,12392892.017199012,7454.37113816482
2019-10-25,1.53033296,155932804286.95422,1725.0,14932730.181285808,8656.65517755699
2019-10-26,1.63052996,166630581069.47726,1750.0,16186881.831677392,9249.64676095851
2019-10-27,1.68313273,172202055438.67203,1437.5,13739849.31326344,9558.15604400935
2019-10-28,1.63844571,167912181263.83615,1675.0,15609623.387299828,9319.17814167154
2019-10-29,1.65571824,169946389584.88412,1662.5,15679381.843490647,9431.20712390415
2019-10-30,1.61181743,165486571120.74417,1675.0,15381282.234154005,9182.85506516657
2019-10-31,1.60646394,165004691372.6371,1650.0,15106207.542974873,9155.27729877265
2019-11-01,1.62077063,166751798016.3744,1625.0,15033494.601862945,9251.38129345412
2019-11-02,1.62876338,167647144918.66403,1675.0,15577819.652849216,9300.19083752192
2019-11-03,1.61294847,166030720096.80835,1725.0,15886626.750745175,9209.63869608416
2019-11-04,1.64848919,169809075765.17932,1650.0,15540294.21553186,9418.36013062537
2019-11-05,1.63757092,168246968452.96805,1800.0,16795417.001344237,9330.78722296902
2019-11-06,1.64148312,168697792662.7137,1650.0,15435640.080780247,9354.93338229106
2019-11-07,1.61571232,166113240511.8508,1687.5,15543137.62527396,9210.74822238457
2019-11-08,1.54350145,158563288531.54916,1600.0,14066134.295920512,8791.33393495032
2019-11-09,1.54712396,158929965624.4699,1800.0,15859412.211513745,8810.78456195208
2019-11-10,1.58742033,163135487790.4442,2075.0,18763998.25064583,9042.89072320281
2019-11-11,1.52978275,157204392968.14203,1887.5,16446179.967069698,8713.20792957335
2019-11-12,1.5426696,158585915731.34253,1687.5,14831366.866240513,8788.95814295734
2019-11-13,1.5361222,158199619871.92133,1687.5,14793855.91398306,8766.72943050848
2019-11-14,1.51523438,156029084690.90356,2112.5,18263483.13515488,8645.43580362361
2019-11-15,1.48420069,152805221239.1656,1975.0,16720108.829875803,8465.87788854471
2019-11-16,1.48640991,153034112554.8939,1850.0,15683726.949254815,8477.69024284044
2019-11-17,1.4912036,153546374435.2849,1925.0,16372435.354777906,8505.16122326125
2019-11-18,1.43585132,147754246709.6443,1750.0,14321183.47362654,8183.53341350088
2019-11-19,1.42462588,146564658339.2131,1837.5,14914657.985882526,8116.82067258913
2019-11-20,1.41836156,145851914668.3435,1775.0,14335884.52164523,8076.55466008182
2019-11-21,1.33896278,137480717894.71863,1712.5,13036025.198232025,7612.2774880187
2019-11-22,1.28344958,131446951419.7561,1650.0,12007915.050832847,7277.52427323203
2019-11-23,1.29339001,132317341014.17212,2162.5,15839958.236115586,7324.83617855056
2019-11-24,1.22636138,125438020111.1906,1637.5,11369785.824280385,6943.38065604909
2019-11-25,1.26222308,128984010381.1333,1562.5,11154757.321833,7139.04468597312
2019-11-26,1.26841696,129471791489.54346,1525.0,10927292.538668903,7165.43773027469
2019-11-27,1.33297166,136015452003.775,1737.5,13077925.88123832,7526.86381654004
2019-11-28,1.31736129,134394712380.75812,2037.5,15151535.377727196,7436.3363817066
2019-11-29,1.37249236,140035753824.32825,1700.0,13171154.671537122,7747.73804208066
2019-11-30,1.33947241,136585605232.84554,1575.0,11901005.11091468,7556.19372121567
2019-12-01,1.31531292,134095575599.21852,1737.5,12888301.020459523,7417.72720601987
2019-12-02,1.29871273,132311649481.68288,1812.5,13264441.445762716,7318.31252180012
2019-12-03,1.29767248,132111542796.43443,1975.0,14430231.310794853,7306.44623331385
2019-12-04,1.28246605,130473486507.8814,2087.5,15061354.969827594,7215.02034482759
2019-12-05,1.31656246,133905907021.29042,1812.5,13419907.315889832,7404.0867949737
2019-12-06,1.34019312,136272863879.84612,1812.5,13655752.645127112,7534.2083559322
2019-12-07,1.33632666,135886841741.42656,1937.5,14554618.967595702,7512.06140263004
2019-12-08,1.33937263,136206094715.73811,1850.0,13928539.498451198,7528.94026943308
2019-12-09,1.30638835,132805669774.6542,1850.0,13579420.799313262,7340.22745908825
2019-12-10,1.28784015,130862566069.28896,1850.0,13379369.799941553,7232.09178375219
2019-12-11,1.28292787,130302159494.60497,1650.0,11880766.335894208,7200.46444599649
2019-12-12,1.28218893,130176306232.1156,1662.5,11958111.502823638,7192.84902425482
2019-12-13,1.29164777,131132158335.25366,1900.0,13765317.068088844,7244.90372004676
2019-12-14,1.26106197,127999800420.60497,1887.5,13346714.632937608,7071.10709029807
2019-12-15,1.26826677,128738145823.27988,1550.0,11022494.338436589,7111.28666995909
2019-12-16,1.22841184,124607959806.08746,1962.5,13506701.748324076,6882.39579532437
2019-12-17,1.18120445,119669002105.71834,1762.5,11648295.489461565,6608.96197983635
2019-12-18,1.30300236,131915496849.08092,1675.0,12201747.685089128,7284.6254836353
2019-12-19,1.27839546,129422222016.77724,1962.5,14024353.988866163,7146.16763763881
2019-12-20,1.28507153,130125371827.7286,1950.0,14009227.385523085,7184.21917206312
2019-12-21,1.27731542,129345551109.71738,2200.0,15708655.62481589,7140.29801127995
2019-12-22,1.33772206,135504182500.0066,2112.5,15800237.586667879,7479.40240789012
2019-12-23,1.30974111,132661061513.20563,1787.5,13087625.843874188,7321.7487238457
2019-12-24,1.29430833,131111985464.01056,1562.5,11305670.443454124,7235.62908381064
2019-12-25,1.28852354,130317953564.1928,1600.0,11505878.665108128,7191.17416569258
2019-12-26,1.28945009,130395775601.22533,2087.5,15018810.49551066,7194.63975832846
2019-12-27,1.29743017,131179357399.31564,1812.5,13117335.18569915,7237.15044728229
2019-12-28,1.30991222,132452581795.07286,1862.5,13608623.161707334,7306.64330829924
2019-12-29,1.32663778,134006582388.63812,1937.5,14321183.385195062,7391.578521391
2019-12-30,1.29751611,131081294265.51051,2075.0,15000998.983834015,7229.3971006429
2019-12-31,1.28681852,129970082372.677,1812.5,12990903.536546618,7167.39505464641
2020-01-01,1.28743526,130044373322.33379,2175.0,15596124.31461864,7170.63186879018
2020-01-02,1.24755453,125997729470.88753,1762.5,12243779.536860747,6946.82526914085
2020-01-03,1.31328518,132696546617.9412,2112.5,15453591.023666704,7315.3093603156
2020-01-04,1.31850725,133217241900.65343,2100.0,15420644.808217425,7343.16419438925
2020-01-05,1.31891454,133275140628.50085,2037.5,14966518.78457846,7345.53069181765
2020-01-06,1.39343235,140913446583.57416,1687.5,13104783.677235544,7765.7977346581
2020-01-07,1.45871525,147650387097.9029,2200.0,17899391.052191705,8136.08684190532
2020-01-08,1.44434936,146278447249.1157,1775.0,14305966.663747815,8059.69952887201
2020-01-09,1.40023893,141891415486.24527,1962.5,15341129.582944917,7817.13609322034
2020-01-10,1.45520178,147582148237.8166,1862.5,15141785.875869382,8129.81791992987
2020-01-11,1.43755242,145822905688.42953,2037.5,16365211.196128003,8032.00549503215
2020-01-12,1.46084233,148244692101.63885,1887.5,15410588.112093069,8164.54999316189
2020-01-13,1.45276596,147485275164.18643,1787.5,14517942.13087302,8121.92566762127
2020-01-14,1.57463765,160362182649.78302,1812.5,16004679.27065678,8830.16787346581
2020-01-15,1.56868373,160038851605.64972,1887.5,16631608.48224357,8811.44820251315
2020-01-16,1.55078627,158371394895.9236,1987.5,17328390.40855056,8718.68699801286
2020-01-17,1.58368313,161910403912.36755,1987.5,17713677.03449737,8912.54190414962
2020-01-18,1.58583813,162209239871.51685,1650.0,14731498.248348916,8928.1807565751
2020-01-19,1.54314165,157850148001.62515,1875.0,16288790.318709824,8687.35483664524
2020-01-20,1.53413892,156938136300.68027,1900.0,16408891.69379311,8636.2587862069
2020-01-21,1.5503965,158674065182.0027,1912.5,16697784.208880031,8730.86756019871
2020-01-22,1.53544323,157183091622.76913,1950.0,16863405.92428405,8647.90047399182
2020-01-23,1.48547764,152082924891.57297,1987.5,16628189.420262273,8366.38461396844
2020-01-24,1.49494018,153135182382.82776,1900.0,16004442.820490949,8423.39095815313
2020-01-25,1.4807681,151723062490.33075,2050.0,17106787.866379317,8344.77456896552
2020-01-26,1.52095733,155903844151.0003,1787.5,15325801.22213326,8573.87480958504
2020-01-27,1.5779271,161883952905.72916,1612.5,14354409.346841024,8901.95928486265
2020-01-28,1.64585254,169091413723.46133,1775.0,16502864.263829635,9297.3883176505
2020-01-29,1.64528656,169374825966.0464,2000.0,18623895.08708358,9311.94754354179
2020-01-30,1.67702648,172976113948.88013,1950.0,18542395.88161894,9508.92096493279
2020-01-31,1.64732688,170234553906.81723,1800.0,16843112.60833431,9357.28478240795
2020-02-01,1.650978,170699826042.5783,1887.5,17708309.87905464,9381.88602863822
2020-02-02,1.64356756,169943267782.81882,1787.5,16694154.375328751,9339.38706312098
2020-02-03,1.6319591,168876392941.6707,1850.0,17167653.16295149,9279.81252051432
2020-02-04,1.61069803,166740743006.20743,1650.0,15116684.87623904,9161.62719772063
2020-02-05,1.69086813,175250308848.13208,1987.5,19135921.842025865,9628.13677586207
2020-02-06,1.70571675,177289768826.43756,1687.5,16435035.736542957,9739.2804364699
2020-02-07,1.7097118,178417196310.33414,1737.5,17027985.457195345,9800.27939982466
2020-02-08,1.72664271,180455462436.1386,1737.5,17220872.297123022,9911.29340841613
2020-02-09,1.76640757,184840742312.64767,1912.5,19413946.62514176,10151.0832026885
2020-02-10,1.71346985,179780570081.514,1525.0,15055351.856411451,9872.36187305669
2020-02-11,1.7792319,187081233587.23752,1850.0,19003611.72836653,10272.2225558738
2020-02-12,1.79208365,188700718413.703,1775.0,18389240.020666316,10360.1352229106
2020-02-13,1.76851563,186448589139.1426,1762.5,18040064.03111493,10235.4973226184
2020-02-14,1.7883096,188763431392.39105,1687.5,17485226.477180775,10361.6156901812
2020-02-15,1.71075719,180585098507.11847,1775.0,17593310.680428106,9911.72432700175
2020-02-16,1.71695434,181337408895.616,1775.0,17664882.73554062,9952.04661157218
2020-02-17,1.67061779,176455532970.7746,1962.5,19003043.769367334,9683.0796277031
2020-02-18,1.75425426,185808950969.89783,1875.0,19116194.607137624,10195.3037904734
2020-02-19,1.65794069,175632690004.13687,1762.5,16983454.051380776,9636.00229865576
2020-02-20,1.65435215,175247351456.81827,1575.0,15142097.442847757,9614.03012244302
2020-02-21,1.66881312,176865876880.39227,1925.0,18675960.192675345,9701.79750268849
2020-02-22,1.66379813,176399792167.0473,1850.0,17899210.75650206,9675.24905756868
2020-02-23,1.71384131,181843236236.80328,1775.0,17701795.30097749,9972.84242308591
2020-02-24,1.65765413,175937259068.28143,1762.5,17004613.893980123,9648.00788310929
2020-02-25,1.60369037,170415547339.4431,1800.0,16819716.852168318,9344.28714009351
2020-02-26,1.51151916,160483857843.0548,1700.0,14958111.212565752,8798.88894856809
2020-02-27,1.50901158,160137770415.14587,1837.5,16131466.672958065,8779.02948188194
2020-02-28,1.50435395,159636352746.77155,1975.0,17282422.055843066,8750.59344599649
2020-02-29,1.47581569,156577275161.4932,1737.5,14911381.89564071,8582.09029964933
2020-03-01,1.46928146,155860614930.0949,2212.5,18898674.740301736,8541.77389392169
2020-03-02,1.53109223,162527106819.9153,1862.5,16587824.983903416,8906.21475645821
2020-03-03,1.50704354,160036426101.82803,1912.5,16770350.299661744,8768.81061420222
2020-03-04,1.50859699,159827648015.21225,2087.5,18278921.481925767,8756.36957218001
2020-03-05,1.56090164,165435942800.14697,2037.5,18465079.698096868,9062.61580274693
2020-03-06,1.57478419,166995631895.5666,1937.5,17722477.30175701,9147.08505897136
2020-03-07,1.53210003,162471226444.75668,1962.5,17462927.402622737,8898.30695675044
2020-03-08,1.39731984,148086770498.23337,1975.0,16016488.71876242,8109.61454114553
2020-03-09,1.36296685,144207873678.32483,1875.0,14805722.474758912,7896.38531987142
2020-03-10,1.3667676,144468246215.19913,1650.0,13051380.994497368,7909.92787545295
2020-03-11,1.37532279,145017268327.98505,1487.5,11809770.235477796,7939.34133477499
2020-03-12,0.87746909,90594467680.79959,1887.5,9360704.069637645,4959.31341437756
2020-03-13,1.00230839,102812902144.09328,1562.5,8793269.356827155,5627.69238836938
2020-03-14,0.91943052,94005928118.49551,1600.0,8232276.010286384,5145.17250642899
2020-03-15,0.9586443,97913564614.60318,1487.5,7970933.3617402045,5358.61066335476
2020-03-16,0.9005596,91604630050.69981,1487.5,7456729.489330067,5012.92738778492
2020-03-17,0.97465625,98992369512.90936,1537.5,8328260.367694331,5416.7547106955
2020-03-18,0.97098752,98555627712.75357,1250.0,6740609.794929863,5392.48783594389
2020-03-19,1.11612479,113387305928.47572,1337.5,8297250.307915693,6203.5516320865
2020-03-20,1.11275432,112858311337.38544,1362.5,8412278.66110097,6174.14947603741
2020-03-21,1.11317824,112898621139.26904,1550.0,9572538.084424322,6175.83102220924
2020-03-22,1.05120625,106596093106.52202,1587.5,9256015.555119082,5830.56097960257
2020-03-23,1.16908967,118595581239.08948,1400.0,9080972.120268846,6486.40865733489
2020-03-24,1.21902362,123884332494.96886,1650.0,11178845.071244879,6775.05761893629
2020-03-25,1.20405859,122336150605.96745,1150.0,7693464.364786677,6689.96901285798
2020-03-26,1.21539093,123528980419.07896,2000.0,13508920.67212156,6754.46033606078
2020-03-27,1.168733,118719519155.59431,1937.5,12575916.11660214,6490.79541502046
2020-03-28,1.12273873,113993258453.11453,1687.5,10516196.064779377,6231.81989023963
2020-03-29,1.06488351,108023566970.573,1887.5,11145418.695068672,5904.85758679135
2020-03-30,1.16111925,117768692186.59364,1837.5,11827814.224072188,6436.90570017534
2020-03-31,1.16086021,117698734312.41174,1987.5,12784361.69375146,6432.3832421391
2020-04-01,1.20232747,121567284407.78577,1912.5,12704947.891654737,6643.11000870836
2020-04-02,1.2293196,124318508345.339,1912.5,12991119.4997516,6792.74222209234
2020-04-03,1.22207588,123582214925.00829,1650.0,11140639.210441256,6751.90255178258
2020-04-04,1.24154011,125574021300.844,1962.5,13462728.743521333,6859.98916867329
2020-04-05,1.22896481,124322577425.2926,2187.5,14854902.28391658,6790.81247264758
2020-04-06,1.31870276,133622754419.986,1600.0,11677077.992285216,7298.17374517826
2020-04-07,1.29919781,131613224221.5547,2100.0,15093946.006955003,7187.59333664524
2020-04-08,1.33180003,135006761796.008,1800.0,13269950.575195787,7372.19476399766
2020-04-09,1.3184332,133691006813.91692,1925.0,14051689.936710984,7299.57918790181
2020-04-10,1.24393645,125650890516.87971,2037.5,13976888.699806403,6859.82267475161
2020-04-11,1.24828502,126092446156.63509,1987.5,13680324.680057343,6883.18222895967
2020-04-12,1.26554137,127854957413.5737,1912.5,13346699.27315312,6978.66628661601
2020-04-13,1.24500204,125761070198.93243,2137.5,14670892.702208502,6863.57553319696
2020-04-14,1.24727346,125994705942.76488,2100.0,14438630.857241388,6875.53850344828
2020-04-15,1.20252464,121426285928.7838,2112.5,13996317.574903566,6625.47577510228
2020-04-16,1.29329091,130646051882.06584,1925.0,13721000.143297775,7127.79228223261
2020-04-17,1.28483033,129806876584.3978,1587.5,11241714.877494875,7081.39519842197
2020-04-18,1.31739282,133146355855.414,1975.0,14344014.878610454,7262.79234360023
2020-04-19,1.29699559,131096633928.62564,1900.0,13585464.00937172,7150.2442154588
2020-04-20,1.24397211,125665595004.13223,2012.5,13792212.747258171,6853.27341478667
2020-04-21,1.2473842,125992868717.38625,1862.5,12796164.138746353,6870.42369865576
2020-04-22,1.29301523,130648436527.64308,1637.5,11664988.206385162,7123.65691992987
2020-04-23,1.35798226,137354908752.06412,1775.0,13292274.16837814,7488.60516528346
2020-04-24,1.3603772,137695605129.5817,1800.0,13511597.969666863,7506.44331648159
2020-04-25,1.36573263,138282481992.70456,1700.0,12814154.955499716,7537.73820911748
2020-04-26,1.39182404,140980122465.1078,1712.5,13158967.343382513,7684.06852168322
2020-04-27,1.40592618,142707868307.3903,1762.5,13707828.801507156,7777.49151858562
2020-04-28,1.40416612,142583524348.09668,1925.0,14957056.919462292,7769.89969842197
2020-04-29,1.57124906,160802206508.21957,1812.5,15880829.86980932,8761.83716954997
2020-04-30,1.54783671,158808556147.54883,1687.5,14600943.547706025,8652.4109912332
2020-05-01,1.58149669,162552358585.9274,1762.5,15607880.89270091,8855.53525827002
2020-05-02,1.60183196,164803746448.9257,1850.0,16607971.154947395,8977.28170537697
2020-05-03,1.58639791,163344877181.00287,2100.0,18683270.84063706,8896.7956383986
2020-05-04,1.58241067,163089932635.14145,1975.0,17541859.751388073,8881.95430450029
2020-05-05,1.59959352,165015950017.1822,1975.0,17747112.208730273,8985.8795993571
2020-05-06,1.64574813,170192827716.01007,1925.0,17838615.165634148,9266.8130730567
2020-05-07,1.76246608,183562058560.50375,1837.5,18363521.46247224,9993.75317685564
2020-05-08,1.73504927,181109783310.85468,1712.5,16884091.67290692,9859.32360461718
2020-05-09,1.68527866,175946177530.54236,1700.0,16281476.168053769,9577.33892238457
2020-05-10,1.53444392,160123200654.1847,2125.0,18519445.748093225,8715.03329322034
2020-05-11,1.51427708,157871609470.3379,1781.25,15303881.700224657,8591.65288433665
2020-05-12,1.55398556,162025014405.08948,912.5,8045741.246523961,8817.25068112215
2020-05-13,1.64026769,171325501477.10483,743.75,6933979.169021408,9322.99720204559
2020-05-14,1.72149026,180121529585.91864,712.5,6983404.51000511,9801.26948772647
2020-05-15,1.63770129,171410710236.33826,781.25,7286621.764775719,9326.87585891292
2020-05-16,1.64923495,172678841534.62964,787.5,7398936.869077293,9395.4753893045
2020-05-17,1.69855053,177960818089.3417,637.5,6172614.456752633,9682.5324811806
2020-05-18,1.7030904,178783137073.02304,800.0,7781480.01767388,9726.85002209235
2020-05-19,1.70545218,179292877588.7186,718.75,7010832.300820061,9754.20146201052
2020-05-20,1.66337697,174915846484.68948,718.75,6839411.208001532,9515.702550263
2020-05-21,1.58611169,166708415917.14926,818.75,7425081.006521774,9068.80122933957
2020-05-22,1.60231403,168424610263.70425,693.75,6356009.179766953,9161.81503389831
2020-05-23,1.60568496,168833062758.505,743.75,6830348.705523081,9183.66212507305
2020-05-24,1.54008682,161900721760.6346,725.0,6384517.226440681,8806.23065715956
2020-05-25,1.55903037,163800615663.85913,781.25,6960306.704321304,8909.19258153127
2020-05-26,1.54624899,162445913210.84167,775.0,6847231.371354473,8835.13725336061
2020-05-27,1.60359036,168593394454.69797,862.5,7908312.041324515,9169.05743921683
2020-05-28,1.67222784,175941484285.8252,818.75,7834014.392151888,9568.26185300994
2020-05-29,1.64770853,173450984634.78247,793.75,7486978.08341065,9432.41333343074
2020-05-30,1.69215433,178228052044.65002,975.0,9449388.47889538,9691.68049117475
2020-05-31,1.64704955,173497171389.7032,937.5,8844322.356224429,9433.94384663939
2020-06-01,1.77456298,187578142707.6148,837.5,8541775.607923737,10199.1350542373
2020-06-02,1.65555855,174954690421.54977,806.25,7669329.392248689,9512.34653302163
2020-06-03,1.67699652,177352731439.34332,868.75,8376725.016554643,9642.27340035067
2020-06-04,1.70498933,180508843644.39648,943.75,9261359.140933665,9813.36067913501
2020-06-05,1.67491159,177365595706.9578,1118.75,10786866.252738887,9641.8916225599
2020-06-06,1.67895972,177870046318.47617,1225.0,11844121.409753064,9668.67053857393
2020-06-07,1.69210512,179331395772.25357,993.75,9686657.73535213,9747.58011104617
2020-06-08,1.6929366,179741658882.79865,1012.5,9891459.141003065,9769.34236148451
2020-06-09,1.69357425,179936892008.73267,1000.0,9779422.16566335,9779.42216566335
2020-06-10,1.71128591,181952982732.76923,1025.0,10135655.279060489,9888.44417469316
2020-06-11,1.60651966,170721091857.55527,1156.25,10727052.914521843,9277.45116931619
2020-06-12,1.63695561,174019304039.34656,1018.75,9633464.562063485,9456.16153331385
2020-06-13,1.63756141,174123830972.77356,987.5,9343067.126172565,9461.33379865576
2020-06-14,1.61687359,171955158128.0987,1062.5,9926890.362507312,9342.955635301
2020-06-15,1.63326898,173774840415.629,862.5,8143193.019728957,9441.38321127995
2020-06-16,1.64602728,175232451346.34097,937.5,8925086.201508617,9520.09194827586
2020-06-17,1.63347313,173926399830.38492,862.5,8149498.196024253,9448.69356060783
2020-06-18,1.61930293,172853049353.45227,768.75,7218555.401665326,9389.99076639392
2020-06-19,1.601515,170946908488.14093,893.75,8299354.977247226,9285.99158293396
2020-06-20,1.61343538,172267506962.98328,856.25,8012181.672698344,9357.29246446522
2020-06-21,1.6005863,170940831096.1998,912.5,8472352.051794272,9284.76937182934
2020-06-22,1.66795041,178311094487.316,893.75,8655629.290116522,9684.62018474576
2020-06-23,1.65453862,176978474354.71844,987.5,9491579.423268557,9611.72599824664
2020-06-24,1.60043802,171116880435.0637,868.75,8073244.70345193,9292.94354354179
2020-06-25,1.59283584,170281277784.0368,881.25,8149025.762386755,9247.12143249561
2020-06-26,1.57369557,168676013923.73868,1025.0,9388423.716364698,9159.43777206312
2020-06-27,1.5467905,165787526267.54556,862.5,7764367.844820277,9002.16561718293
2020-06-28,1.56486434,167746363406.58917,937.5,8538811.569915254,9108.06567457627
2020-06-29,1.57752462,169157750925.37515,906.25,8323224.175688558,9184.24736627703
2020-06-30,1.56990039,168424268927.21072,918.75,8401020.218995282,9143.96758530099
2020-07-01,1.5861884,170227137442.6157,1012.5,9356856.35754529,9241.33961239041
2020-07-02,1.56106575,167529570926.75983,1025.0,9321746.968961133,9094.38728679135
2020-07-03,1.5561961,167028603057.3506,1018.75,9236691.14717161,9066.69069661017
2020-07-04,1.56620843,168134212097.31125,981.25,8955102.93828353,9126.21955493863
2020-07-05,1.55815127,167284838602.93985,1018.75,9249856.780928003,9079.61401808884
2020-07-06,1.60183713,172071754943.9324,962.5,8988732.244005697,9338.94259117475
2020-07-07,1.58667765,170482056186.43045,1006.25,9309984.724691337,9252.15873261251
2020-07-08,1.61561301,173852067499.54385,943.75,8903873.508907435,9434.56795645821
2020-07-09,1.58050888,170119612182.24487,1025.0,9462289.90620397,9231.50234751607
2020-07-10,1.58940706,171118891700.69153,1006.25,9343253.646776004,9285.22101542957
2020-07-11,1.58104284,170242376319.11676,975.0,9006241.73297779,9237.17100818235
2020-07-12,1.58969582,171208222386.19006,950.0,8824643.078068376,9289.09797691408
2020-07-13,1.58057885,170249528195.09436,918.75,8486146.922948936,9236.62250116891
2020-07-14,1.58381858,170695336818.95126,900.0,8334321.28816482,9260.3569868498
2020-07-15,1.57234112,169530356543.2783,862.5,7932175.794612798,9196.72555897136
2020-07-16,1.56130786,168355901495.54816,850.0,7762703.465283453,9132.59231209818
2020-07-17,1.56536628,168802806794.04153,737.5,6752895.673448273,9156.46870976037
2020-07-18,1.56854068,169168582934.48605,812.5,7455423.0632305695,9175.90530859147
2020-07-19,1.57544863,169967724887.16434,818.75,7547927.1419776445,9218.84231081239
2020-07-20,1.56656719,169023500679.14856,881.25,8078586.687613243,9167.19056750439
2020-07-21,1.6036542,173112681691.1186,781.25,7334823.710777686,9388.57434979544
2020-07-22,1.62670582,175752143889.948,900.0,8578131.68714202,9531.2574301578
2020-07-23,1.6387837,177196924217.30652,850.0,8167791.7080654595,9609.16671537113
2020-07-24,1.62771038,176080450187.27267,1006.25,9607776.356604327,9548.1007270602
2020-07-25,1.6530963,178935530196.2443,887.5,8610926.851545151,9702.45279047341
2020-07-26,1.69125357,183213878780.3678,987.5,9809732.722309325,9933.90655423729
2020-07-27,1.87222939,203744198144.59204,931.25,10287060.88186075,11046.5083295149
2020-07-28,1.84950049,201874736728.9706,906.25,9918555.512129214,10944.6129789012
2020-07-29,1.87484925,205042054834.9217,925.0,10282088.43584889,11115.7712819988
2020-07-30,1.87475515,205413351537.4421,843.75,9395485.925217329,11135.3907261835
2020-07-31,1.90517626,209165345431.38367,956.25,10842151.207135124,11338.1973407949
2020-08-01,1.97908671,217650107985.90485,856.25,10101679.695844907,11797.5821265342
2020-08-02,1.8599879,204680087352.3437,881.25,9776605.727891412,11094.0206841321
2020-08-03,1.87772343,207312688746.43088,1012.5,11376546.87654442,11236.0956805377
2020-08-04,1.87038652,206705783553.83923,906.25,10152403.292584717,11202.651909059
2020-08-05,1.95126913,216287626623.5641,806.25,9450409.767723951,11721.4384715956
2020-08-06,1.95155359,217182425567.12643,975.0,11475076.380420802,11769.3091081239
2020-08-07,1.91764781,214050110955.4352,950.0,11019020.60557861,11598.9690585038
2020-08-08,1.93742923,216718673196.2909,887.5,10421920.16357031,11743.0086350088
2020-08-09,1.92470744,215576777624.0283,975.0,11388504.432006096,11680.5173661601
2020-08-10,1.95320633,219090872112.69235,856.25,10164003.922658537,11870.3695447107
2020-08-11,1.87194792,210284480461.0364,962.5,10965419.935111756,11392.6440884278
2020-08-12,1.89982911,213671208433.45825,981.25,11358471.614817731,11575.5124736996
2020-08-13,1.92924287,217335699187.2392,918.75,10816855.456158346,11773.4481155465
2020-08-14,1.9265623,217365712666.77783,1043.75,12289538.612920104,11774.4082518995
2020-08-15,1.93989709,219084951477.17447,975.0,11570237.60227647,11866.9103613092
2020-08-16,1.94366153,219700556192.07544,950.0,11304660.61591468,11899.6427535944
2020-08-17,2.00437877,227392906120.48355,781.25,9621689.388013203,12315.7624166569
2020-08-18,1.95013602,221438441189.4593,875.0,10493608.996727062,11992.6959962595
2020-08-19,1.90751141,216724493356.56393,862.5,10123032.318151692,11736.8490645237
2020-08-20,1.92666487,219148207449.6477,912.5,10829112.313855195,11867.5203439509
2020-08-21,1.86965642,212828757688.5696,968.75,11164552.106991485,11524.6989491525
2020-08-22,1.89433444,215748935172.86252,850.0,9929945.777822915,11682.2891503799
2020-08-23,1.89095764,215452337487.74313,981.25,11446879.09964572,11665.6092735243
2020-08-24,1.90603293,217417299095.42203,931.25,10962123.75004584,11771.4080537405
2020-08-25,1.83853818,209799151719.14304,800.0,9086763.4562244,11358.4543202805
2020-08-26,1.8556766,211907514133.8888,887.5,10181443.594404612,11472.0491204559
2020-08-27,1.82960462,209009655884.56287,806.25,9122455.703704307,11314.6737410286
2020-08-28,1.86186629,212959896208.12207,1018.75,11744030.83908696,11527.8830322326
2020-08-29,1.85563351,212284634016.18933,912.5,10485320.642321784,11490.7623477499
2020-08-30,1.88762446,216140533746.53052,793.75,9286062.06741454,11698.9758329632
2020-08-31,1.88187726,215770383728.23532,937.5,10948451.462704591,11678.3482268849
2020-09-01,1.92471346,221177235000.2752,962.5,11521476.174059777,11970.364856166
2020-09-02,1.83478767,210917142600.07452,900.0,10273068.84029805,11414.5209336645
2020-09-03,1.65212902,189619829718.60855,806.25,8273329.867680821,10261.4944095266
2020-09-04,1.68560929,193517929900.99304,843.75,8835721.66124339,10471.9664133255
2020-09-05,1.63131545,187182381369.08316,881.25,8925867.16024181,10128.64358609
2020-09-06,1.65140122,189495704608.09775,937.5,9612468.65438709,10253.2998980129
2020-09-07,1.67005527,191624618868.97644,1093.75,11339866.950074906,10367.8783543542
2020-09-08,1.62894233,186842946951.56564,968.75,9792740.592329033,10108.6354501461
2020-09-09,1.64757745,188968383425.97815,931.25,9520272.499740671,10223.1114091175
2020-09-10,1.66531058,191039959916.77655,987.5,10205447.846088495,10334.6307302162
2020-09-11,1.67381361,192017369942.6865,862.5,8958805.389943779,10387.0207419638
2020-09-12,1.68190081,192951979972.30692,1062.5,11089288.946778161,10436.9778322618
2020-09-13,1.66341746,190846477252.03787,1012.5,10451555.160030665,10322.5236148451
2020-09-14,1.71735678,197147876035.17255,1100.0,11728991.9035652,10662.719912332
2020-09-15,1.7348274,199315386280.44415,975.0,10509896.499332296,10779.3810249562
2020-09-16,1.76292263,202819584769.55252,968.75,10625560.529500246,10968.3205465809
2020-09-17,1.75667708,202239512659.74203,1112.5,12166625.68499266,10936.2927505552
2020-09-18,1.75269523,201951566927.1664,1031.25,11261366.370324364,10920.1128439509
2020-09-19,1.77573693,204803721045.65717,931.25,10312457.20389648,11073.7795478083
2020-09-20,1.75066035,201991869981.6736,887.5,9692581.06359442,10921.2180998247
2020-09-21,1.67690819,193385500705.58487,906.25,9475188.09083682,10455.3799623027
2020-09-22,1.68568673,194586236941.46973,806.25,8481620.326067396,10519.8391641146
2020-09-23,1.64062817,189295175073.38928,887.5,9082053.367249385,10233.2995687317
2020-09-24,1.72053475,198659587209.1956,856.25,9195305.319932057,10739.0427094097
2020-09-25,1.71066582,197645812953.4677,1056.25,11284584.80081642,10683.6305806546
2020-09-26,1.71935636,198736273241.69925,937.5,10070653.518958218,10742.0304202221
2020-09-27,1.72167524,199057194328.15533,950.0,10220883.07545003,10758.8242899474
2020-09-28,1.71621999,198483977030.04517,806.25,8648946.137384573,10727.3750541204
2020-09-29,1.73140353,200598525114.73715,881.25,9553757.043570269,10841.1427444769
2020-09-30,1.71995233,199336157853.55048,975.0,10503042.972632924,10772.351766803
2020-10-01,1.69356781,196277557842.57623,775.0,8220128.432729427,10606.6173325541
2020-10-02,1.68748627,195610887017.89536,850.0,8984589.82612218,10570.1056777908
2020-10-03,1.68506329,195354357355.87143,943.75,9961947.003296636,10555.7054339567
2020-10-04,1.70216949,197399052168.17535,987.5,10532298.389662461,10665.618622443
2020-10-05,1.71835152,199389146257.06775,875.0,9426056.149642035,10772.6355995909
2020-10-06,1.69012311,196135347147.1712,812.5,8609553.508876368,10596.3735493863
2020-10-07,1.70039927,197456284574.17596,943.75,10067164.709484251,10667.1943941555
2020-10-08,1.73638098,201823517432.12747,1012.5,11038810.980751716,10902.5293637054
2020-10-09,1.76179817,205009453844.92087,887.5,9828267.015802886,11074.1036797779
2020-10-10,1.79700041,209254297811.47684,893.75,10101926.018506376,11302.8542864407
2020-10-11,1.80770338,210660289442.9037,875.0,9955979.712405037,11378.2625284629
2020-10-12,1.83284911,213821025341.36935,931.25,10754448.949669424,11548.401556692
2020-10-13,1.81348383,211732652073.08148,1037.5,11863780.11435564,11434.9687849211
2020-10-14,1.80880169,211412571561.06912,931.25,10632181.931078687,11417.10811391
2020-10-15,1.82050458,213006147807.5566,943.75,10855561.044345416,11502.5812390415
2020-10-16,1.7940757,209987678424.63257,968.75,10984643.827295791,11338.9871765634
2020-10-17,1.79732641,210439860963.4369,981.25,11149749.675840136,11362.8022174167
2020-10-18,1.81665683,212797199544.3845,750.0,8617216.923787275,11489.6225650497
2020-10-19,1.85166488,217551213059.644,781.25,9176415.599658435,11745.8119675628
2020-10-20,1.87699868,220963353768.35657,900.0,10736511.52565754,11929.4572507306
2020-10-21,2.013415,237996587309.02545,812.5,10439398.626936013,12848.4906177674
2020-10-22,2.02018679,240767851351.292,856.25,11129108.811406316,12997.4993417884
2020-10-23,2.00849858,239962077749.97925,818.75,10605620.564386657,12953.4296969608
2020-10-24,2.02902772,242946632969.98505,950.0,12458173.57698718,13113.8669231444
2020-10-25,2.01568826,241618117679.51007,731.25,9536700.008645184,13041.6410374635
2020-10-26,2.01954164,242349930927.49588,687.5,8992951.116766512,13080.6561698422
2020-10-27,2.10370037,253379717438.13687,618.75,8461730.430157825,13675.5239275278
2020-10-28,2.04049323,246251140475.4076,625.0,8306455.531122125,13290.3288497954
2020-10-29,2.06357066,249685959749.5563,675.0,9095771.677973377,13475.2173007013
2020-10-30,2.0801745,252068603711.57968,693.75,9437286.663049735,13603.2960908825
2020-10-31,2.10747626,255857310085.0028,706.25,9751358.737801377,13807.2336110462
2020-11-01,2.09316771,254564701609.4508,781.25,10731952.6650625,13736.89941128
2020-11-02,2.06586073,251953637578.66876,593.75,8072366.576472121,13595.5647603741
2020-11-03,2.09497527,259403733547.6545,875.0,12247300.973772649,13996.915398597312
2020-11-04,2.10823433,261868434425.51367,993.75,14040841.019277832,14129.148195499703
2020-11-05,2.30749272,289263271222.87427,918.75,14338441.403482977,15606.46683372297
2020-11-06,2.29919169,289509996782.30493,956.25,14935642.4257397,15618.972471361778
2020-11-07,2.18711473,275573226966.525,912.5,13565550.12785652,14866.356304500296
2020-11-08,2.26976446,287332273623.7841,862.5,13368750.609950328,15500.000707188785
2020-11-09,2.23751677,284009875050.116,1156.25,17713541.8432386,15319.819972530682
2020-11-10,2.23228692,284013859076.82196,918.75,14074584.527520455,15319.27567621274
2020-11-11,2.28563276,291666002991.43646,918.75,14453077.765940972,15731.241105786092
2020-11-12,2.35643005,302038563120.44165,1000.0,16289814.897720637,16289.814897720637
2020-11-13,2.35455292,302799008120.85767,868.75,14186742.029675633,16330.06276797195
2020-11-14,2.317866766319,298584647008.3884,887.5,14290533.890042376,16102.010016949156
2020-11-15,2.29883051,296462424309.67584,937.5,14987582.803678406,15986.7549905903
2020-11-16,2.39979607,310504166190.32697,1000.0,16743053.93980129,16743.05393980129
2020-11-17,2.51738625,327937646387.3307,981.25,17350628.514768407,17682.16918702513
2020-11-18,2.51023261,330228752696.0765,1056.25,18806203.837810487,17804.690023962594
2020-11-19,2.504430386254,330503275790.76807,856.25,15257235.04199664,17818.668662185857
2020-11-20,2.596127396527,346198155989.3956,1050.0,19596970.945783168,18663.78185312683
2020-11-21,2.589987418208,347011959222.6888,1056.25,19758834.985535134,18706.58933541788
2020-11-22,2.55377715,342878718720.17664,1087.5,20099928.237012707,18482.692631735823
2020-11-23,2.52775968,340865435612.13654,918.75,16880430.566806693,18373.2577597896
2020-11-24,2.61774563,355296694015.8317,850.0,16277713.3912332,19150.251048509646
2020-11-25,2.555478063978,347859153595.5024,968.75,18162506.409501024,18748.393713033314
2020-11-26,2.326869284941,317545276569.07196,937.5,16044109.56695646,17113.716871420223
2020-11-27,2.31953985,317336964123.96155,962.5,16460292.904882379,17101.603018059614
2020-11-28,2.40313103,329299905495.87573,962.5,17079925.663232025,17745.377312448858
2020-11-29,2.45853128,337583882703.102,937.5,17053937.700394504,18190.866880420806
2020-11-30,2.63721867,364943559264.7621,706.25,13887987.872205576,19664.407606662764
2020-12-01,2.51290662,349301709105.5421,950.0,17879577.40011689,18820.60778959673
2020-12-02,2.55197705,356634805528.82007,818.75,15732176.637532508,19214.872229047334
2020-12-03,2.57495934,361394948313.3676,981.25,19105242.872914232,19470.31120806546
2020-12-04,2.47230116,347725717595.1268,900.0,16859670.381899472,18732.967090999413
2020-12-05,2.51909742,354827495085.072,900.0,17203169.817825828,19114.633130917588
2020-12-06,2.54722977,359330296296.33527,850.0,16452866.625277616,19356.3136767972
2020-12-07,2.51748691,356115606012.0854,937.5,17983290.7807934,19182.176832846293
2020-12-08,2.40341294,340515325198.1123,900.0,16506880.323927524,18340.97813769725
2020-12-09,2.422360712922,344870639715.8821,868.75,16136767.788741965,18574.69673524255
2020-12-10,2.38235433,339689620040.4412,812.5,14864563.148085916,18294.84695149036
2020-12-11,2.34803699,335377356184.366,862.5,15578268.02218005,18061.760025716
2020-12-12,2.43833504,349347444447.4736,825.0,15520959.10905903,18813.2837685564
2020-12-13,2.46411643,355731616571.54486,975.0,18677180.442913488,19156.0825055523
2020-12-14,2.474236613553,358175636273.79315,906.25,17478618.364936434,19286.7512992402
2020-12-15,2.48407194,360900992195.48114,875.0,17003514.906049088,19432.5884640561
2020-12-16,2.70395115,396914973278.86566,893.75,19100081.284788165,21370.7203186441
2020-12-17,2.838980097189,423279795671.93005,806.25,18373846.85420845,22789.2674160725
2020-12-18,2.82221791,428122220496.30286,981.25,22616600.22555524,23048.7645610754
2020-12-19,2.906877174893,443154244629.2185,987.5,23558563.850238144,23856.7735192285
2020-12-20,2.850832494921,437079507304.86615,943.75,22205069.64154659,23528.5506135593
2020-12-21,2.76690892,426117800653.27625,850.0,19496805.59201053,22937.4183435418
2020-12-22,2.831513764707,441362670574.13776,893.75,21232719.33689728,23756.8887685564
2020-12-23,2.75180066,433031966997.9192,962.5,22433248.242993858,23307.2709018118
2020-12-24,2.77320466,440489071172.9482,787.5,18669761.022203393,23707.6330440678
2020-12-25,2.87742129,458376575230.92346,900.0,22202247.88983051,24669.1643220339
2020-12-26,3.06732801,492010402696.75085,856.25,22671845.81507887,26478.0681052016
2020-12-27,3.033869719213,491157576017.431,925.0,24448542.352405004,26430.8565971946
2020-12-28,3.03336124,502492068165.2396,1000.0,27039349.0199883,27039.3490199883
2020-12-29,3.00690895,506083309589.8401,950.0,25869643.282524835,27231.2034552893
2020-12-30,3.14848763,536099036611.89905,1075.0,31007959.704064887,28844.6136781999
2020-12-31,3.140996404211,539438485763.34326,1037.5,30111021.590597607,29022.6714126242
2021-01-01,3.145922773591,546120334521.1261,931.25,27360771.03865864,29380.6937327878
2021-01-02,3.36183826,595259096891.809,943.75,30221405.248356223,32022.6810578609
2021-01-03,3.43360474,618623608665.4474,987.5,32861862.36377124,33277.8353050848
2021-01-04,3.2392637,591225447115.9056,1081.25,34386071.134099245,31802.1467136178
2021-01-05,3.40781574,632363459585.743,981.25,33375427.15668104,34013.1741724138
2021-01-06,3.60095708,681302148777.4781,1106.25,40536625.98038796,36643.2777223846
2021-01-07,3.742047073313,729171021092.3743,1050.0,41176433.70648738,39215.6511490356
2021-01-08,3.78863874,758210602558.811,925.0,37717249.22115721,40775.4045634132
2021-01-09,3.6883279,750719944876.221,868.75,35072030.2911309,40370.6823495032
2021-01-10,3.47615243,712797906122.6932,993.75,38089781.79052824,38329.3401665693
2021-01-11,3.17723254,655929285013.3878,962.5,33946906.95329481,35269.5137177089
2021-01-12,3.024579234512,627003122628.9136,925.0,31184033.40439806,33712.4685452952
2021-01-13,3.31893271605,693697236158.0138,950.0,35431720.15137342,37296.5475277615
2021-01-14,3.43968572,726263096560.8242,918.75,35873069.97501465,39045.518340152
2021-01-15,3.21691863,682862938504.5984,968.75,35563120.00536965,36710.3174248977
2021-01-16,3.16002808,672980587612.2975,918.75,33237858.63288648,36177.2610970193
2021-01-17,3.14208979,671014140602.7698,831.25,29983137.181779996,36069.939466803
2021-01-18,3.16789734,680801989756.2803,906.25,33163581.114141945,36594.2964018118
2021-01-19,3.12779915,674433161169.6399,931.25,33757948.6388442,36250.1461893629
2021-01-20,3.05640832,660796011360.799,881.25,31298016.76133111,35515.480012858
2021-01-21,2.671999724485,577233663032.7885,806.25,25012254.266368374,31022.9510280538
2021-01-22,2.83570647,613796635287.0496,881.25,29069296.510739308,32986.4357568673
2021-01-23,2.75080418,596147845572.6093,975.0,31235375.215546414,32036.2822723553
2021-01-24,2.763770318383,599522055193.0248,868.75,27987740.602348767,32216.1042904734
2021-01-25,2.777191691556,603339325091.353,875.0,28367242.702951513,32419.7059462303
2021-01-26,2.79160837,607483795108.3151,1006.25,32844643.13724799,32640.6391426067
2021-01-27,2.58416695,565045318370.5283,887.5,26943554.56715373,30358.9347235535
2021-01-28,2.83537151,623747780660.8578,906.25,30369604.38310378,33511.287595149
2021-01-29,2.87127647,635969224450.955,950.0,32457841.954652213,34166.1494259497
2021-01-30,2.878188037248,639419076068.8511,850.0,29197429.530976012,34349.9170952659
2021-01-31,2.77012967,617258425467.524,900.0,29842049.31706602,33157.8325745178
2021-02-01,2.798474060738,624961266006.2303,743.75,24967889.686111946,33570.2718468732
2021-02-02,2.95247741,662710063272.541,956.25,34038817.394623026,35596.1489094097
2021-02-03,3.10161426,699649284857.6385,937.5,35229724.88146556,37578.3732068966
2021-02-04,3.046232040351,691323581111.5704,1000.0,37129202.9376972,37129.2029376972
2021-02-05,3.09428668,708423060288.5243,1056.25,40185468.12388951,38045.4136084161
2021-02-06,3.18428793,732600102916.4371,993.75,39095841.286981255,39341.727081239
2021-02-07,3.141200247585,726330767434.7867,975.0,38027936.877220966,39003.0121817651
2021-02-08,3.65741696,858949072826.5892,1012.5,46698458.2483781,46121.9340724722
2021-02-09,3.61855022,866928505326.4625,893.75,41602419.77966467,46548.1619912332
2021-02-10,3.46683384,839590396720.4327,893.75,40288577.21304756,45078.128350263
2021-02-11,3.64585169,892053672305.5282,806.25,38613602.9902798,47892.8409181765
2021-02-12,3.57975153,885248328501.2935,887.5,42178623.1145821,47525.2091431911
2021-02-13,3.54773666,879397542244.0934,981.25,46323463.30780282,47208.6250270602
2021-02-14,3.65475277,909642134133.6622,925.0,45167590.44642024,48829.8275096435
2021-02-15,3.56148121,896282713832.7703,950.0,45704729.64681474,48110.2417334892
2021-02-16,3.6125173,915511120381.0225,756.25,37162414.384963065,49140.3826578024
2021-02-17,3.79432537,973022997734.0732,862.5,45044009.985797755,52224.9391139684
2021-02-18,3.70969063,962356492673.0547,856.25,44225372.39346144,51650.0699485681
2021-02-19,3.90986635,1040114403936.8182,956.25,53378357.33618864,55820.5044038574
2021-02-20,3.87796973,1040935228534.234,912.5,50973911.267474465,55861.8205670953
2021-02-21,3.95810037,1071525228027.2616,881.25,50672506.07218989,57500.7161102864
2021-02-22,3.68695731,1005442646562.84,831.25,44847727.46273818,53952.1533386324
2021-02-23,3.28933195,905003103158.0413,793.75,38544888.17158459,48560.4890350672
2021-02-24,3.32994398,923816728819.2362,993.75,49257549.778514005,49567.3456890707
2021-02-25,3.17682646,886602532433.4717,975.0,46378927.8908241,47568.131170076
2021-02-26,3.06572143,861734772437.3928,868.75,40163848.08381501,46231.7675784921
2021-02-27,3.04478896,854375146984.0432,981.25,44975116.23566993,45834.5133611923
2021-02-28,3.00886446,845557162612.1533,818.75,37138061.284464456,45359.4641642314
2021-03-01,3.269931,925288521256.2084,812.5,40327988.2763004,49634.4471092928
2021-03-02,3.17061495,900542565669.1763,893.75,43172330.52981223,48304.7054879018
2021-03-03,3.3135168,945068375223.4531,950.0,48155943.82434248,50690.4671835184
2021-03-04,3.161905493951,903761087528.4237,800.0,38778236.38012856,48472.7954751607
2021-03-05,3.17106851,909922405336.2163,931.25,45445761.16597748,48800.8173594389
2021-03-06,3.175929809802,913133225105.1299,950.0,46521998.26250731,48970.5244868498
2021-03-07,3.30549961,952634973107.2288,912.5,46616402.21372732,51086.4681794272
2021-03-08,3.35002291,971370359588.6669,968.75,50460710.28364256,52088.475131502
2021-03-09,3.49855563203,1020849011792.8512,875.0,47896743.34745764,54739.1352542373
2021-03-10,3.56293331,1046579658341.0732,931.25,52258063.099609174,56116.040912332
2021-03-11,3.63177042,1078915001902.6392,825.0,47723985.32196083,57847.2549357101
2021-03-12,3.570586382096,1069407948747.6104,937.5,53751226.43885156,57334.641534775
2021-03-13,3.78957634,1143215732518.7432,893.75,54776859.75158245,61288.7941276447
2021-03-14,3.68484058,1117474232904.1155,981.25,58782388.1241635,59905.6184704851
2021-03-15,3.43735753,1046930473230.8708,925.0,51912037.779719435,56121.121924021
2021-03-16,3.44231318,1054059319176.5367,931.25,52616040.36144793,56500.4460257159
2021-03-17,3.55383882,1094827655431.387,850.0,49880606.08509644,58683.0659824664
2021-03-18,3.48651656,1077129119414.3888,950.0,54844905.849032745,57731.4798410871
2021-03-19,3.50341884,1085329605069.3691,925.0,53805512.778097615,58168.1219222677
2021-03-20,3.49731896,1086873922161.563,962.5,56063589.03010664,58247.8847066043
2021-03-21,3.440164039174,1072003269491.2437,975.0,56011734.69437461,57447.9330198714
2021-03-22,3.25092326,1016170477565.7162,943.75,51390148.37486233,54453.1373508475
2021-03-23,3.23614304,1018286990169.8544,1006.25,54904634.52048248,54563.6119458211
2021-03-24,3.11041886,981605643201.5552,950.0,49965640.75759794,52595.4113237873
2021-03-25,3.03612207,962090739266.12,962.5,49614107.71180595,51547.1248953828
2021-03-26,3.20883079,1023183245013.2983,850.0,46595178.54538284,54817.8571122151
2021-03-27,3.26897077,1045674049178.2084,993.75,55669713.3223926,56019.8373055523
2021-03-28,3.24472988,1040002658248.1864,993.75,55364831.65131137,55713.0381396844
2021-03-29,3.33795673,1074744167036.5872,943.75,54332851.47193887,57571.2333477498
2021-03-30,3.38330063,1095581166692.6075,912.5,53549650.407853566,58684.5483921683
2021-03-31,3.375535019449,1097648506570.546,981.25,57689841.17456896,58792.1948275862
2021-04-01,3.35598363,1098201835461.6188,906.25,53304697.9956038,58818.9770985973
2021-04-02,3.35413045,1102222111989.422,875.0,51652592.26682494,59031.5340192285
2021-04-03,3.25187507,1069609423123.5428,818.75,46899956.50528928,57282.3896247808
2021-04-04,3.298301283114,1086837744784.4452,912.5,53109506.94519361,58202.199391993
2021-04-05,3.32023402,1097233663848.4355,975.0,57286956.21627703,58755.8525295149
2021-04-06,3.22914317,1084740698496.7766,900.0,52275659.78082996,58084.0664231444
2021-04-07,3.12214094,1050858458013.2948,981.25,55211831.526033714,56266.8346762127
2021-04-08,3.2057806,1082591596128.1456,837.5,48544301.10201048,57963.3445994155
2021-04-09,3.203576140634,1084298143058.165,950.0,55149174.42857981,58051.7625563998
2021-04-10,3.27565104,1114237875675.663,981.25,58533092.25670663,59651.5589877265
2021-04-11,3.28353702,1119547961330.9443,906.25,54314218.39883477,59932.9306469901
2021-04-12,3.26759859,1119097619041.5125,900.0,53915342.73701346,59905.9363744594
2021-04-13,3.43453079,1185278789468.1714,887.5,56308004.00406195,63445.638314436
2021-04-14,3.37622405,1174568449691.4597,843.75,53046136.90184833,62869.4955873758
2021-04-15,3.37419883,1181393313259.5356,1075.0,67973500.21117765,63231.162987142
2021-04-16,3.27664917,1150416986978.1597,643.75,39636402.12081751,61571.1100905903
2021-04-17,3.19962738,1126344072578.0193,568.75,34284748.3249883,60280.8761758036
2021-04-18,2.959841879616,1053678758609.268,775.0,43701907.43550556,56389.5579812975
2021-04-19,2.92575459,1042661468497.9922,606.25,33827620.603020914,55798.1370771479
2021-04-20,2.95532944,1055343018461.8728,800.0,45179499.00689656,56474.3737586207
2021-04-21,2.82653587,1009620339154.9824,631.25,34103785.98141436,54025.7995745178
2021-04-22,2.70960708,969605047752.2135,893.75,46369590.9557569,51882.0598106371
2021-04-23,2.65915763,952320874673.5841,843.75,42993205.36378583,50954.9100607832
2021-04-24,2.61911452,939751744133.4489,906.25,45566203.27955508,50279.9484464056
2021-04-25,2.54988868,914880447463.5385,881.25,43134491.5296281,48946.9407428404
2021-04-26,2.79947785,1008308106916.2404,712.5,38434636.85959233,53943.3499783752
2021-04-27,2.84255929,1028613088872.3912,887.5,48836489.99901373,55027.0309848042
2021-04-28,2.82520447,1024181924008.5573,887.5,48623798.60263006,54787.3787071888
2021-04-29,2.75289848,1001410824175.2202,762.5,40844899.41027616,53567.0811938048
2021-04-30,2.9509244,1079500865486.8406,906.25,52328184.00248937,57741.44441654
2021-05-01,2.95232813,1081834705464.8834,868.75,50268994.153704,57863.5903927528
2021-05-02,2.88247785,1057763322365.5808,1156.25,65412065.09743932,56572.5968410286
2021-05-03,2.90918692,1070362250436.1664,1106.25,63325114.77607762,57243.0416054939
2021-05-04,2.72676307,1004624064123.3464,1131.25,60775398.22162119,53724.10892519
2021-05-05,2.90068009,1072334244435.8468,981.25,56266862.68044637,57342.0256616014
2021-05-06,2.845644398322,1057159380527.9104,1062.5,60060312.54014468,56527.3529789597
2021-05-07,2.86911512,1072438910564.6576,1075.0,61641648.589059,57341.0684549386
2021-05-08,2.93389162,1098593174225.6294,1068.75,62774234.55037808,58736.1258950906
2021-05-09,2.90472472,1090287204598.6418,1162.5,67760294.79533024,58288.4256303916
2021-05-10,2.78208874,1045729267184.1482,1125.0,62890793.70740797,55902.9277399182
2021-05-11,2.81280636,1059056066491.1912,1075.0,60858010.34739916,56612.1026487434
2021-05-12,2.528710162627,953606762907.2688,1075.0,54795281.71233193,50972.355081239
2021-05-13,2.4489477,923653159148.4512,1006.25,49677168.31445425,49368.6144739918
2021-05-14,2.47934018,935459104298.8986,837.5,41872819.06718004,49997.3959011105
2021-05-15,2.33381396,880310927346.3748,768.75,36168121.81235022,47047.9633331385
2021-05-16,2.2838578,861161597488.6411,825.0,37968565.5599255,46022.5037090006
2021-05-17,2.16428882,813851735267.4691,756.25,32891124.084278215,43492.3954833431
2021-05-18,2.13179763,800731332066.7421,625.0,26743630.87010519,42789.8093921683
2021-05-19,1.88892076,704438836807.3655,781.25,29408218.751369845,37642.5200017534
2021-05-20,2.05205637,763545013579.125,700.0,28559581.50330215,40799.4021475745
2021-05-21,1.87448768,695728769937.6442,687.5,25557352.63221436,37174.3311014027
2021-05-22,1.90162942,704535197246.9867,725.0,27291479.353813536,37643.4197983635
2021-05-23,1.75890282,650860805397.6799,743.75,25863316.621300768,34774.207221917
2021-05-24,1.94867935,723066857297.3594,787.5,30421447.180932228,38630.4091186441
2021-05-25,1.93329011,716346014295.941,768.75,29419886.51371529,38269.7710747516
2021-05-26,1.97886373,733691994944.9177,762.5,29886079.90973484,39194.8588980129
2021-05-27,1.94636165,720916265382.9325,731.25,28161064.21180777,38510.8570417884
2021-05-28,1.80279078,666390584725.3661,743.75,26475058.97607321,35596.7179510228
2021-05-29,1.75819515,649288294161.1663,725.0,25144318.31610168,34681.8183670368
2021-05-30,1.80573948,667486590030.1371,900.0,32086951.89327882,35652.1687703098
2021-05-31,1.88939041,698613395865.977,881.25,32882059.127998255,37312.9748970193
2021-06-01,1.85490761,686446041528.999,887.5,32536973.080140967,36661.3781184687
2021-06-02,1.905098964141,704798573851.8448,1037.5,39050935.261038885,37639.4556732905
2021-06-03,1.9791401,733309551805.9535,918.75,35978388.1921354,39160.1504132086
2021-06-04,1.866853639007,690723752475.9788,818.75,30199080.8482974,36884.3735551724
2021-06-05,1.79378368,663134442422.8171,818.75,28991583.175003257,35409.5672366452
2021-06-06,1.81038933,668992893681.9762,937.5,33488066.582481,35720.6043546464
2021-06-07,1.71255578,631644548545.3397,831.25,28033829.56866929,33724.9077517826
2021-06-08,1.7042113,626996036535.329,931.25,31173639.309950333,33475.0489234366
2021-06-09,1.89766024,700034858090.9735,787.5,29431228.755113956,37372.9888953828
2021-06-10,1.87120729,689816389289.0381,737.5,27159176.63620688,36826.0022185856
2021-06-11,1.88860664,696572821848.9191,656.25,24402914.239479825,37185.3931268264
2021-06-12,1.81254069,668199727376.6781,825.0,29427066.307407945,35669.1712817066
2021-06-13,1.976225,729231971944.1294,825.0,32113471.02891584,38925.4194289889
2021-06-14,2.04984505,757932558315.0496,843.75,34134409.11094574,40455.5959833431
2021-06-15,2.03798688,754200836376.5773,818.75,32958495.889354177,40254.6514679135
2021-06-16,1.937890111061,716962840858.3024,768.75,29416636.77522284,38265.5437726476
2021-06-17,1.927486814795,712367675979.0337,812.5,30890147.628159706,38018.6432346581
2021-06-18,1.812458657444,669218352695.6392,775.0,27678591.861012567,35714.3120787259
2021-06-19,1.805038478086,666274332004.6891,643.75,22889159.805355407,35555.9763966686
2021-06-20,1.807459745287,667121552365.0758,656.25,23362461.857722115,35599.9418784337
2021-06-21,1.615498500377,594343881161.0618,656.25,20813073.659712862,31715.1598624196
2021-06-22,1.651499802307,607094219837.7976,568.75,18424403.49464129,32394.5555949737
2021-06-23,1.713698226674,629902934904.7167,631.25,21216626.113190405,33610.4968129749
2021-06-24,1.766672167447,649575438469.43,656.25,22744950.949861217,34658.972875979
2021-06-25,1.630917169218,593831228445.3011,687.5,21782408.450321477,31683.5032004676
2021-06-26,1.643033945428,597731932924.4774,556.25,17739188.77337814,31890.6764465225
2021-06-27,1.776255857109,646773066239.3123,362.5,12508603.059110172,34506.4911975453
2021-06-28,1.769776037417,644349642813.4773,550.0,18906903.69644065,34376.188538983
2021-06-29,1.849675862855,673565423656.2108,562.5,20212750.24755992,35933.7782178843
2021-06-30,1.805586334557,657308520165.8943,550.0,19286006.38434833,35065.4661533606
2021-07-01,1.727368166727,628078911133.4493,600.0,20103048.29610756,33505.0804935126
2021-07-02,1.746141242195,633306719050.4343,562.5,19002907.094886057,33782.9459464641
2021-07-03,1.787452030946,648430198161.1792,793.75,27454403.031491075,34588.2242916423
2021-07-04,1.8265447061,662841855840.3812,718.75,25411843.169765502,35355.6078883694
2021-07-05,1.752492211228,635800664838.8307,825.0,27977196.918366466,33911.7538404442
2021-07-06,1.763785729615,639809939899.6041,887.5,30285033.64167881,34123.9815680888
2021-07-07,1.753796589122,636229302844.7092,768.75,26084931.82813416,33931.6186382233
2021-07-08,1.697989573018,615408206333.4872,868.75,28512079.217738517,32819.6595312098
2021-07-09,1.754049012631,635972699231.9186,818.75,27767808.87952221,33914.8810742256
2021-07-10,1.738516988105,630307119097.991,1006.25,33821014.250182614,33610.9458386908
2021-07-11,1.771750243299,642476387837.8834,781.25,26764407.33580508,34258.4413898305
2021-07-12,1.713116506244,621438096852.9285,787.5,26093998.28050116,33135.2359117475
2021-07-13,1.688811469688,612214949439.348,850.0,27745679.566864364,32641.9759610169
2021-07-14,1.697934967437,615181434967.0844,1062.5,34848177.301431865,32798.2845189947
2021-07-15,1.643649164372,594751052034.9653,800.0,25366152.02945648,31707.6900368206
2021-07-16,1.63221452573,590054215680.704,937.5,29489735.23301428,31455.7175818819
2021-07-17,1.630400402935,591812552914.4733,893.75,28195981.38411197,31547.9511990064
2021-07-18,1.639258220118,594837912850.213,900.0,28536933.46744593,31707.7038527177
2021-07-19,1.597725750094,579408058603.4889,1062.5,32813686.60536969,30883.4697462303
2021-07-20,1.540648215719,558478126514.6532,762.5,22697076.51019872,29766.6577182934
2021-07-21,1.661721371109,602653902984.2952,906.25,29108439.36091097,32119.6572258328
2021-07-22,1.670492594499,606199143136.722,956.25,30893531.866079435,32306.9614285798
2021-07-23,1.732406654257,627479802970.8693,843.75,28214658.874291327,33439.5957028638
2021-07-24,1.769606297066,641160519675.9818,962.5,32885655.35504095,34166.914654588
2021-07-25,1.81848487747,659078087900.0309,956.25,33583440.1731772,35119.9374360023
2021-07-26,1.93010945385,702742383037.9468,937.5,35104483.60333866,37444.7825102279
2021-07-27,2.001791162085,734346228533.4615,1062.5,41571949.05614408,39126.5402881356
2021-07-28,2.033833059073,749637705826.2058,981.25,39190334.15493857,39939.1940432495
2021-07-29,2.017407304464,752436348341.3021,1000.0,40086164.3950906,40086.1643950906
2021-07-30,2.099162197424,784455260094.1389,1037.5,43356779.61437026,41789.6670981882
2021-07-31,2.098153113059,784564984126.0333,987.5,41270897.32624924,41793.3137481005
2021-08-01,2.006838470091,750355941541.017,962.5,38470132.61862213,39968.9689544126
2021-08-02,1.972933571383,737910797087.4546,893.75,35128116.49094685,39304.1862835769
2021-08-03,1.922865034712,718888492618.7064,1056.25,40442571.82615722,38288.8253975453
2021-08-04,1.995697932518,746805401841.9286,850.0,33807824.64658098,39773.9113489188
2021-08-05,2.052274774394,768772119139.358,1000.0,40941650.434249,40941.650434249
2021-08-06,2.140827816615,803528296774.2887,993.75,42522917.59516001,42790.3573284629
2021-08-07,2.222890074166,835395295482.4253,1043.75,46431114.98685345,44484.9005862069
2021-08-08,2.195821362505,825812457038.7324,987.5,43422647.25539161,43972.3010181181
2021-08-09,2.303684409546,868926021044.1494,950.0,43952360.33363529,46265.6424564582
2021-08-10,2.261488524708,854382704549.5062,1031.25,46910315.989370205,45488.7912624196
2021-08-11,2.268172978331,857947004307.331,918.75,41965124.844345436,45676.3263611923
2021-08-12,2.20343699514,834123407129.0948,943.75,41907925.0037405,44405.7483483343
2021-08-13,2.362590119037,896373859155.2133,887.5,42349268.253389835,47717.4853559322
2021-08-14,2.327809478249,885277380213.1919,1025.0,48302310.20048213,47124.2050736411
2021-08-15,2.323985756424,884394736774.213,1137.5,53547096.68275126,47074.370710111
2021-08-16,2.268193061802,863969541715.8536,1006.25,46272124.40649109,45984.7199070719
2021-08-17,2.204708913004,840144904105.1235,1075.0,48067654.058115095,44714.0967982466
2021-08-18,2.213680687968,844697273128.4824,843.75,37930244.411473535,44954.3637469316
2021-08-19,2.293129661764,876544383505.9407,962.5,44897604.1985316,46646.8615049679
2021-08-20,2.414499299985,925337170100.1696,1000.0,49240835.6049094,49240.8356049094
2021-08-21,2.403261370099,922183481119.9331,1062.5,52137131.03082996,49070.2409701929
2021-08-22,2.414996575605,927741877823.068,1025.0,50597398.997647546,49363.3160952659
2021-08-23,2.420040085444,932079739908.4381,1231.25,61058766.52763373,49590.8763676213
2021-08-24,2.33794635096,900831282245.6066,962.5,46128642.379763305,47925.8622127411
2021-08-25,2.379019545564,921113698122.0674,1000.0,49002316.6049094,49002.3166049094
2021-08-26,2.287786761638,887096494654.2286,912.5,43061189.80610027,47190.3449929866
2021-08-27,2.375147501066,922070878172.4023,912.5,44756733.9750804,49048.4755891292
2021-08-28,2.363961726236,918429163463.365,881.25,43051238.129587926,48852.4687995324
2021-08-29,2.367277866365,920279421677.584,975.0,47724639.25897132,48948.3479579193
2021-08-30,2.277961082403,886052810980.3136,843.75,39762367.18790177,47125.7685189947
2021-08-31,2.280110865221,887852829053.0802,900.0,42497319.90824082,47219.2443424898
2021-09-01,2.346384601556,915521308402.3389,856.25,41689560.28341792,48688.5375572764
2021-09-02,2.375035051723,928373472804.1523,931.25,45975427.21830804,49369.5862746932
2021-09-03,2.395390356338,937651654078.7664,925.0,46120994.10126534,49860.5341635301
2021-09-04,2.395772281636,938810353594.9011,968.75,48359590.76478303,49919.577563647
2021-09-05,2.480946695916,973242843766.6514,1025.0,53041334.952929616,51747.6438565167
2021-09-06,2.51931377876,990093469707.9805,1075.0,56588632.502104074,52640.5883740503
2021-09-07,2.245742480847,881308435814.7443,956.25,44804520.5764885,46854.4006028638
2021-09-08,2.213572688033,868814300650.1482,887.5,40991828.46093004,46187.9757306254
2021-09-09,2.222094260363,873759807785.6561,856.25,39771763.44737175,46448.7748290473
2021-09-10,2.142454311237,842129122357.554,850.0,38050484.23983052,44765.2755762712
2021-09-11,2.157808262825,848441215860.3611,925.0,41716197.27141142,45098.5916447691
2021-09-12,2.208217016174,868839735686.3914,918.75,42428437.69431732,46180.6124563998
2021-09-13,2.151863481078,846512959971.3956,993.75,44710325.11440496,44991.5221277031
2021-09-14,2.245175277381,884777283874.6703,1050.0,49373748.64777908,47022.6177597896
2021-09-15,2.293761212961,906356284523.2515,887.5,42748380.5637639,48167.1893676213
2021-09-16,2.273981867172,899437280895.7874,850.0,40627729.07521921,47797.3283237873
2021-09-17,2.244949537952,888499868900.2493,918.75,43377673.35643816,47213.7941294565
2021-09-18,2.290426705637,907181161197.6664,968.75,46697638.22533422,48204.0136519579
2021-09-19,2.242941684172,888680899050.9407,1000.0,47218473.9964933,47218.4739964933
2021-09-20,2.040586287582,806611150255.1008,1025.0,43926898.10344829,42855.5103448276
2021-09-21,1.933233183973,762806301935.1322,768.75,31154738.707873646,40526.4893760958
2021-09-22,2.075944471859,820271543076.0717,837.5,36496216.95382089,43577.5724821742
2021-09-23,2.135308888042,844481693316.983,1031.25,46263213.59643297,44861.2980329047
2021-09-24,2.038939778388,805781097472.616,925.0,39593059.6234731,42803.307701052
2021-09-25,2.035666539997,804538656841.3232,900.0,38461739.24167155,42735.2658240795
2021-09-26,2.040529522117,812031799027.239,868.75,37470311.81660026,43131.2941773816
2021-09-27,2.010425564687,800127083577.4851,968.75,41168760.68673289,42496.7852250146
2021-09-28,1.951689041262,776198293483.3026,950.0,39162596.96062537,41223.7862743425
2021-09-29,1.962665363543,780565646921.4586,812.5,33681331.948184535,41453.9470131502
2021-09-30,2.069864321133,824440444029.2034,1068.75,46791527.3040528,43781.546015488
2021-10-01,2.26565626698,905390548127.1699,875.0,42068365.110059924,48078.1315543542
2021-10-02,2.248711046277,900066645699.4569,1175.0,56156116.05333869,47792.4391943308
2021-10-03,2.266397740964,907836753956.0886,937.5,45189958.98535209,48202.6229177089
2021-10-04,2.31284262096,928335986047.2692,975.0,48056288.77787117,49288.5013106371
2021-10-05,2.411845063946,971135174368.552,1025.0,52847000.56520898,51558.0493319112
2021-10-06,2.572944325306,1043919575657.0316,818.75,45374961.5866397,55419.800411163
2021-10-07,2.490026710036,1013552627931.8853,881.25,47415794.52919861,53805.1569125658
2021-10-08,2.492000787508,1016011255921.6256,750.0,40450145.69316188,53933.5275908825
2021-10-09,2.538238578635,1036359022483.6368,937.5,51572739.82046316,55010.9224751607
2021-10-10,2.520123658863,1030579975221.3647,993.75,54359396.70408202,54701.2797022209
2021-10-11,2.631558646637,1079388786986.324,912.5,52276382.64205137,57289.1864570426
2021-10-12,2.574418652958,1058842478838.182,837.5,47064301.80507379,56196.1812597896
2021-10-13,2.620098281333,1080622323470.5658,1056.25,60574768.1013022,57348.8928769725
2021-10-14,2.613922367304,1081333675898.4808,856.25,49135081.608186014,57384.0369146698
2021-10-15,2.783786506255,1157932253824.4275,881.25,54149361.53143815,61446.0840073057
2021-10-16,2.755061819188,1148296342322.6633,831.25,50649777.544910826,60932.0632119228
2021-10-17,2.775039217832,1158348928964.852,1000.0,61462222.3722969,61462.2223722969
2021-10-18,2.778276503838,1168109108621.0642,925.0,57328778.235074505,61977.0575514319
2021-10-19,2.86843851115,1211781363655.901,968.75,62281807.202531435,64290.8977574518
2021-10-20,2.928317326688,1245221514980.2715,931.25,61520048.05022286,66061.7965639977
2021-10-21,2.756592260011,1175764509578.1985,925.0,57695844.19913797,62373.8856206897
2021-10-22,2.683021944048,1145232055939.3223,987.5,59991580.27968143,60750.9673718293
2021-10-23,2.702488997272,1154696513456.678,906.25,55507887.38241525,61250.082628872
2021-10-24,2.679080716831,1147503503631.4478,956.25,58202583.74377009,60865.4470523086
2021-10-25,2.761945352578,1188415315425.7778,1137.5,71698527.92547855,63031.6729015196
2021-10-26,2.643400963823,1138740201958.921,937.5,56619356.50670297,60393.9802738165
2021-10-27,2.563731148388,1104280514495.558,981.25,57465273.440164536,58563.3359899766
2021-10-28,2.64447556709,1142074087989.8003,956.25,57914872.082305685,60564.5721122151
2021-10-29,2.709231626512,1173560980221.0315,1068.75,66509173.45183188,62230.8055689655
2021-10-30,2.6854484387,1164420084616.5515,968.75,59813450.390515365,61742.9165321449
2021-10-31,2.660031269082,1158628121727.842,868.75,53369892.74208243,61432.9700628287
2021-11-01,2.639313472843,1152255716550.1553,925.0,56510187.92976472,61092.0950592051
2021-11-02,2.705646798155,1188769633683.1074,987.5,62236937.88931907,63024.7472296902
2021-11-03,2.692667749587,1187535932342.479,1006.25,63349456.64902288,62955.9817630041
2021-11-04,2.624435938698,1158125134065.476,893.75,54870789.16785949,61393.8899780246
2021-11-05,2.601770640962,1150864132606.2607,968.75,59099408.30766916,61005.840833723
2021-11-06,2.617491647791,1159397601037.2688,962.5,59150489.11587672,61455.0536268849
2021-11-07,2.682304638596,1189431376523.6956,956.25,60285661.53769725,63043.8290590298
2021-11-08,2.854649564891,1274349562679.1753,843.75,56988356.2100289,67541.7555081824
2021-11-09,2.82534877502,1265995157805.92,950.0,63740806.38712748,67095.5856706605
2021-11-10,2.721054645529,1221912387623.9292,931.25,60304097.60854474,64756.0779689071
2021-11-11,2.723236415073,1225879749587.1582,987.5,64150894.65280535,64962.9312939801
2021-11-12,2.650242500833,1209255835198.8247,887.5,56870084.133196935,64078.968037405
2021-11-13,2.661045965713,1215334035223.431,956.25,61580387.84103595,64397.7912063121
2021-11-14,2.684880108371,1227371081397.81,981.25,63812871.42379379,65032.2256548217
2021-11-15,2.626068388319,1203297567403.2034,943.75,60167368.60655502,63753.5031592636
2021-11-16,2.481173720882,1138596574917.1836,937.5,56552341.73719678,60322.4978530099
2021-11-17,2.470657927214,1135477990765.8389,931.25,56018699.66598659,60154.3083661601
2021-11-18,2.337640428663,1072102568248.274,900.0,51114740.06440674,56794.1556271186
2021-11-19,2.386216999692,1095180607639.1604,856.25,49674549.99674169,58014.0729888954
2021-11-20,2.455017801074,1127995381461.3696,906.25,54147960.65201273,59749.4738229106
2021-11-21,2.424879879847,1114510856672.638,825.0,48701914.88394656,59032.6241017534
2021-11-22,2.319018826324,1064547451127.3552,881.25,49688017.428309426,56383.5658760958
2021-11-23,2.368765838495,1088359834858.612,825.0,47554869.28340881,57642.2657980713
2021-11-24,2.346842971087,1078967043352.8656,981.25,56070421.05883807,57141.8303784337
2021-11-25,2.404923210419,1114264869559.638,812.5,47944532.57689217,59008.6554792519
2021-11-26,2.198435955413,1015965489485.063,825.0,44385509.71716106,53800.6178389831
2021-11-27,2.23272965194,1031787373971.6844,893.75,48830819.95120544,54635.8824628872
2021-11-28,2.336711996385,1081177168314.8127,868.75,49734694.923727,57248.5696963764
2021-11-29,2.35943908323,1093922763691.2256,893.75,51766635.214921854,57920.7107299825
2021-11-30,2.324578694477,1078413765008.8096,837.5,47818748.215203136,57097.0127942724
2021-12-01,2.324286205718,1080041656303.1398,856.25,48960897.17888296,57180.6098439509
2021-12-02,2.300196624281,1068806660306.1696,968.75,54814678.33885515,56582.8937691408
2021-12-03,2.184991514137,1013871254042.7568,1050.0,56355196.87149324,53671.6160680888
2021-12-04,2.009166960477,928688246483.0732,968.75,47623494.05466464,49159.7357983635
2021-12-05,2.016818310956,931901019326.8503,1037.5,51176859.60993941,49327.0935999416
2021-12-06,2.067537537544,954783478279.0153,1075.0,54325582.11500579,50535.4252232612
2021-12-07,2.064377234197,955569896395.9672,962.5,48677930.1031897,50574.4728344828
2021-12-08,2.06171865801,954228172561.4713,1050.0,53025687.068942174,50500.6543513735
2021-12-09,1.960546627964,905851378783.0408,1018.75,48836657.024180345,47937.8228458212
2021-12-10,1.941373722658,896438217378.8429,975.0,46251298.24821743,47437.2289725307
2021-12-11,2.016910635367,932097595289.7968,943.75,46547419.800703175,49321.7693252484
2021-12-12,2.049751176277,947539855067.0088,875.0,43869500.724758886,50136.5722568673
2021-12-13,1.915299897932,884245329814.8835,881.25,41229570.15990645,46785.3278410286
2021-12-14,1.974877505476,912779083729.6282,925.0,44670731.081385136,48292.6822501461
2021-12-15,1.995926977652,922989712159.9609,881.25,43031985.97769035,48830.6223860316
2021-12-16,1.94871973203,900962599446.6979,718.75,34258118.42117001,47663.4691077148
2021-12-17,1.896526938461,875884494655.8488,931.25,43148987.99123502,46334.4837489772
2021-12-18,1.919525855516,886704391681.2982,800.0,37523898.94026888,46904.8736753361
2021-12-19,1.918249189772,886210279075.9624,931.25,43653672.57299456,46876.426924021
2021-12-20,1.922187343668,887733510019.3331,900.0,42259287.13048512,46954.7634783168
2021-12-21,2.007205377658,928001919405.3176,1006.25,49388825.35704412,49082.0624666277
2021-12-22,1.990870317874,920673856889.829,925.0,45040191.33372152,48692.0987391584
2021-12-23,2.070150565572,958932834186.8992,950.0,48177322.22985099,50712.9707682642
2021-12-24,2.071634649338,960320724015.7853,943.75,47927243.73491199,50783.8344210988
2021-12-25,2.064057745187,956710327599.571,918.75,46479976.76222714,50590.4508976622
2021-12-26,2.071542317446,960683606726.741,837.5,42543581.76570356,50798.3065859147
2021-12-27,2.070718360007,960694114316.4371,925.0,46986649.348064,50796.3776735827
2021-12-28,1.945824586517,901663524613.2401,837.5,39926174.387885734,47673.0440452367
2021-12-29,1.898459995686,878957961885.9197,906.25,42113728.927436456,46470.3215751023
2021-12-30,1.923609297095,890949566257.0243,743.75,35032456.859075435,47102.4630037989
2021-12-31,1.893385603418,876856588254.3342,931.25,43168203.01381832,46355.1173302747
2022-01-01,1.941966039424,899699536194.4493,1075.0,51127010.08527181,47560.0093816482
2022-01-02,1.933497096507,895821904623.9598,987.5,46760650.78461791,47352.5577565751
2022-01-03,1.897502355497,878852778922.5397,875.0,40646753.30786088,46453.432351841
2022-01-04,1.876886228678,868537343384.6884,918.75,42176101.78097605,45905.9611221508
2022-01-05,1.782277170897,823643008455.5006,937.5,40810260.03643706,43530.9440388662
2022-01-06,1.768057798633,816379327436.9196,912.5,39369780.82969022,43144.9652928112
2022-01-07,1.704571291459,785531894863.5997,875.0,36323686.50822616,41512.7845808299
2022-01-08,1.71699299406,791000850844.3613,900.0,37619831.59637643,41799.8128848627
2022-01-09,1.72082066082,792678163975.4711,881.25,36912476.853342324,41886.4985569842
2022-01-10,1.718638590786,791399129617.2528,887.5,37112544.06229541,41816.9510561075
2022-01-11,1.758039861455,809443647923.8131,987.5,42233576.37898522,42768.1786116306
2022-01-12,1.805597050184,832058044393.2726,868.75,38191141.81020964,43961.0265441262
2022-01-13,1.752041588022,806853831547.6661,1118.75,47688805.65781518,42626.8653924605
2022-01-14,1.771675205411,815902410549.5798,993.75,42833256.07044673,43102.6476180596
2022-01-15,1.775752274618,817916391880.5941,1037.5,44826924.77434616,43206.6744812975
2022-01-16,1.774015355513,817247761097.5043,1093.75,47215940.26094936,43168.8596671537
2022-01-17,1.73630676024,799161712730.7869,1006.25,42475090.839470714,42211.270399474
2022-01-18,1.745911520714,803362185167.5491,850.0,36066547.17198128,42431.2319670368
2022-01-19,1.721981468557,791223617186.8657,1081.25,45182974.42640271,41787.722012858
2022-01-20,1.681574639726,771734062475.5161,1056.25,43048658.259734765,40756.1261630625
2022-01-21,1.514790775018,691027075447.2772,837.5,30562290.550215486,36492.2872241379
2022-01-22,1.455165902925,662729719330.2249,837.5,29309477.433375936,34996.390965225
2022-01-23,1.508378975549,686900017938.7032,881.25,31963863.04607505,36271.0502650497
2022-01-24,1.526343091945,694295100608.7682,937.5,34368492.39434175,36659.7252206312
2022-01-25,1.538880544803,699876683066.1487,950.0,35104957.4345704,36952.586773232
2022-01-26,1.534660000135,697505746691.7056,812.5,29920982.486977644,36825.8245993571
2022-01-27,1.543763850705,701250560952.0532,818.75,30311711.027852856,37021.9371332554
2022-01-28,1.576577931046,715434506562.4597,962.5,36352515.70299897,37768.8474836353
2022-01-29,1.592485103381,721521023451.4706,931.25,35469721.206070624,38088.2912279953
2022-01-30,1.589486377439,719570704158.332,912.5,34659949.57592049,37983.5063845704
2022-01-31,1.609690053329,728682541998.9691,893.75,34376013.460164,38462.6724029807
2022-02-01,1.61452774476,734882587285.7963,962.5,37333415.4293176,38787.9640824079
2022-02-02,1.539179072383,699950267339.7744,956.25,35326103.77904481,36942.3307493279
2022-02-03,1.544771260316,702169321610.3784,918.75,34046717.94763478,37057.6521879018
2022-02-04,1.709053357873,778416466655.57,812.5,33377423.69661017,41079.9060881356
2022-02-05,1.726159971835,786570243049.2509,743.75,30872007.63385444,41508.5816925774
2022-02-06,1.760874145144,802711930524.7646,975.0,41299269.54395824,42358.2251732905
2022-02-07,1.821609827046,831757893938.8805,850.0,37305633.10184105,43888.980119813
2022-02-08,1.831529736531,837077702292.8624,962.5,42511165.61476842,44167.4447945646
2022-02-09,1.840095004198,841620177986.7826,875.0,38854439.05373319,44405.0732042665
2022-02-10,1.806667830508,826673340569.5298,918.75,40070677.35202736,43614.3426960842
2022-02-11,1.754236923972,802885153204.8153,887.5,37592123.04573346,42357.3217416715
2022-02-12,1.745950590083,799449167809.6085,1168.75,49290230.66937829,42173.4593962595
2022-02-13,1.746704565079,799910438394.8269,987.5,41668149.81086347,42195.5947451782
2022-02-14,1.765131690456,808492710849.5155,956.25,40780392.27775319,42646.1618590883
2022-02-15,1.839746953131,843912516712.541,1093.75,48684899.90877045,44511.9084880187
2022-02-16,1.820760197081,835495877044.4435,975.0,42964066.53570281,44065.7092673875
2022-02-17,1.680750155719,770015151406.7638,981.25,39848586.30663906,40610.024261543
2022-02-18,1.658393382535,759320197985.6616,837.5,33537034.656757757,40044.2204856809
2022-02-19,1.660632849962,760337246150.2621,931.25,37339295.07550189,40095.887329398
2022-02-20,1.597672365828,731088089618.0752,900.0,34696460.24710695,38551.6224967855
2022-02-21,1.53935959409,703550978541.0667,768.75,28519115.18129022,37098.0360081824
2022-02-22,1.585255941769,724534819639.9742,950.0,36292464.37773233,38202.5940818235
2022-02-23,1.548559725335,707608386323.9312,937.5,34976501.93852278,37308.2687344243
2022-02-24,1.589005849792,726142231115.2035,825.0,31584127.0817358,38283.790402104
2022-02-25,1.632120546767,745900830759.9186,837.5,32933657.555764914,39323.7702158387
2022-02-26,1.621580052318,740863193300.3043,781.25,30512951.68149109,39056.5781523086
2022-02-27,1.564733720961,714494212585.6721,850.0,32015062.39044417,37664.7792828755
2022-02-28,1.785886675274,819144394069.7399,962.5,41560032.46975089,43179.2545140269
2022-03-01,1.831088158538,841104392825.5334,1012.5,44888638.3021881,44334.457582408
2022-03-02,1.815856076135,834504066221.5271,850.0,37386897.1877528,43984.584926768
2022-03-03,1.753487692697,806239776434.6935,925.0,39305816.3711426,42492.7744552893
2022-03-04,1.617160596022,742022224694.9856,868.75,33973689.53136143,39106.4052159556
2022-03-05,1.62862859109,747317522202.4407,768.75,30276361.473338,39383.8848433665
2022-03-06,1.588284555745,728667065433.831,818.75,31439461.775714114,38399.3426268264
2022-03-07,1.578754463552,723908847546.8259,925.0,35285729.2027396,38146.734273232
2022-03-08,1.603838311539,734927448074.0189,925.0,35821066.466927275,38725.477261543
2022-03-09,1.735654059064,796906050430.487,862.5,36215859.93047558,41989.4028179427
2022-03-10,1.630630592506,749359384983.7483,906.25,35780796.73596398,39482.2584672706
2022-03-11,1.605299073538,736925253813.8165,862.5,33486876.813500106,38825.3644214494
2022-03-12,1.610487025913,739350326402.7109,975.0,37977351.765385695,38951.1300157802
2022-03-13,1.563583025151,717693726421.2742,943.75,35681599.54663609,37808.3174004091
2022-03-14,1.638923579978,752673129199.2286,956.25,37914399.59143044,39649.0453243717
2022-03-15,1.62739184969,747159778521.4589,868.75,34191232.07567573,39356.8139000584
2022-03-16,1.697348146346,780326259892.9254,968.75,39817338.311037034,41101.768579135
2022-03-17,1.69308040701,777797289016.2966,993.75,40710376.8266675,40966.4169324956
2022-03-18,1.727490580808,794157105661.4315,893.75,37382091.238466166,41826.1160710111
2022-03-19,1.742021306446,801167113251.2291,968.75,40874625.23822872,42193.1615362361
2022-03-20,1.705071792374,784147246647.208,962.5,39746171.38118204,41294.7235129164
2022-03-21,1.695351371558,779813454595.2153,956.25,39267860.85105204,41064.429648159
2022-03-22,1.748109505852,804895791994.0563,931.25,39469326.61434618,42383.169518761
2022-03-23,1.761428760821,811600915721.3618,906.25,38727868.782256335,42734.2000355932
2022-03-24,1.810651634482,835197568855.9592,893.75,39302293.01950067,43974.5935882525
2022-03-25,1.816863848057,842314472588.2867,975.0,43238358.42266948,44347.034279661
2022-03-26,1.823441620909,845643141455.347,1006.25,44798176.40701522,44519.9268641145
2022-03-27,1.912928867709,888557797875.1592,818.75,38298837.10672488,46777.2056265342
2022-03-28,1.926069685862,897085228548.5029,993.75,46928505.055493906,47223.6528860316
2022-03-29,1.931857269809,901690266879.8414,943.75,44793876.00775312,47463.7096770894
2022-03-30,1.916462997871,895263051309.1227,843.75,39760281.96851253,47123.2971478667
2022-03-31,1.854211355144,865644342353.4548,862.5,39297406.69991601,45562.2106665693
2022-04-01,1.880179566094,878758918482.4454,881.25,40758108.853662,46250.3362878434
2022-04-02,1.867666383452,872899323456.1626,843.75,38761788.38815024,45939.8973489188
2022-04-03,1.886983002157,882452402068.5901,868.75,40345222.47306398,46440.5438538866
2022-04-04,1.894586551764,886725621050.4031,987.5,46079716.62487578,46663.0041770894
2022-04-05,1.855218925189,868334945220.4375,906.25,41409313.02489409,45693.0350619521
2022-04-06,1.760916830916,822992941537.3002,937.5,40598378.6240685,43304.9371990064
2022-04-07,1.771822948566,828049823775.4825,862.5,37578303.18393844,43569.0471697837
2022-04-08,1.718699748527,802485243344.183,837.5,35360982.76841028,42222.0689772063
2022-04-09,1.737109234767,811248536966.8553,956.25,40813701.215911,42680.9947355932
2022-04-10,1.720498052487,803368401022.6544,875.0,36981405.46712448,42264.4633909994
2022-04-11,1.612532718343,751691818357.7859,856.25,33859571.56338763,39544.0251835184
2022-04-12,1.633029961572,762229617848.9938,956.25,38342150.919718,40096.3669748685
2022-04-13,1.6754481725,782347510376.0757,875.0,36008661.02030977,41152.7554517826
2022-04-14,1.624100214604,758879643233.893,862.5,34427978.13143995,39916.4963842782
2022-04-15,1.648615453539,770532674214.2937,987.5,40020740.30729102,40527.3319567504
2022-04-16,1.645198704281,768898298022.5022,837.5,33868155.05132234,40439.5881209819
2022-04-17,1.615563193564,754968041603.9386,1031.25,40945558.47920629,39704.7839798364
2022-04-18,1.660587322655,776186219648.7059,837.5,34185810.82965372,40818.8786025716
2022-04-19,1.68715900189,788973605180.1066,775.0,32154489.445905898,41489.6638011689
2022-04-20,1.683056618589,787227117424.9535,1000.0,41395644.58346,41395.64458346
2022-04-21,1.642192379664,769428938686.3944,1056.25,42733230.08857578,40457.4959418469
2022-04-22,1.614479409264,755778442607.8029,843.75,33528915.14407695,39737.9735040912
2022-04-23,1.608260125691,752860950838.1914,1018.75,40324625.90085479,39582.4548720047
2022-04-24,1.60550883035,751556383525.8639,1068.75,42228071.33425449,39511.6456928697
2022-04-25,1.644601591866,769897647999.5433,1012.5,40979670.17162113,40473.7483176505
2022-04-26,1.549627067302,724259783050.5642,875.0,33313700.76453825,38072.800873758
2022-04-27,1.596095580203,746096829666.1973,1062.5,41669696.2185674,39218.5376174752
2022-04-28,1.617507844772,756201958477.4653,825.0,32792091.277276482,39747.9894270018
2022-04-29,1.572635096383,734578607327.6136,937.5,36196411.787879914,38609.5059070719
2022-04-30,1.537292898922,717578011718.2109,937.5,35356964.0441445,37714.0949804208
2022-05-01,1.567381909459,731795620564.7079,1043.75,40141818.15947216,38459.226979135
2022-05-02,1.573983130319,733867042100.8314,1000.0,38566062.8877849,38566.0628877849
2022-05-03,1.540983434257,717506054791.5656,937.5,35347879.98310566,37704.4053153127
2022-05-04,1.618770611892,754411390672.5853,912.5,36173190.111060806,39641.852176505
2022-05-05,1.493350506698,694694154668.1464,981.25,35817611.599637665,36502.0245601403
2022-05-06,1.476077962977,685990134639.4475,887.5,31988162.108120203,36042.9995584453
2022-05-07,1.454866736249,675852998119.4371,893.75,31735910.476621866,35508.7110227937
2022-05-08,1.397053307677,648291225672.0372,968.75,32994565.852206264,34058.9066861484
2022-05-09,1.25746370058,579778106079.444,968.75,29506111.762547527,30457.9218194039
2022-05-10,1.282199871846,589950045319.7169,956.25,29634890.502472963,30990.7351659848
2022-05-11,1.198898869373,548207026149.2423,906.25,26096879.619703412,28796.5568217417
2022-05-12,1.211574517788,552689095253.7048,843.75,24494659.06650896,29030.7070417884
2022-05-13,1.224580870454,557575962443.4471,950.0,27821637.938237835,29285.9346718293
2022-05-14,1.254528110725,572186367858.1311,881.25,26483268.384194206,30051.935755114
2022-05-15,1.301371234936,593738302710.1289,762.5,23776748.70011686,31182.6212460549
2022-05-16,1.248816594441,569149173743.4916,1025.0,30636852.78763883,29889.6124757452
2022-05-17,1.272635339124,579623074735.8607,918.75,27965091.148816478,30438.1944476914
2022-05-18,1.204897921252,547903613073.46497,837.5,24095897.150884032,28771.2204786675
2022-05-19,1.268265640482,576237927167.5203,762.5,23071637.50189951,30257.8852483928
2022-05-20,1.226785298597,556576449741.6575,800.0,23379396.7987376,29224.245998422
2022-05-21,1.235285942059,560330903433.8232,843.75,24823191.053641893,29420.0782857978
2022-05-22,1.273331088604,577719993300.8108,762.5,23128054.795569126,30331.87514173
2022-05-23,1.22293867204,554062243386.7935,1000.0,29088251.5419638,29088.2515419638
2022-05-24,1.246431579256,564664143267.9167,750.0,22232762.8167738,29643.6837556984
2022-05-25,1.244237310755,563425495600.498,900.0,26619533.8921683,29577.259880187
2022-05-26,1.235100855496,558788579642.6685,881.25,25849253.32870399,29332.4860467563
2022-05-27,1.20688817198,545088669358.9464,862.5,24677885.63017239,28612.0413103448
2022-05-28,1.225163407756,553373761224.6202,925.0,26867106.58684248,29045.5206344243
2022-05-29,1.241234457517,560727563224.8401,931.25,27406751.737635892,29430.0689800117
2022-05-30,1.337557348648,604691877439.0,962.5,30545856.660498217,31735.9549719462
2022-05-31,1.340327318645,606539699591.0908,912.5,29046161.19168249,31831.4095251315
2022-06-01,1.258203816602,568350982618.1753,850.0,25352033.86940389,29825.9221992987
2022-06-02,1.289506254729,581301103485.3453,781.25,23831459.37477172,30504.2679997078
2022-06-03,1.255277674265,565289816719.395,893.75,26511012.18023669,29662.6709708942
2022-06-04,1.261962571345,567788127583.5594,868.75,25882154.170182317,29792.4076779077
2022-06-05,1.26746929363,570159608584.3286,912.5,27297810.98715666,29915.4093009936
2022-06-06,1.32794694055,597219834771.5532,937.5,29375322.206019845,31333.6770197545
2022-06-07,1.322740859864,594227633838.3704,1012.5,31564720.33435126,31175.0324289889
2022-06-08,1.283418736198,576218725147.5542,1112.5,33629166.97699448,30228.464698422
2022-06-09,1.278193263932,573120367821.6552,912.5,27433843.04514908,30064.4855289305
2022-06-10,1.237117043464,554196788670.7576,918.75,26708430.027653825,29070.4000300994
2022-06-11,1.208249128114,540696111012.39246,962.5,27297260.301026486,28360.7899231444
2022-06-12,1.144614146671,511538437846.9446,793.75,21296537.881856356,26830.2839456458
2022-06-13,0.962386955567,425493856127.20056,831.25,18550388.664529175,22316.2570400351
2022-06-14,0.958749419408,420873377970.2221,912.5,20141490.506589744,22072.8663085915
2022-06-15,0.982571637347,429437386455.3185,1031.25,23224565.72779076,22520.7910087668
2022-06-16,0.89010384052,387299429738.925,743.75,15105694.132448124,20310.1769848042
2022-06-17,0.900449527228,390264246951.8146,675.0,13813827.133939244,20464.9290873174
2022-06-18,0.839761069586,362611174621.4809,975.0,18538520.57231148,19013.8672536528
2022-06-19,0.905122908176,390823129715.5468,831.25,17034220.35866816,20492.2951683226
2022-06-20,0.909413901996,392353137499.7772,825.0,16971594.11039598,20571.6292247224
2022-06-21,0.916201262025,394600889959.4376,937.5,19395436.060509186,20688.4651312098
2022-06-22,0.887627935977,381546027327.4448,806.25,16127554.472127032,20003.1683375219
2022-06-23,0.936392381423,402432082094.104,950.0,20042247.69148157,21097.1028331385
2022-06-24,0.946260674502,406301957818.1101,806.25,17172380.81946964,21299.0769853887
2022-06-25,0.953541799671,409551146129.82904,943.75,20260748.854072865,21468.3431566335
2022-06-26,0.93595363596,401905669584.8117,862.5,18169960.56335113,21066.6209430158
2022-06-27,0.92317584654,395902927689.18256,850.0,17638393.94167157,20751.0516960842
2022-06-28,0.902427057507,386614220232.3532,912.5,18490187.920945384,20263.2196393922
2022-06-29,0.895265183982,383155502450.5327,943.75,18951394.756633524,20080.9480864991
2022-06-30,0.865015984997,368903228195.36633,1068.75,20662049.838356636,19332.9121294565
2022-07-01,0.866810006703,369090226458.1767,837.5,16198810.36641658,19341.8631240795
2022-07-02,0.862322030966,367007144409.2252,862.5,16587454.848458515,19231.8317083577
2022-07-03,0.864908319377,367878517546.52386,968.75,18674123.5806911,19276.5146639392
2022-07-04,0.907445950743,386022540612.4449,893.75,18077254.261652566,20226.2984745763
2022-07-05,0.906388103368,385408468112.8211,737.5,14892590.31043104,20193.3427938048
2022-07-06,0.924592307191,392438882291.5653,793.75,16320169.776316812,20560.8438126826
2022-07-07,0.973646516264,413275623808.41907,981.25,21245455.033396006,21651.4191423144
2022-07-08,0.981374953634,416395031613.0832,925.0,20177753.089611385,21813.7871239042
2022-07-09,0.97256585657,412048402705.4956,837.5,18077548.21103885,21585.1321922852
2022-07-10,0.938937826789,397677569200.7721,956.25,19919905.180702105,20831.2733915839
2022-07-11,0.903257154365,381276239330.9752,768.75,15352959.53043542,19971.3294704851
2022-07-12,0.875464077465,369225505108.16406,943.75,18251326.090528235,19339.1534734074
2022-07-13,0.91248166822,384825682177.9338,687.5,13856925.389099924,20155.5278386908
2022-07-14,0.931267482062,392428543677.9312,775.0,15928496.74742106,20552.8990289304
2022-07-15,0.947404727073,397770775563.73773,887.5,18488153.896716826,20831.722700526
2022-07-16,0.963942951894,404755787365.4628,925.0,19606770.95718148,21196.5091428989
2022-07-17,0.947388315858,397732973007.4676,775.0,16141613.671658412,20827.8886085915
2022-07-18,1.014380417157,425971905281.9996,818.75,18262797.313873477,22305.7066428989
2022-07-19,1.064015965884,446339832050.2446,862.5,20157662.29437101,23371.2026601403
2022-07-20,1.059545792317,444634259889.05206,787.5,18333736.83857394,23280.9356680304
2022-07-21,1.055572042956,442199694644.768,868.75,20113655.58912368,23152.4093112215
2022-07-22,1.037202359622,433693823514.26,825.0,18732518.93325829,22706.0835554646
2022-07-23,1.027767986307,429482365773.2771,962.5,21641292.01054571,22484.4592317358
2022-07-24,1.035693112787,432730761552.05457,981.25,22228606.581770543,22653.3570260082
2022-07-25,0.984744106523,410911525111.4701,887.5,19090236.458847847,21510.1255874342
2022-07-26,0.970493939661,404657958397.2495,1000.0,21181659.1967855,21181.6591967855
2022-07-27,1.048530886503,437478763559.1204,1031.25,23613990.53920768,22898.4150683226
2022-07-28,1.090974652069,455461367222.4853,881.25,21007728.253909644,23838.5568838691
2022-07-29,1.096121570662,457626609085.485,912.5,21855050.596654005,23950.7403798948
2022-07-30,1.08119685014,451391833403.0792,806.25,19046394.43741413,23623.4349611338
2022-07-31,1.06930792552,446307219209.83734,950.0,22188363.610432506,23356.1722215079
2022-08-01,1.068081818605,445854500671.93616,850.0,19831726.29241668,23331.4426969608
2022-08-02,1.054827227962,440143630646.2181,968.75,22311694.793295205,23031.4268834015
2022-08-03,1.044976588452,435927882119.2917,906.25,20671333.619173758,22809.7474418469
2022-08-04,1.037537603272,432479435664.96185,825.0,18668373.96774545,22628.3320821157
2022-08-05,1.065899475533,444363077389.24005,937.5,21795910.78344169,23248.9715023378
2022-08-06,1.054367720796,439556370388.69934,1006.25,23140001.764328294,22996.2750452952
2022-08-07,1.061585802404,442587644255.7988,993.75,23008948.10591579,23153.6584713618
2022-08-08,1.091208903728,455033818812.5433,900.0,21423285.46388664,23803.6505154296
2022-08-09,1.064322658536,443253027415.8556,893.75,20722748.248402286,23186.2917464641
2022-08-10,1.097349862382,457359947811.3196,925.0,22128829.09682199,23923.0584830508
2022-08-11,1.098103095757,457598463723.4284,875.0,20942634.174094062,23934.4390561075
2022-08-12,1.118913448413,466452355020.96,962.5,23481447.264552876,24396.3088462887
2022-08-13,1.120303000575,467045519559.256,868.75,21220280.861866277,24426.2225748101
2022-08-14,1.1152866103,464923825825.5608,831.25,20211180.52181112,24314.2021315021
2022-08-15,1.105125221321,460542963581.37933,906.25,21826083.289724577,24083.9539748685
2022-08-16,1.095336349684,456451152283.436,925.0,22078657.90153416,23868.8193530099
2022-08-17,1.071575714816,446287363119.0393,806.25,18814931.325646564,23336.3489310345
2022-08-18,1.066480347068,444105576817.22424,900.0,20899053.54257742,23221.1706028638
2022-08-19,0.962223516455,399865784896.4949,1112.5,23258777.524484977,20906.7663141438
2022-08-20,0.97348633387,404473619044.496,931.25,19692822.284513827,21146.6548021625
2022-08-21,0.99226378976,412284535348.17566,912.5,19668021.506687656,21553.9961717125
2022-08-22,0.981225385052,407466140105.92474,906.25,19304107.42770125,21301.0840581531
2022-08-23,0.992293505064,411954552631.3741,1075.0,23149602.928543296,21534.5143521333
2022-08-24,0.987637310218,409878577064.975,912.5,19550287.701172557,21424.9728232028
2022-08-25,0.995543286361,413015814390.91345,993.75,21452915.587050665,21587.8395844535
2022-08-26,0.934524032452,387369347817.7026,1100.0,22270782.13068379,20246.1655733489
2022-08-27,0.925756657439,383519310960.92694,906.25,18164866.79713984,20043.9909485681
2022-08-28,0.908751979889,376450966908.2225,1006.25,19796500.851495784,19673.5412188778
2022-08-29,0.936300029003,387902405358.73914,981.25,19890879.876786266,20270.960383986
2022-08-30,0.91691540216,379397503826.90955,1012.5,20073281.496686853,19825.4632066043
2022-08-31,0.926540201628,383228003505.9351,912.5,18272512.840439778,20024.6716059614
2022-09-01,0.930819103606,384791505857.64453,862.5,17340961.49875071,20105.4626072472
2022-09-02,0.924346524698,381810364146.53986,806.25,16083765.752496354,19948.8567472823
2022-09-03,0.917781321543,379052887734.96625,918.75,18194771.81656012,19803.8332697253
2022-09-04,0.924996509034,382099532564.477,1050.0,20960007.48524256,19961.9118907072
2022-09-05,0.917682178845,378977066517.5076,956.25,18931643.178934082,19797.7967884278
2022-09-06,0.874858544608,360777012676.7327,887.5,16725958.601946937,18846.150537405
2022-09-07,0.895970446823,369346999995.14307,912.5,17604777.705497492,19292.9070745178
2022-09-08,0.897686434169,369864252540.9233,793.75,15334555.350684926,19319.1248512566
2022-09-09,0.991990113442,409017455131.7917,918.75,19627430.30587194,21363.3136152542
2022-09-10,1.008276774233,415785927560.1788,981.25,21308429.803139564,21715.2107980713
2022-09-11,1.00926214108,416141395725.3066,1143.75,24856963.609102905,21732.7705686733
2022-09-12,1.038445934441,428261637184.8132,956.25,21386266.923721544,22365.2145601987
2022-09-13,0.939370352409,386157248713.93646,856.25,17266317.350120526,20165.0421607247
2022-09-14,0.944134275318,387730658256.55914,793.75,16070553.046179844,20246.3660424313
2022-09-15,0.919794265144,377225556977.2085,918.75,18096499.189534593,19696.8698661601
2022-09-16,0.922172305414,378097572891.12006,800.0,15793262.09351256,19741.5776168907
2022-09-17,0.939999035144,385380080042.85614,1062.5,21378246.24262128,20120.7023459965
2022-09-18,0.907953496893,372113932908.2874,962.5,18698584.002803896,19427.1002626534
2022-09-19,0.914684111914,374636684861.29944,812.5,15890856.278546924,19557.9769582116
2022-09-20,0.88338246827,361532792864.2618,950.0,17929302.37340737,18872.9498667446
2022-09-21,0.86699153682,354534333416.6793,881.25,16309082.909263564,18506.7607481005
2022-09-22,0.909510592046,371940200960.5232,800.0,15531631.7159556,19414.5396449445
2022-09-23,0.90563544045,370276849734.61835,843.75,16307042.191865128,19326.8648199883
2022-09-24,0.886975013788,362590477877.56635,912.5,17268850.605873745,18924.7677872589
2022-09-25,0.881057004179,360086121322.07837,918.75,17266212.21568525,18793.1561531268
2022-09-26,0.900322536822,367921135053.928,937.5,18001060.988365687,19201.1317209234
2022-09-27,0.896561719809,366127838719.62805,806.25,15404808.2490101,19106.7389135009
2022-09-28,0.913487552122,372818335629.0543,937.5,18239003.634479064,19454.937210111
2022-09-29,0.917870607279,374482476447.1954,893.75,17464649.354454625,19540.8664105786
2022-09-30,0.91356153704,372477904951.7994,1056.25,20528424.39310897,19435.1946917008
2022-10-01,0.907912672634,370136058133.8757,1131.25,21846543.46825649,19311.861629398
2022-10-02,0.894190083633,364470603274.7758,981.25,18658756.06498936,19015.2928050847
2022-10-03,0.923308111571,376337531461.188,962.5,18897178.863942895,19633.4325859147
2022-10-04,0.956568501176,389901326705.8898,1018.75,20721345.742643137,20339.9712811221
2022-10-05,0.948163366006,386379527832.91864,1093.75,22044640.295468654,20155.0996987142
2022-10-06,0.938866609583,382478030109.5452,993.75,19825856.872010164,19950.5477957335
2022-10-07,0.919983246052,374611763556.60834,1068.75,20882460.06629892,19539.1439216832
2022-10-08,0.914595870208,372275436651.0157,1093.75,21236443.84433447,19416.1772291058
2022-10-09,0.915262738221,372528344873.01337,987.5,19185512.54322397,19428.3671323787
2022-10-10,0.902773565181,367295367833.38873,1050.0,20112124.446391005,19154.4042346581
2022-10-11,0.897697758664,365106524490.82605,981.25,18682295.529598955,19039.2820683811
2022-10-12,0.904197086018,367378647972.2289,856.25,16403105.527173424,19156.9115645821
2022-10-13,0.915299590894,371824448281.4801,893.75,17327876.352085046,19387.8336806546
2022-10-14,0.905697877908,367813040138.8371,975.0,18698251.7505772,19177.6941031561
2022-10-15,0.900728724487,365763269803.227,950.0,18116381.180873726,19069.8749272355
2022-10-16,0.909910910294,369460796080.11127,900.0,17335574.80905906,19261.7497878434
2022-10-17,0.924678135264,375142761443.2314,937.5,18334707.94747228,19557.0218106371
2022-10-18,0.91398573907,371024014617.1823,887.5,17165499.20448935,19341.4075543542
2022-10-19,0.904610705933,367027991687.44006,943.75,18055970.739048824,19132.1544254822
2022-10-20,0.900242542303,365150292653.8844,906.25,17248997.021716107,19033.3760239626
2022-10-21,0.907143363442,367883634520.1516,975.0,18695504.44002481,19174.8763487434
2022-10-22,0.909318069409,368528334460.5667,850.0,16326484.231706584,19207.6285078901
2022-10-23,0.926261633178,375411929443.3675,968.75,18953993.189235084,19565.4123243717
2022-10-24,0.915784798173,371131281846.5523,850.0,16440241.17859435,19341.460210111
2022-10-25,0.951195313284,385605065822.4446,762.5,15322407.855194304,20094.9611215663
2022-10-26,0.983939477562,399097328311.379,968.75,20147123.612525523,20797.0308258328
2022-10-27,0.959624512348,389195921538.64905,843.75,17111397.76429539,20280.1751280538
2022-10-28,0.975004031923,395442686247.225,993.75,20475835.017009437,20604.6138535944
2022-10-29,0.98443454901,399285967648.70013,893.75,18593485.553959653,20803.8999205143
2022-10-30,0.975832100659,395710529271.3392,843.75,17395343.474074002,20616.7033766803
2022-10-31,0.97009674747,393317251848.5653,1081.25,22155740.408085585,20490.8581808884
2022-11-01,0.970049689813,393203403802.07855,900.0,18435569.8778784,20483.966530976
2022-11-02,0.954490976446,386775127359.09686,762.5,15363066.972249396,20148.2845537697
2022-11-03,0.956986021054,387752323864.0792,1025.0,20703063.96568239,20198.1111860316
2022-11-04,1.000981821699,406182308414.37366,806.25,17058028.722819287,21157.2449275278
2022-11-05,1.007111287598,408625727281.5159,943.75,20086276.322444882,21283.4715999416
2022-11-06,0.991409279364,402179894315.6349,856.25,17935700.099526964,20946.8030359439
2022-11-07,0.976088727485,394936214963.7293,900.0,18511708.60651662,20568.5651183518
2022-11-08,0.880744871078,355639311703.4768,1018.75,18868239.37296538,18520.971163647
2022-11-09,0.753958696179,302605063696.8061,931.25,14674908.756361382,15758.2912819988
2022-11-10,0.839903712816,336865135843.0826,918.75,16116308.513382196,17541.5602866745
2022-11-11,0.811340136624,324882485889.16296,837.5,14167862.403638208,16916.8506312098
2022-11-12,0.806378353685,322103638475.01587,1043.75,17504984.538721833,16771.2426718293
2022-11-13,0.785273663056,313459931493.43146,806.25,13158401.784627032,16320.4983375219
2022-11-14,0.801361740695,319407146559.77606,768.75,12783911.531277409,16629.4784146698
2022-11-15,0.81368542899,323766538003.8617,968.75,16328856.480274688,16855.59378609
2022-11-16,0.806089820633,320017579504.2511,937.5,15618380.938687123,16659.6063345996
2022-11-17,0.81024033294,320331100560.6855,862.5,14382341.905143213,16675.1790204559
2022-11-18,0.818509642211,320083241544.82635,868.75,14474698.069438543,16661.5229576271
2022-11-19,0.820610369081,320760994779.17206,918.75,15339453.72842816,16696.0040581531
2022-11-20,0.799184425512,312146945942.77655,931.25,15129874.126221914,16246.8446992987
2022-11-21,0.777592696604,303152194386.4471,806.25,12721026.532566868,15778.0174047341
2022-11-22,0.79805211183,310751834009.56635,787.5,12736150.358821629,16172.8893445354
2022-11-23,0.817451445016,318474713411.88574,881.25,14605891.899547078,16574.0617299825
2022-11-24,0.81837142484,318669910367.05646,806.25,13370466.502781667,16583.5243445354
2022-11-25,0.816011276502,317507827540.0432,768.75,12701586.372117952,16522.3887767388
2022-11-26,0.812740435671,316101841086.03455,681.25,11205636.890880708,16448.6413077148
2022-11-27,0.812332752733,315874237356.33,850.0,13970660.15352131,16436.0707688486
2022-11-28,0.802349876662,311593224390.96533,868.75,14084680.10526372,16212.5814161309
2022-11-29,0.814147810046,316035861020.9537,818.75,13462736.39636542,16443.0368199883
2022-11-30,0.850801464317,330155532207.7363,862.5,14815075.121339832,17176.8986914085
2022-12-01,0.840529289057,326027592017.76044,956.25,16219235.287773997,16961.2918042081
2022-12-02,0.84670015577,328228712887.5605,781.25,13339929.01332375,17075.1091370544
2022-12-03,0.838232388894,324867019678.67773,818.75,13836471.66992074,16899.5073831093
2022-12-04,0.84968361727,329153600280.11,875.0,14981500.6096581,17121.7149824664
2022-12-05,0.84468600446,326086201568.41547,912.5,15477233.50534048,16961.3517866745
2022-12-06,0.850384196971,328199310631.1556,843.75,14403247.730019027,17070.5158281707
2022-12-07,0.839503933452,323944154279.1225,1075.0,18111870.711199574,16848.2518243717
2022-12-08,0.858945882155,331330076551.5836,1043.75,17985332.536427867,17231.4563223261
2022-12-09,0.854978591377,329513766613.9268,950.0,16279341.550832864,17136.1490008767
2022-12-10,0.854415449082,329300761676.0754,962.5,16482056.629230019,17124.2146797195
2022-12-11,0.853211507586,328742369908.81226,918.75,15705443.855698433,17094.3606592636
2022-12-12,0.858539391858,330703233431.764,893.75,15368500.465354731,17195.5249962011
2022-12-13,0.887729303381,341864385936.1696,1031.25,18330382.776839204,17774.9166320865
2022-12-14,0.890254354657,342550310001.91003,925.0,16473994.777308632,17809.7240835769
2022-12-15,0.86728278142,333608737800.18677,868.75,15067647.309454288,17344.0544569258
2022-12-16,0.830992951979,319428047892.88965,812.5,13492464.517223088,16606.1101750438
2022-12-17,0.839657772493,322679384960.55084,862.5,14467907.381841745,16774.3853702513
2022-12-18,0.839875774864,322727877320.70087,906.25,15203355.057468245,16776.1159254822
2022-12-19,0.823536056851,315970590232.1877,850.0,13960511.677878404,16424.1313857393
2022-12-20,0.847633081501,325175184915.4376,875.0,14789089.819257775,16901.8169362946
2022-12-21,0.843195618816,323241590694.86566,893.75,15015476.342632212,16800.5329707773
2022-12-22,0.844194325117,323519164532.47,843.75,14187000.301194515,16814.2225791935
2022-12-23,0.842886604017,322884484946.6077,825.0,13843926.508364948,16780.5169798363
2022-12-24,0.84590101132,323992454902.6669,556.25,9365921.769604776,16837.612170076
2022-12-25,0.845706555551,323761497306.50684,881.25,14826889.345572772,16824.8389736996
2022-12-26,0.848591013908,324835384948.265,806.25,13609450.195802871,16879.9382273524
2022-12-27,0.8399359586,321363727065.9362,718.75,12002342.475955207,16698.9112708942
2022-12-28,0.83299277844,318251590263.80304,1050.0,17363108.910184063,16536.2942001753
2022-12-29,0.838526883526,320081089139.22046,881.25,14655710.217995675,16630.5931551724
2022-12-30,0.836965256607,319387194706.514,987.5,16386267.71839566,16593.6888287551
2022-12-31,0.835246001939,318066160917.6291,975.0,16111112.357393332,16524.2178024547
2023-01-01,0.839542831106,319670907154.7215,968.75,16087791.04189805,16606.7520432496
2023-01-02,0.843780085391,321265002247.2439,975.0,16271501.291116305,16688.7192729398
2023-01-03,0.843211245785,320922182113.7682,962.5,16044949.481805187,16670.0773836937
2023-01-04,0.852695347503,324369544293.4295,893.75,15058227.14749782,16848.3660391584
2023-01-05,0.851818124476,323932356386.7127,981.25,16509335.179217167,16824.8001826417
2023-01-06,0.858998530318,326513313120.37085,1125.0,19077595.05804356,16957.8622738165
2023-01-07,0.858446501208,326236304322.311,962.5,16307280.017036855,16942.6285891292
2023-01-08,0.864443193289,328498009829.2725,956.25,16312898.196906036,17059.2399444769
2023-01-09,0.870777665108,330884397269.81604,950.0,16323203.859526636,17182.3198521333
2023-01-10,0.883951640903,335747837175.3695,1056.25,18414572.330141366,17433.9146320865
2023-01-11,0.904886150128,343463621577.3181,918.75,16384721.765926328,17833.7107656341
2023-01-12,0.956915395927,363433875432.7606,943.75,17808283.606982436,18869.7044842198
2023-01-13,1.006737285894,382694927746.06995,993.75,19744545.21581131,19868.7247454705
2023-01-14,1.063923229924,404717454271.446,1068.75,22455423.657050017,21010.9227200468
2023-01-15,1.056945343653,402139971938.0668,1018.75,21267433.716534518,20876.0085561075
2023-01-16,1.071886746547,408023232448.03577,918.75,19459503.47774694,21180.4119485681
2023-01-17,1.071274656024,408003184105.71906,975.0,20648841.911353007,21178.2993962595
2023-01-18,1.047738862359,398993060386.0528,875.0,18120960.02852861,20709.6686040327
2023-01-19,1.066296173366,405989633549.5902,906.25,19096349.03257412,21071.8334152542
2023-01-20,1.145445917644,436621242754.64154,825.0,18695091.47726476,22660.7169421391
2023-01-21,1.152147571819,439385714224.06366,862.5,19667736.50683084,22803.172761543
2023-01-22,1.147415859687,437732794648.68384,943.75,21438486.60435599,22716.2771966686
2023-01-23,1.157946337765,441854991915.7521,987.5,22642412.08245913,22929.0248936295
2023-01-24,1.14168583391,435747150905.5123,806.25,18230221.04597276,22611.1268787259
2023-01-25,1.166238508234,445368746306.4168,1093.75,25275561.192650452,23109.0845189947
2023-01-26,1.161820741319,443456176561.58954,968.75,22289667.930477463,23008.6894766219
2023-01-27,1.165635900125,444669613307.60205,962.5,22205352.841028664,23070.4964582116
2023-01-28,1.162375118008,443504792891.1736,1050.0,24159249.93817944,23008.8094649328
2023-01-29,1.200618353218,458297300768.152,1006.25,23923590.09521296,23774.9963679135
2023-01-30,1.15137768201,439511464587.8264,862.5,19664506.01308084,22799.427261543
2023-01-31,1.167609671158,445901640172.674,718.75,16624724.812618751,23130.0519132087
2023-02-01,1.196241930423,457433839815.10974,856.25,20316417.232705697,23727.2026075395
2023-02-02,1.184795889398,453182984739.08746,906.25,21301954.389035996,23505.6048430742
2023-02-03,1.181415746292,452049702984.0979,831.25,19489332.203698453,23445.8131773816
2023-02-04,1.176437733184,450328730991.77454,850.0,19852195.72837523,23355.5243863238
2023-02-05,1.156408398602,442670747793.2454,950.0,21809363.931005303,22957.2251905319
2023-02-06,1.145679319019,438602754424.7974,925.0,21039277.65932934,22745.1650371128
2023-02-07,1.171652534251,448672031309.6344,887.5,20648813.918267865,23266.2692036821
2023-02-08,1.154986688723,442353295733.7822,862.5,19783662.70286748,22937.5799453536
2023-02-09,1.099040577212,420788022144.0468,1012.5,22090926.43246637,21818.1989456458
2023-02-10,1.089446116412,416996331015.9051,918.75,19863895.732572332,21620.5667837522
2023-02-11,1.101770368949,421728294573.3244,925.0,20224997.943329964,21864.8626414378
2023-02-12,1.097210551986,419961857108.6628,1012.5,22044289.041814003,21772.1373252484
2023-02-13,1.09866674955,420495779524.61456,975.0,21253747.823911488,21798.7157168323
2023-02-14,1.119923157609,428690299515.88525,962.5,21389074.479690224,22222.415043834
2023-02-15,1.22364317031,468882522753.51,1018.75,24760324.476185326,24304.6129827586
2023-02-16,1.195012046683,458063860579.9492,1118.75,26561864.63468911,23742.4488354763
2023-02-17,1.237767811543,474775525177.3805,1031.25,25376314.843165584,24607.3356054939
2023-02-18,1.239058645614,475364602543.9585,1050.0,25868352.943439476,24636.5266127995
2023-02-19,1.225347760367,470188548638.2596,1012.5,24671578.145174626,24366.9907606663
2023-02-20,1.246658143379,478525110573.91046,918.75,22783018.289273456,24797.8430359439
2023-02-21,1.226544841574,470880895681.777,1043.75,25467906.425635584,24400.3893898305
2023-02-22,1.214898364016,466335136342.27606,875.0,21143271.608635314,24163.7389812975
2023-02-23,1.20196788302,461464448220.81104,1068.75,25553849.062368527,23910.0342104033
2023-02-24,1.165447448567,447313723306.11865,843.75,19554601.67185677,23175.8242036821
2023-02-25,1.164771417267,447020226642.79895,668.75,15488126.575757936,23159.8154403857
2023-02-26,1.183865293006,454423557531.8094,1050.0,24719201.24951781,23542.0964281122
2023-02-27,1.181751158136,453712418114.22455,875.0,20566165.74064876,23504.1894178843
2023-02-28,1.165088210397,446816954241.5268,856.25,19818718.940595776,23145.9491277031
2023-03-01,1.188892073095,455812950761.41614,1062.5,25086325.28344173,23610.6590902981
2023-03-02,1.181929202448,453119084947.0604,900.0,21123022.93343073,23470.0254815897
2023-03-03,1.126016843463,431520872630.53033,1050.0,23467601.04577728,22350.0962340736
2023-03-04,1.125231451633,431236820216.16016,950.0,21217571.00068676,22334.2852638808
2023-03-05,1.130220819242,432910012445.1529,968.75,21719197.85350303,22419.8171390999
2023-03-06,1.130223291427,432829758358.50635,825.0,18492130.22717709,22414.7033056692
2023-03-07,1.122035533533,428217144455.89264,1031.25,22867606.237297285,22174.6484725307
2023-03-08,1.098460296734,419095929575.50745,831.25,18039275.967648637,21701.3846227352
2023-03-09,1.031092147146,393011644658.6809,843.75,17170155.70871386,20349.8141732905
2023-03-10,1.026171253096,390915883867.3412,850.0,17204345.69042955,20240.406694623
2023-03-11,1.043781214381,397596985986.37195,1031.25,21228522.90183003,20585.2343290473
2023-03-12,1.118453254664,426219300507.4272,1006.25,22203892.41116855,22065.9800359439
2023-03-13,1.222477139001,466582802785.16895,981.25,23701533.54915622,24154.4290946815
2023-03-14,1.252017069531,478477196465.55774,912.5,22601728.531841073,24769.0175691409
2023-03-15,1.233259096934,471560444512.56,918.75,22426505.359557662,24409.8017518995
2023-03-16,1.264318230866,483818462449.3984,837.5,20973712.534256306,25043.2388468732
2023-03-17,1.381709504388,530352818442.7366,918.75,25220264.744557295,27450.6282933957
2023-03-18,1.357927080335,521398305888.95514,1012.5,27323057.691419467,26985.7359915254
2023-03-19,1.41718434858,544599611414.525,925.0,26071314.00707188,28185.2043319696
2023-03-20,1.398348824456,537846862752.9635,962.5,26790548.50491308,27834.3361090006
2023-03-21,1.413889214116,544412485046.96814,906.25,25531595.519332614,28172.7950558153
2023-03-22,1.371700451034,528376772923.254,993.75,27170672.397687767,27341.5571297487
2023-03-23,1.421886913625,548629664659.69635,1143.75,32468648.901061196,28387.8897495617
2023-03-24,1.375231386162,530804620773.4184,1012.5,27807426.50717052,27464.1249453536
2023-03-25,1.376280144651,531309425740.7959,906.25,24911865.360169467,27488.954880187
2023-03-26,1.403671575252,542166852116.8292,900.0,25244452.52200467,28049.3916911163
2023-03-27,1.357098415255,524904198224.35614,925.0,25118371.64248245,27154.9963702513
2023-03-28,1.363066939643,527419972348.9932,837.5,22850319.349996336,27283.9634029807
2023-03-29,1.417071461284,548812901630.88776,918.75,26082661.821489617,28389.2917784921
2023-03-30,1.420441511641,541731139042.2273,968.75,27145884.60408755,28021.5583009936
2023-03-31,1.443820674085,551289644886.5577,881.25,25128562.901136074,28514.6813062537
2023-04-01,1.442211549223,550925636746.9945,875.0,24932743.400533322,28494.5638863238
2023-04-02,1.425206305097,544521897457.7699,931.25,26225860.671244867,28161.9980362361
2023-04-03,1.409099995135,538531058881.4758,818.75,22802989.828822665,27850.9799436002
2023-04-04,1.4219430768,543644520583.2456,1012.5,28465383.00018628,28113.9585187025
2023-04-05,1.424960408187,545145463891.8711,868.75,24490333.208034366,28190.3116063705
2023-04-06,1.41726242259,542442263241.96606,1000.0,28049074.4763296,28049.0744763296
2023-04-07,1.411891341659,540295858608.64746,887.5,24793913.78160067,27936.8042609585
2023-04-08,1.413111240664,540848505456.9017,918.75,25691972.08580327,27964.0512498539
2023-04-09,1.432780320048,548489957869.8929,912.5,25876499.134157687,28357.8072703098
2023-04-10,1.498410626119,574232641225.8341,768.75,22822315.73572836,29687.5651846873
2023-04-11,1.524007596955,585084494471.6055,962.5,29112829.822369948,30247.0959193454
2023-04-12,1.506773205338,578651893926.3026,1000.0,29913003.5463472,29913.0035463472
2023-04-13,1.528589539867,587535115392.9287,887.5,26954104.58905975,30370.82207218
2023-04-14,1.531450017782,589267023015.4193,875.0,26651598.78630917,30458.9700414962
2023-04-15,1.525286478334,587035196990.9066,987.5,29962783.369560897,30342.0591084161
2023-04-16,1.523487449103,586495138075.4224,775.0,23492521.411309205,30312.9308533022
2023-04-17,1.481199761253,570205069298.4104,968.75,28548583.03924061,29469.5050727645
2023-04-18,1.524898878521,587599723277.2472,1037.5,31505630.095656745,30366.8723813559
2023-04-19,1.445557031038,557242719709.9989,868.75,25017171.432762247,28796.7440952659
2023-04-20,1.418296444501,546710916057.33606,831.25,23483873.490058795,28251.2763790181
2023-04-21,1.370138666353,528172405706.8922,906.25,24733394.12658895,27292.0211052016
2023-04-22,1.396814023725,538562166443.6984,931.25,25914403.695097864,27827.5475920514
2023-04-23,1.385375480736,534274354377.7351,918.75,25361804.87131977,27604.6855742256
2023-04-24,1.381178300296,532663425806.69855,881.25,24252175.961829662,27520.1996729982
2023-04-25,1.420027669157,547831002433.11847,781.25,22111479.85781344,28302.6942180012
2023-04-26,1.423548393886,549432360964.4666,812.5,23062190.152067546,28384.2340333139
2023-04-27,1.477024680925,570387314623.2344,812.5,23940760.534628846,29465.5514272355
2023-04-28,1.470212541775,568193179248.3892,918.75,26966058.42082845,29350.811886616
2023-04-29,1.463534273428,565715172681.3684,856.25,25020921.7971307,29221.5145075979
2023-04-30,1.470402257877,568463747930.4902,925.0,27159930.28767529,29362.0867974868
2023-05-01,1.408272273073,544350638079.246,1137.5,31980759.250573546,28114.9531873174
2023-05-02,1.436592482997,555518848523.076,806.25,23131780.92795147,28690.5809959088
2023-05-03,1.45181633614,562407679427.0454,881.25,25595943.94416829,29045.0427735243
2023-05-04,1.442232154866,558770759439.337,912.5,26330969.91995178,28855.8574465225
2023-05-05,1.476466635695,572291761122.6547,743.75,21980021.08322986,29552.9695236704
2023-05-06,1.443843173393,559663552176.2677,931.25,26912624.88173952,28899.4629602572
2023-05-07,1.429877064919,557021382195.3127,868.75,24986760.264753815,28761.738434249
2023-05-08,1.378067479397,537011131120.9944,856.25,23741488.131556857,27727.2854091175
2023-05-09,1.374090435543,535393735937.8805,943.75,26087541.52814508,27642.4281092928
2023-05-10,1.374436923429,535492387106.549,1062.5,29373880.2084855,27646.004902104
2023-05-11,1.341912915639,522739066994.568,943.75,25468293.318302505,26986.271065751
2023-05-12,1.331264514159,518638152372.56696,881.25,23594009.71649803,26773.3443591467
2023-05-13,1.334669775407,519980779846.8074,906.25,24325017.20153603,26841.3982913501
2023-05-14,1.338338944895,521499075810.7013,1087.5,29273609.4877119,26918.261597896
2023-05-15,1.352469393563,527594953250.6773,918.75,25019052.34977897,27231.6216052016
2023-05-16,1.341803499909,523631551804.1511,956.25,25843343.01578392,27025.7181864407
2023-05-17,1.360182926857,530931006408.4277,1000.0,27401044.0610754,27401.0440610754
2023-05-18,1.332798511609,520146384933.0292,881.25,23655600.92641548,26843.2350938048
2023-05-19,1.335285312277,521068147947.558,937.5,25208909.654533125,26889.503631502
2023-05-20,1.345668504663,525185993610.3449,818.75,22188827.723171785,27100.8582878434
2023-05-21,1.329584607553,518937128063.57935,943.75,25270886.03286452,26777.0977831677
2023-05-22,1.331796174941,520543460954.97534,900.0,24172863.35733486,26858.7370637054
2023-05-23,1.349756710174,527704099086.77527,962.5,26205848.781023543,27226.8558763881
2023-05-24,1.306148991112,510566222468.4846,881.25,23213385.755599752,26341.4306446522
2023-05-25,1.312302574122,513370789092.2958,943.75,24995063.902743287,26484.8359234366
2023-05-26,1.323951129649,517962100400.9786,956.25,25551367.01556835,26720.3838071303
2023-05-27,1.330559181986,520586999345.351,906.25,24336927.21054024,26854.5403702513
2023-05-28,1.391560954233,544710821944.3064,1000.0,28097521.1259497,28097.5211259497
2023-05-29,1.374801000798,538293946912.9947,1012.5,28112136.280241784,27765.0728693746
2023-05-30,1.371662586882,537301203182.37537,962.5,26673273.15003649,27712.4915844535
2023-05-31,1.347122513076,527731641093.4781,881.25,23985583.3711444,27217.6832580362
2023-06-01,1.32755818548,520147121316.72687,825.0,22130931.359723836,26825.3713451198
2023-06-02,1.348499664123,528510029107.58826,1025.0,27936608.69400939,27255.2279941555
2023-06-03,1.339845350422,525122689418.9404,812.5,22002019.377282996,27079.4084643483
2023-06-04,1.343716524322,526676790956.72736,925.0,25121385.47683375,27158.25456955
2023-06-05,1.276417765634,500084181918.0878,862.5,22240296.905139577,25785.8514842198
2023-06-06,1.3462357416,527802559981.0705,943.75,25682995.927025486,27213.7705187025
2023-06-07,1.303228127244,510870113654.00055,843.75,22224019.805906653,26339.5790292227
2023-06-08,1.312170481703,514427849387.03986,962.5,25527130.090506274,26521.693600526
2023-06-09,1.309627647538,513466277051.1745,1056.25,27959653.191788375,26470.6775780245
2023-06-10,1.279906228962,501707862683.3152,962.5,24893343.331271894,25863.2138506721
2023-06-11,1.282204028842,502580307777.0159,1018.75,26392581.17950943,25906.8281516657
2023-06-12,1.282415132209,502604249932.6571,981.25,25421000.336628813,25906.7519354179
2023-06-13,1.281288526881,502125710654.5159,918.75,23778040.10056805,25880.8599734074
2023-06-14,1.242758133707,486948042919.9202,756.25,18980048.943324465,25097.5853796026
2023-06-15,1.265794710232,495926918719.6621,925.0,23642207.57963913,25559.1433293396
2023-06-16,1.303742036635,510944432248.7327,956.25,25179802.96525967,26331.8200943892
2023-06-17,1.312806147734,514505988281.25287,875.0,23199899.9308153,26514.1713495032
2023-06-18,1.304485514887,511422019499.6096,943.75,24871552.28201896,26353.962682934
2023-06-19,1.326002267293,519675836338.162,887.5,23765531.3043798,26778.0634415547
2023-06-20,1.401058308786,549340968935.672,850.0,24059607.388734665,28305.4204573349
2023-06-21,1.487688159529,584182850882.5013,756.25,22762758.484166753,30099.5153509643
2023-06-22,1.479224774259,581355386790.9049,856.25,25646837.78921504,29952.5112866745
2023-06-23,1.511461032551,594691002089.546,781.25,23936213.87848844,30638.3537644652
2023-06-24,1.506266238891,592984835953.4076,912.5,27875977.362123743,30549.0162872589
2023-06-25,1.501725462895,591430505950.9973,956.25,29134489.85433222,30467.4403705435
2023-06-26,1.490477217783,587351447287.8134,912.5,27608496.08832921,30255.8861241964
2023-06-27,1.508993136561,595360633206.1908,875.0,26833691.7579997,30667.0762948568
2023-06-28,1.480047953676,584450413633.0168,675.0,20320229.20844536,30104.0432717709
2023-06-29,1.4974352167,591404272513.048,912.5,27795473.592500735,30460.792978083
2023-06-30,1.497404119431,591894717187.0422,987.5,30103446.9670222,30484.503257744
2023-07-01,1.500071404388,593807120118.1417,831.25,25421028.952586167,30581.6889655172
2023-07-02,1.500295120753,594083065323.3347,1068.75,32697568.856266446,30594.2164736996
2023-07-03,1.525922363387,604617684181.0029,856.25,26659649.94444952,31135.3575993571
2023-07-04,1.509148391226,598131495142.3197,881.25,27142453.695488784,30799.9474558738
2023-07-05,1.494037535141,592293990836.9595,975.0,29735376.57508041,30497.8221282876
2023-07-06,1.470491737414,582258236308.4534,868.75,26044890.27197541,29979.7298094681
2023-07-07,1.487208780434,589091989840.958,1093.75,33173309.507917468,30329.8829786674
2023-07-08,1.483788128844,587838636815.4672,1112.5,33668276.84297196,30263.6196341321
2023-07-09,1.478660537861,585920361083.212,1056.25,31859902.24082229,30163.2210563998
2023-07-10,1.489525354536,590445229947.0143,962.5,29254855.99638005,30394.6555806546
2023-07-11,1.499536522954,594775689277.0168,843.75,25832458.485644344,30616.247094097
2023-07-12,1.487755265888,590322472174.5057,900.0,27347047.90669197,30385.6087852133
2023-07-13,1.538500113181,610728166020.4672,750.0,23576051.602863826,31434.7354704851
2023-07-14,1.483457241083,588915499105.7461,862.5,26142954.61764321,30310.6720204559
2023-07-15,1.482403144167,588557285440.3251,862.5,26125893.13892097,30290.8905958504
2023-07-16,1.480253300626,587787667157.1555,968.75,29304467.560627956,30249.7729658095
2023-07-17,1.475399676867,585753069498.2948,850.0,25622184.333240762,30143.7462744009
2023-07-18,1.45985580542,579798246310.3221,1012.5,30208694.250252005,29835.7474076563
2023-07-19,1.463037215762,581327738448.3727,925.0,27669552.254792556,29913.0294646406
2023-07-20,1.457534391178,579263933757.5835,800.0,23844485.25657512,29805.6065707189
2023-07-21,1.463442609814,581502126093.2744,700.0,20943785.44447693,29919.6934921099
2023-07-22,1.453936935337,577762692312.1978,837.5,24895533.062711827,29726.0096271186
2023-07-23,1.470319604139,584409586208.3058,918.75,27623663.436853483,30066.5724482759
2023-07-24,1.427138509577,567172583835.5377,937.5,27354712.222749844,29178.3597042665
2023-07-25,1.42923855151,568031588349.4268,862.5,25203332.31097315,29221.2548533022
2023-07-26,1.436080716187,570786020995.8512,900.0,26425432.58223258,29361.5917580362
2023-07-27,1.429632064392,567702667641.671,862.5,25186454.62137273,29201.6865175336
2023-07-28,1.440164978549,569956745528.741,875.0,25651773.940714512,29316.3130751023
2023-07-29,1.442211649973,570837626124.9584,825.0,24222310.34778637,29360.376179135
2023-07-30,1.437384415792,568971946350.4604,1050.0,30725978.57047047,29262.8367337814
2023-07-31,1.435482408871,568161304123.1444,881.25,25749966.541361053,29219.8201887785
2023-08-01,1.449024030947,573626834711.752,868.75,25627766.674136076,29499.5875385739
2023-08-02,1.432048628755,566723906311.3193,962.5,28050283.763435103,29143.1519620105
2023-08-03,1.434367776395,567708072135.62,943.75,27550275.46330176,29192.3448617767
2023-08-04,1.427652983063,565102898970.0577,756.25,21974547.765561055,29057.2532437171
2023-08-05,1.427408392655,565050006983.1484,962.5,27963604.608887352,29053.0956975453
2023-08-06,1.427044043698,564981518319.1797,1025.0,29774244.41077585,29048.0433275862
2023-08-07,1.432710437146,567270450866.943,912.5,26612477.210980415,29164.3585873758
2023-08-08,1.46267267691,579258937400.4265,781.25,23265243.268739063,29779.511383986
2023-08-09,1.452750656477,575465345987.5969,1012.5,29952731.040550157,29582.9442375804
2023-08-10,1.445222004734,572516652889.1097,793.75,23360189.429949574,29430.1599117475
2023-08-11,1.443460117805,571953498583.0272,943.75,27746046.84802204,29399.784739626
2023-08-12,1.444002195989,572294481733.854,1043.75,30702672.26032105,29415.733902104
2023-08-13,1.437480909277,569797456814.3981,843.75,24710161.73432023,29286.1176110462
2023-08-14,1.443311936754,572219165382.1079,1068.75,31430838.51799205,29408.9717127411
2023-08-15,1.43140313407,567553842371.7332,1068.75,31172869.525177125,29167.59721654
2023-08-16,1.411251226179,559540898713.4391,1018.75,29293435.39059764,28754.2924079486
2023-08-17,1.309597789983,518824196992.3581,975.0,25994048.658313807,26660.5627264757
2023-08-18,1.279955274829,506719180176.8718,868.75,22619961.57997879,26037.3658474576
2023-08-19,1.282875825078,507843828672.9706,875.0,22832234.082006123,26093.981808007
2023-08-20,1.287026193244,509475768372.07227,1012.5,26503678.066284396,26176.4721642315
2023-08-21,1.285209423972,508576908784.24,1031.25,26945433.297824763,26128.9050160725
2023-08-22,1.278234400958,505666970507.7364,893.75,23218024.911696345,25978.2096914085
2023-08-23,1.301640510691,514916563795.6458,887.5,23476321.809574094,26452.1935882525
2023-08-24,1.286264498958,508605062140.85895,868.75,22697652.576914072,26126.7943331385
2023-08-25,1.282530939849,506954581484.77936,843.75,21971993.55900244,26040.881255114
2023-08-26,1.280910484603,506301182375.6108,856.25,22267786.556060024,26006.1740800701
2023-08-27,1.284719699038,507881219035.4736,725.0,18912611.91313561,26086.3612594974
2023-08-28,1.285785965076,508229798236.06354,737.5,19251166.47262932,26103.2765730567
2023-08-29,1.3631929159,538804434657.69055,987.5,27326319.353992585,27672.2221306254
2023-08-30,1.344866297954,531558900196.0871,787.5,21497960.75148304,27298.997779661
2023-08-31,1.279294333561,505409690842.3523,900.0,23359379.93416134,25954.8665935126
2023-09-01,1.272142442172,502472681320.6064,943.75,24351381.675005447,25802.7885298071
2023-09-02,1.275429178013,503772923101.216,950.0,24574881.292723514,25868.2960976037
2023-09-03,1.280178738226,505634064276.9361,987.5,25638015.724353433,25962.5475689655
2023-09-04,1.272295663234,502483154477.98334,931.25,24025808.296042126,25799.5256870251
2023-09-05,1.271797475869,502168852413.6942,775.0,19981330.72053627,25782.3622200468
2023-09-06,1.270666304167,501653557916.837,843.75,21730604.288354743,25754.7902676797
2023-09-07,1.293153415402,510555856977.8189,912.5,23917176.664381176,26210.6045637054
2023-09-08,1.278230950625,504618646366.032,831.25,21533280.38934104,25904.6982127411
2023-09-09,1.277871761676,504446774367.6367,943.75,24438048.18898849,25894.6205976037
2023-09-10,1.274805713565,503240183985.3009,918.75,23732658.266850557,25831.4647802455
2023-09-11,1.240998802155,489697629060.51953,993.75,24977945.382028017,25135.0393781414
2023-09-12,1.276849786407,503838775481.52295,881.25,22788862.217276078,25859.7018068381
2023-09-13,1.294929881704,511016547221.9484,918.75,24095933.828844585,26226.8667524839
2023-09-14,1.31072461763,517457530984.23016,1012.5,26888007.65509935,26556.056943308
2023-09-15,1.316247721823,519760082134.145,1175.0,31340323.89614261,26672.6160818235
2023-09-16,1.31045230781,517506259356.38794,968.75,25725772.474932473,26555.6361031561
2023-09-17,1.30778359727,516494120490.55426,931.25,24680389.910759427,26502.4321189363
2023-09-18,1.320321096515,521630111130.5716,975.0,26095516.10882521,26764.6319064874
2023-09-19,1.341491282124,530432200788.9904,868.75,23643075.108673647,27215.0504848042
2023-09-20,1.337531751739,528865632041.9488,912.5,24759230.89774257,27133.4037235535
2023-09-21,1.310046276386,517938166731.5329,862.5,22918000.939293504,26571.5952919345
2023-09-22,1.310529519075,518145793262.0893,806.25,21431050.261877168,26581.1476116306
2023-09-23,1.310250960634,518067003459.20776,975.0,25911381.9769506,26575.776386616
2023-09-24,1.296058458113,512454598334.4112,912.5,23986559.95703173,26286.6410488019
2023-09-25,1.296187807462,512520696246.095,906.25,23824233.609904703,26288.8095005845
2023-09-26,1.291644411828,510705063524.10785,850.0,22265357.20486562,26194.5378880772
2023-09-27,1.298711354638,513490549820.47455,981.25,25842281.04861191,26336.0825973115
2023-09-28,1.332826815107,527111733520.92126,912.5,24668000.71541857,27033.4254415546
2023-09-29,1.326653306014,524754246922.81,918.75,24724712.291729968,26911.2514739918
2023-09-30,1.329742814001,526073093616.7237,862.5,23268260.482188743,26977.6933126826
2023-10-01,1.377331393995,545060830633.9652,881.25,24631065.59800553,27950.1453594389
2023-10-02,1.35843524556,537594432787.1499,981.25,27049028.87115177,27565.8892954413
2023-10-03,1.351957092666,535150716312.29047,1025.0,28125120.79531704,27439.1422393337
2023-10-04,1.369035570095,542157740802.6999,818.75,22758999.400763467,27797.251176505
2023-10-05,1.350981968888,534947755956.13696,881.25,24169466.612885386,27426.3450926359
2023-10-06,1.37581058469,545032774162.6376,1000.0,27941963.3760959,27941.9633760959
2023-10-07,1.376921632645,545663221045.67993,1068.75,29895878.240893427,27972.7515704266
2023-10-08,1.375035048808,544978512422.1076,925.0,25841101.657042664,27936.3261157218
2023-10-09,1.357643501831,538275597960.00214,975.0,26901563.09278932,27591.3467618352
2023-10-10,1.349224905545,534956624501.6669,1012.5,27762544.645057697,27419.7971803039
2023-10-11,1.320267435058,523440934621.2323,1000.0,26828172.5710111,26828.1725710111
2023-10-12,1.316151935393,521774344475.74725,1031.25,27577007.49278568,26741.3405990649
2023-10-13,1.321220609655,523770269515.9214,862.5,23151610.3393922,26842.4467703098
2023-10-14,1.321559699731,524176108562.75214,912.5,24511565.179292116,26861.9892375804
2023-10-15,1.334644980263,529440285566.39777,1043.75,28317257.627763405,27130.3067092344
2023-10-16,1.401484702482,556327162174.4191,881.25,25121611.92535976,28506.7936741671
2023-10-17,1.397569787083,554919826688.8004,1012.5,28788620.216653224,28433.2051522501
2023-10-18,1.392147247637,552893715020.0322,906.25,25672317.98649365,28328.0750195792
2023-10-19,1.410163206398,559989684490.2711,875.0,25104063.2860535,28690.358041204
2023-10-20,1.458847579295,579818457347.6527,837.5,24877925.24513812,29704.9853673291
2023-10-21,1.469157536053,584093133773.0231,937.5,28052387.25416419,29922.5464044418
2023-10-22,1.471860430263,585324500584.1046,956.25,28672352.349459395,29984.1593196961
2023-10-23,1.613500605985,643334765892.806,981.25,32336278.378563326,32954.1690482174
2023-10-24,1.654397557736,661454292586.7697,787.5,26681253.364797648,33880.9566537113
2023-10-25,1.681601781377,673349438741.381,900.0,31039793.02898892,34488.6589210988
2023-10-26,1.663662918099,667384425419.4128,937.5,32045148.98642972,34181.4922521917
2023-10-27,1.648793504518,661861216442.4817,962.5,32625803.333533023,33896.938528346
2023-10-28,1.65738945553,665695994028.7043,1000.0,34091589.0327294,34091.5890327294
2023-10-29,1.679987904494,675152083745.6385,856.25,29604276.673290465,34574.3377206312
2023-10-30,1.674700476949,673638496021.2749,975.0,33632727.3952294,34495.1050207481
2023-10-31,1.679986208289,676431849484.7964,968.75,33554038.146396488,34636.4264736996
2023-11-01,1.715331297044,692001591886.2856,931.25,32996030.865833197,35431.9794532437
2023-11-02,1.687432786238,681309570415.5433,900.0,31394625.60298068,34882.9173366452
2023-11-03,1.677473281454,677927038798.8893,850.0,29501988.59840732,34708.2218804792
2023-11-04,1.695198047921,685441863797.9692,1050.0,36845630.12156639,35091.0763062537
2023-11-05,1.69531363252,685750422606.9633,1018.75,35763261.56459121,35105.0420265926
2023-11-06,1.690062847822,684072353457.0869,793.75,27795311.39908314,35017.7151484512
2023-11-07,1.707693280842,691930690430.0776,831.25,29441608.914914493,35418.4768901227
2023-11-08,1.724477503,699376281704.5089,931.25,33336789.354631808,35797.8946090006
2023-11-09,1.762200964364,716551269713.5323,893.75,32778572.99982649,36675.3264333723
2023-11-10,1.792853668717,730110600644.3363,962.5,35966213.333335765,37367.4943722969
2023-11-11,1.773581111946,722575118046.0164,1000.0,36979931.2405026,36979.9312405026
2023-11-12,1.776498366314,724046805388.6791,1006.25,37284924.43300335,37053.3410514319
2023-11-13,1.751221714879,714107277954.3352,756.25,27635846.490856968,36543.2680870836
2023-11-14,1.705402061503,695523122553.6345,862.5,30696964.57445206,35590.6835645821
2023-11-15,1.810152914492,739525714298.6049,925.0,35002511.97776881,37840.5534894798
2023-11-16,1.729237075753,706723664687.0618,925.0,33448374.11708796,36160.4044509059
2023-11-17,1.747806543208,714757510003.9954,937.5,34284105.05013516,36569.7120534775
2023-11-18,1.74769689693,714942322047.2709,931.25,34062726.99560017,36577.4249617183
2023-11-19,1.78814575059,731895327518.4427,1062.5,39782899.04398013,37442.7285119813
2023-11-20,1.789732455017,733367477325.5005,1037.5,38922902.25974214,37516.0503708358
2023-11-21,1.717720966087,704450637687.3756,950.0,34233281.43189655,36035.0330862069
2023-11-22,1.780655097435,731226964175.8768,887.5,33195193.311188664,37403.0347168323
2023-11-23,1.775570834214,729476032042.607,918.75,34280142.029390745,37311.7192156634
2023-11-24,1.793664605571,737474104744.7794,1050.0,39604723.37121563,37718.7841630625
2023-11-25,1.796938311512,739102058354.121,993.75,37563875.30513767,37800.1260932203
2023-11-26,1.781247130023,732929768941.7416,912.5,34202968.79248248,37482.7055260082
2023-11-27,1.768699884325,728003902580.5377,812.5,30248761.741050526,37229.2452197545
2023-11-28,1.795694998493,739756186708.6306,918.75,34754902.76189185,37828.4655911748
2023-11-29,1.794443185541,740147934698.2544,850.0,32169825.15432492,37846.8531227352
2023-11-30,1.787790724759,737556192386.4604,837.5,31584395.86362875,37712.7114789597
2023-12-01,1.831958430263,756975202401.7816,1056.25,40880628.57667302,38703.5536820573
2023-12-02,1.866562636124,771845911078.7955,793.75,31323184.692243177,39462.2799272355
2023-12-03,1.88957149278,781978503111.6078,1031.25,41227542.06703863,39978.2226104617
2023-12-04,1.974157660867,819810743285.1487,968.75,40600602.622790016,41910.2994815897
2023-12-05,2.070210110876,862036250724.3539,862.5,38007792.22333428,44067.0054763296
2023-12-06,2.049004981703,855790704203.0582,850.0,37183959.23210112,43745.8343907072
2023-12-07,2.024192806038,846760011628.9463,718.75,31109381.850069392,43282.6182261835
2023-12-08,2.063554127808,864843357731.6556,843.75,37298012.80129489,44205.0522089421
2023-12-09,2.040603828859,855787955926.2657,981.25,42919881.27288869,43740.0063927528
2023-12-10,2.039126541822,855683506559.4653,875.0,38266123.07875516,43732.7120900059
2023-12-11,1.920421604102,806362223760.3176,987.5,40694771.10559248,41209.8947904734
2023-12-12,1.928403638971,811435726173.2714,900.0,37320546.21285798,41467.2735698422
2023-12-13,1.994507456072,840275791000.0148,931.25,39987000.33119342,42939.0607583285
2023-12-14,1.997076014934,842156042637.0099,912.5,39267737.6548948,43033.1371560491
2023-12-15,1.945584187067,821551732456.0333,1018.75,42765186.33869631,41978.0970195792
2023-12-16,1.954587603816,825997582210.4384,950.0,40093053.34275276,42203.2140450029
2023-12-17,1.918432937883,810877031378.7363,937.5,38839374.1739115,41428.6657855056
2023-12-18,1.970997560336,834547547301.949,1050.0,44767519.85067212,42635.7331911163
2023-12-19,1.952266717846,827467989591.4052,1012.5,42800261.31353745,42271.863025716
2023-12-20,2.010355157868,853606590402.8163,906.25,39517172.22166311,43605.1555549386
2023-12-21,2.02055347695,858835832285.3038,912.5,40031592.38859216,43870.2382340736
2023-12-22,2.024349186253,861608364729.856,1050.0,46209976.73793102,44009.5016551724
2023-12-23,2.012046953684,856939861545.1432,1000.0,43768806.7518995,43768.8067518995
2023-12-24,1.978993772604,843848610986.327,1068.75,46060783.716983914,43097.8093258329
2023-12-25,2.002168071468,854184356141.2782,868.75,37898133.16258948,43623.7504029807
2023-12-26,1.947666354666,832043610688.7291,868.75,36914163.02628034,42491.1229079486
2023-12-27,1.98454282113,850599611615.5895,806.25,35021048.53797304,43436.9594269433
2023-12-28,1.948191066046,835626290884.1329,756.25,32269701.536738407,42670.6797180012
2023-12-29,1.915289168243,822504553591.4152,943.75,39636181.906129435,41998.6033442431
2023-12-30,1.923525954915,826574939575.0736,906.25,38247820.670550816,42204.4917744009
2023-12-31,1.923147103068,826864184822.2916,975.0,41161729.82156634,42217.1587913501
2024-01-01,2.005011405976,862794527491.1962,968.75,42672927.50493133,44049.4735534775
2024-01-02,2.041843744783,880296744332.1411,818.75,36795575.15411126,44941.160493571
2024-01-03,1.941607815328,837882334394.8176,987.5,42238980.89809324,42773.6515423729
2024-01-04,1.991280476371,866863769397.9294,1062.5,47016416.84628876,44250.7452670953
2024-01-05,1.983754393826,864856217418.0073,862.5,38076202.89941553,44146.3222022209
2024-01-06,1.972626827535,860421264320.4421,875.0,38428232.337887175,43917.9798147282
2024-01-07,1.968589392178,859008059190.415,737.5,32335094.51293104,43844.195949737
2024-01-08,2.105199604079,920507694271.3322,768.75,36116893.05526553,46981.3242995324
2024-01-09,2.061111820714,902970262822.9578,950.0,43779805.50539155,46084.005795149
2024-01-10,2.090437479903,917394187765.1335,831.25,38917594.89854615,46818.1592764465
2024-01-11,2.06755309096,908875740937.4847,1081.25,50149316.56147351,46380.8708082992
2024-01-12,1.910157143573,839091815873.3529,1050.0,44958302.062434286,42817.4305356517
2024-01-13,1.911017344621,839712974628.9417,993.75,42579161.00446372,42846.9544699006
2024-01-14,1.868072683047,820955897438.4493,800.0,33510521.04547048,41888.1513068381
2024-01-15,1.895817002527,833544457525.6849,712.5,30301854.96489625,42528.9192489772
2024-01-16,1.915131498731,846171395720.248,781.25,33727693.14385773,43171.4472241379
2024-01-17,1.892920670298,836753555542.931,756.25,32283786.397516087,42689.304327294
2024-01-18,1.826405496575,808811755816.4711,887.5,36619943.01076857,41261.9076177674
2024-01-19,1.840326498572,815607676546.7239,825.0,34325654.16474282,41606.8535330216
2024-01-20,1.842828285649,816857089192.0227,893.75,37241392.05419347,41668.6904102864
2024-01-21,1.836787376079,814314028256.8574,875.0,36344973.31169635,41537.1123562244
2024-01-22,1.750703117876,775928554108.8254,1000.0,39577099.8603156,39577.0998603156
2024-01-23,1.75685238167,779107885559.9141,962.5,38247165.073210075,39737.3143617767
2024-01-24,1.769398537471,786292868063.8228,937.5,37595490.84188709,40101.8568980129
2024-01-25,1.759912897525,782726426382.1895,1131.25,45156854.17154078,39917.6611461134
2024-01-26,1.843658004535,820866927315.7286,950.0,39767694.49358562,41860.7310458796
2024-01-27,1.854538165179,826100034581.4243,1068.75,45021415.88786532,42125.3014155465
2024-01-28,1.847823938144,823351807165.9026,1000.0,41983020.2744009,41983.0202744009
2024-01-29,1.900281404617,847620609856.2833,975.0,42137888.40506281,43218.3470821157
2024-01-30,1.884454643724,842397364504.3269,900.0,38655048.71493279,42950.0541277031
2024-01-31,1.865776569305,835359963215.0078,818.75,34870129.2223809,42589.4708059614
2024-02-01,1.883692689819,843852657325.6138,956.25,41138218.91997919,43020.3596548802
2024-02-02,1.888479126867,846551917090.7051,1175.0,50707577.61363968,43155.3852030976
2024-02-03,1.880647419447,843198728324.983,943.75,40564620.17931946,42982.3789979544
2024-02-04,1.862423695961,835273625240.0701,968.75,41245782.2018008,42576.2913050847
2024-02-05,1.863325630825,836158430969.5535,975.0,41553792.41697109,42619.2742738165
2024-02-06,1.881777313878,845688803310.792,1062.5,45796625.40475232,43102.7062632963
2024-02-07,1.929905898886,868302802756.0364,1000.0,44253031.4731151,44253.0314731151
2024-02-08,1.974244701407,889514483023.9789,862.5,39098928.98100525,45332.09157218
2024-02-09,2.050894304805,925763898219.7604,1037.5,48946102.757999755,47176.9665137347
2024-02-10,2.075743628106,937895843905.5869,950.0,45403252.35488023,47792.8972156634
2024-02-11,2.091679256465,945941841244.1549,856.25,41271933.80620434,48200.7986057861
2024-02-12,2.163451148703,981107036008.364,1118.75,55926092.90787913,49989.80371654
2024-02-13,2.144571750971,974049946091.3964,843.75,41873704.441454194,49628.0941528346
2024-02-14,2.227481564237,1017592289633.9614,868.75,45039729.47368132,51844.2929193454
2024-02-15,2.227672856945,1019505042839.3536,981.25,50965288.280210726,51939.1472919345
2024-02-16,2.233361065632,1023831051832.7769,837.5,43681749.133091,52157.3123977206
2024-02-17,2.211108586549,1014408246958.517,937.5,48445139.86137497,51674.8158521333
2024-02-18,2.229209056718,1023737845114.2452,756.25,39436973.80574953,52148.0645365283
2024-02-19,2.207720044105,1017043227936.4346,850.0,44034084.38065461,51804.8051537113
2024-02-20,2.226411177484,1026969199193.7712,881.25,46096471.85715957,52308.0531712449
2024-02-21,2.199223255693,1015946034869.6826,862.5,44629477.55940604,51744.321808007
2024-02-22,2.176256754311,1007114829786.9012,843.75,43277899.43597496,51292.3252574518
2024-02-23,2.151044247173,997285419197.9481,993.75,50471711.031071,50789.1431759205
2024-02-24,2.182874558495,1012824030063.5236,856.25,44163863.64718728,51578.2349164231
2024-02-25,2.188723304731,1016180820662.2231,1025.0,53040140.94115286,51746.4789669784
2024-02-26,2.30035580813,1071316673976.7393,831.25,45346205.29472711,54551.8259184687
2024-02-27,2.39296751458,1120420896302.564,806.25,45996472.37764832,57049.888220339
2024-02-28,2.578804516452,1226744513760.7969,931.25,58166564.70220085,62460.740619813
2024-02-29,2.523625575021,1205859852279.2776,831.25,51034412.41409994,61394.7818515488
2024-03-01,2.552193764104,1228106988685.405,962.5,60179736.74892602,62524.401817066
2024-03-02,2.530515094253,1218830448923.2932,793.75,49251881.55994116,62049.6145637054
2024-03-03,2.564912446775,1237391640177.7898,968.75,61022959.719745405,62991.4422913501
2024-03-04,2.751198902437,1337637736660.5847,806.25,54899045.05214968,68091.8388243717
2024-03-05,2.565781926711,1256349969665.857,1043.75,66748359.76935817,63950.524329924
2024-03-06,2.612226371577,1298708781023.34,875.0,57840756.347530715,66103.7215400351
2024-03-07,2.630694305772,1317775703379.3416,1125.0,75454176.5420076,67070.3791484512
2024-03-08,2.663773784415,1342859547465.889,962.5,65780825.64446595,68343.7149552893
2024-03-09,2.664446669894,1346049345988.8496,1018.75,69786927.31438671,68502.5053392753
2024-03-10,2.673324643842,1353572780460.2922,893.75,61563512.134738445,68882.2513395675
2024-03-11,2.776042557045,1418807431184.4077,1062.5,76710468.0050774,72198.0875341905
2024-03-12,2.732831670246,1403829853146.6147,881.25,62950091.81602311,71432.7283018702
2024-03-13,2.746836537171,1436306869781.038,1000.0,73081575.9053185,73081.5759053185
2024-03-14,2.676637138189,1405390053436.6956,881.25,63014021.74987211,71505.2729076563
2024-03-15,2.593181988006,1364557049381.3796,793.75,55106025.626673035,69424.9141753361
2024-03-16,2.443363523614,1286167673667.403,900.0,58890313.71057861,65433.6819006429
2024-03-17,2.541969044316,1342277385497.008,912.5,62310143.86689436,68285.0891691993
2024-03-18,2.51875351754,1332230717578.118,900.0,60993797.87209239,67770.8865245471
2024-03-19,2.30649799611,1218244887373.998,981.25,60807383.02308591,61969.3075394506
2024-03-20,2.517432122856,1333878479086.9724,931.25,63183550.239456095,67848.1076396844
2024-03-21,2.425056482588,1286874418578.5916,750.0,49091051.7924459,65454.7357232612
2024-03-22,2.347242779085,1248231144166.5354,843.75,53566721.71850345,63486.4849997078
2024-03-23,2.355130916016,1265492833453.943,975.0,62752211.832115754,64361.2429047341
2024-03-24,2.459089042138,1323142018390.2087,1062.5,71495163.69553621,67289.5658310929
2024-03-25,2.531973278125,1377322433812.7395,825.0,57784666.84957626,70042.0204237288
2024-03-26,2.529858023857,1377951907816.7256,837.5,58684502.042139135,70071.0472144945
2024-03-27,2.497305617703,1362216604596.2065,850.0,58877704.784351245,69267.8879815897
2024-03-28,2.542320039061,1392943231125.4192,950.0,67285552.0278492,70826.8968714202
2024-03-29,2.50681430136,1375112180619.6648,900.0,62925338.70631206,69917.0430070134
2024-03-30,2.495980095994,1370183441931.534,968.75,67486042.78525896,69663.0119073641
2024-03-31,2.54947270434,1401014986716.4766,856.25,60988505.598595455,71227.4517939801
2024-04-01,2.483865174687,1372838341430.1897,937.5,65429650.997406475,69791.6277305669
2024-04-02,2.325824861038,1289144341529.4673,925.0,60618723.22254529,65533.7548351841
2024-04-03,2.343574739079,1300936296061.3972,887.5,58690566.91240866,66130.2162393337
2024-04-04,2.422340254314,1346397493893.6897,862.5,59027891.458671786,68438.135024547
2024-04-05,2.401839662162,1335970050153.9253,925.0,62812041.26587526,67904.9094766219
2024-04-06,2.442327543695,1360259059730.4453,968.75,66975568.8571194,69136.0710783168
2024-04-07,2.449775072637,1365381654693.3076,1062.5,73729725.69898817,69392.6830108124
2024-04-08,2.52594267686,1411103414779.7263,987.5,70816387.31799385,71712.7972840444
2024-04-09,2.431151797828,1359253099652.0125,912.5,63030519.45073785,69074.5418638223
2024-04-10,2.480887886464,1388933299151.329,943.75,66609351.85747736,70579.4456767972
2024-04-11,2.459930871341,1378504301565.5657,825.0,57788406.724773526,70046.5536057861
2024-04-12,2.355699837214,1320536537240.2312,850.0,57033396.63819405,67098.113691993
2024-04-13,2.266724603585,1270486530668.2883,1025.0,66165439.49473998,64551.6482875512
2024-04-14,2.303797513539,1292144961483.2134,981.25,64417894.77350238,65648.8099602572
2024-04-15,2.224653591762,1247806826197.3333,881.25,55865367.80278161,63393.325166277
2024-04-16,2.235583060627,1255578626046.309,1031.25,65778095.96945318,63784.8203340152
2024-04-17,2.150115532828,1207195172504.9727,856.25,52508862.02957154,61324.2184286967
2024-04-18,2.223657090198,1250283688855.0876,906.25,57556068.90863344,63510.14500263
2024-04-19,2.229521797353,1255313599075.9373,931.25,59378950.14678007,63762.6310300994
2024-04-20,2.268874228093,1277889041416.1592,406.25,26368872.089887112,64907.9928366452
2024-04-21,2.270178573833,1279102660225.9148,437.5,28423584.271168187,64968.192619813
2024-04-22,2.336371416788,1318046160711.64,475.0,31798683.14330803,66944.5960911748
2024-04-23,2.315430605828,1307069255153.7227,525.0,34852282.65326561,66385.3002919345
2024-04-24,2.229186378145,1263876147635.96,484.375,31092015.704704836,64189.9679064874
2024-04-25,2.239412644798,1270312365909.4153,446.875,28830313.77678716,64515.3874725307
2024-04-26,2.213395882136,1255809257754.7332,415.625,26507511.592308942,63777.4715002922
2024-04-27,2.200293292653,1248981539069.536,437.5,27750323.1096581,63429.3099649328
2024-04-28,2.182739504636,1240133745037.1575,437.5,27553127.43967341,62978.5770049678
2024-04-29,2.213049963714,1258469166546.7375,409.375,26162496.696391,63908.3888766803
2024-04-30,2.099491659604,1194063184619.588,440.625,26717881.21572821,60636.3261633548
2024-05-01,2.01516295818,1144963991083.4077,412.5,23983483.12798069,58141.7772799532
2024-05-02,2.050901531028,1165241347389.504,453.125,26811455.592425868,59170.1088936295
2024-05-03,2.180678249434,1240367193696.9216,403.125,25390286.11472,62983.6554783752
2024-05-04,2.210725676775,1258069746191.7712,440.625,28147623.14549056,63881.1305429573
2024-05-05,2.216655067084,1261769810812.1023,434.375,27829362.00894581,64067.5959918177
2024-05-06,2.186202853853,1245260648377.0237,381.25,24105714.319887865,63228.1031341321
2024-05-07,2.157205469069,1228916076889.098,381.25,23788856.143379245,62396.999720339
2024-05-08,2.110540935051,1202987566725.9587,396.875,24240837.038541064,61079.27442782
2024-05-09,2.175223560734,1240816052414.6277,453.125,28546190.934454463,62998.4903381064
2024-05-10,2.102988744981,1199445712976.238,453.125,27593790.85553498,60896.6418880772
2024-05-11,2.100448702876,1198430676128.048,496.875,30231650.296622984,60843.5729240211
2024-05-12,2.119745795365,1210031928139.5818,412.5,25340400.80875949,61431.2746879018
2024-05-13,2.168233271084,1238733522166.955,459.375,28888687.809454475,62886.9394491526
2024-05-14,2.121406641577,1212534592795.9192,425.0,26161115.97698713,61555.5670046756
2024-05-15,2.275705533512,1305656862270.2595,440.625,29205300.14952331,66281.5322542373
2024-05-16,2.238813737175,1285745432661.9907,443.75,28963234.269069605,65269.2603246639
2024-05-17,2.293532882786,1319013797948.891,484.375,32432026.08403802,66956.4409476914
2024-05-18,2.293351817746,1319457427063.7263,400.0,26791040.2765634,66977.6006914085
2024-05-19,2.267741433359,1305342162215.1062,481.25,31887370.142544553,66259.4704260666
2024-05-20,2.430732575262,1402750979194.1008,487.5,34711073.762770325,71202.2025902981
2024-05-21,2.392177115696,1383376851822.5369,431.25,30281191.085669916,70217.2546914085
2024-05-22,2.350508549105,1360904192311.322,478.125,33026443.32080108,69074.9141350088
2024-05-23,2.30342600975,1335008716623.4392,528.125,35785079.629114896,67758.7306586791
2024-05-24,2.329942400919,1351795322625.1067,500.0,34304499.1398305,68608.998279661
2024-05-25,2.351755247843,1365105657154.5444,500.0,34641396.29880185,69282.7925976037
2024-05-26,2.321857258415,1348634376225.0068,525.0,35933628.65045294,68445.0069532437
2024-05-27,2.349289009693,1366449886995.254,384.375,26655566.490706258,69347.815260374
2024-05-28,2.276025405912,1346675790188.2783,418.75,28618556.06296025,68342.8204488603
2024-05-29,2.249666771523,1331757571193.812,428.125,28934512.69971508,67584.2632402104
2024-05-30,2.274593932765,1347374814099.0803,384.375,26281823.5974969,68375.4760260082
2024-05-31,2.240434640049,1327745507331.984,462.5,31162215.208149485,67377.7626122151
2024-06-01,2.250811711614,1334408183644.8196,440.625,29836636.631989688,67714.3526399766
2024-06-02,2.252890611825,1336233753379.1138,437.5,29664899.9387237,67805.4855742256
2024-06-03,2.282844084426,1356522583774.186,490.625,33771339.2035122,68833.3028351841
2024-06-04,2.336035028633,1390464286885.4888,418.75,29544524.95010229,70554.0894330801
2024-06-05,2.350051564625,1401002830701.5593,384.375,27324236.02454795,71087.4433158971
2024-06-06,2.333807126267,1395140656059.825,415.625,29421470.884196922,70788.5013755114
2024-06-07,2.283767499815,1366587206919.3804,443.75,30768807.31256028,69338.1573240795
2024-06-08,2.281753656488,1366071661252.042,537.5,37254183.72823642,69310.1092618352
2024-06-09,2.291783692164,1372686175118.295,478.125,33298546.627129607,69644.0190894214
2024-06-10,2.284430208974,1369206330030.37,434.375,30174266.05764173,69465.9362478083
2024-06-11,2.210797104332,1327886106724.7012,384.375,25894676.285283647,67368.263506429
2024-06-12,2.236528862009,1344584160572.374,456.25,31122562.074488584,68213.8346838106
2024-06-13,2.189193919128,1316420457334.039,453.125,30261269.03164727,66783.4902767388
2024-06-14,2.162288948988,1300651738960.456,400.0,26392874.60783168,65982.1865195792
2024-06-15,2.168574282271,1305069712028.442,418.75,27723303.67897793,66204.904308007
2024-06-16,2.181700780897,1313337507861.0647,509.375,33935886.84121036,66622.5999336645
2024-06-17,2.17600767278,1310631966548.8096,437.5,29086696.855128586,66483.8785260082
2024-06-18,2.131170120016,1283620750458.029,475.0,30928258.42597166,65112.1230020456
2024-06-19,2.122527340691,1279047103315.121,428.125,27776199.496557213,64878.7141525424
2024-06-20,2.122824344632,1279448394407.8145,415.625,26973107.042254154,64897.7011542957
2024-06-21,2.094841851078,1263474830674.3933,437.5,28037646.403747797,64086.0489228521
2024-06-22,2.094393635978,1266898089628.074,475.0,30522614.36555377,64258.135506429
2024-06-23,2.064629768046,1248917529606.7346,350.0,22170757.656633563,63345.0218760959
2024-06-24,1.965852605759,1188100921863.343,475.0,28623003.83279516,60258.9554374635
2024-06-25,2.013824808421,1217319401227.3342,387.5,23924120.516003046,61739.6658477498
2024-06-26,1.983142815892,1198706106409.1135,378.125,22987911.259599663,60794.4760584454
2024-06-27,2.00449611147,1214020888208.736,406.25,25012781.392433167,61569.9234275278
2024-06-28,1.963323618484,1189071644235.0774,421.875,25440460.9044236,60303.3147364115
2024-06-29,1.982090071071,1200656669706.713,490.625,29873827.45425828,60889.3298430742
2024-06-30,2.04224535277,1237632202717.0747,378.125,23732365.1313249,62763.2796861485
2024-07-01,2.04314593286,1239082028945.8328,440.625,27686848.021346275,62835.3997647575
2024-07-02,2.017079157971,1223201373387.4175,462.5,28688235.380340427,62028.6170385739
2024-07-03,1.956495892684,1187491669195.1455,453.125,27285552.663930096,60216.3920859147
2024-07-04,1.867131113244,1132336135774.266,437.5,25120480.884333007,57418.2420213326
2024-07-05,1.84216706331,1118607148795.7935,378.125,21447623.63501424,56720.9881256575
2024-07-06,1.891715119434,1148973034600.3093,515.625,30039911.22682275,58259.221773232
2024-07-07,1.82212870475,1106662108515.9316,440.625,24724602.283693757,56112.5725587376
2024-07-08,1.84231499501,1118116169843.2405,496.875,28168795.21901574,56691.9149061952
2024-07-09,1.882826099963,1143576800885.025,481.25,27903564.19654992,57981.4320967271
2024-07-10,1.873671456415,1138484737067.4297,425.0,24531854.824905023,57722.0113527177
2024-07-11,1.860391707754,1130338357125.1465,437.5,25072124.323074937,57307.712738457
2024-07-12,1.877696697499,1141241450890.7737,468.75,27121462.632186934,57859.1202819988
2024-07-13,1.924461076714,1170263359782.1216,481.25,28552099.153287563,59329.0372016365
2024-07-14,1.978252221421,1203551433724.7993,521.875,31842220.838096317,61015.0339412624
2024-07-15,2.094337235781,1276955826783.0232,478.125,30951307.684302833,64734.7611697837
2024-07-16,2.10249498714,1284561804277.9807,459.375,29913960.99619648,65118.8266583869
2024-07-17,2.0722141993,1266495577595.2537,496.875,31900056.10657967,64201.3707805377
2024-07-18,2.063284607936,1262239275865.3447,403.125,25793671.8252703,63984.3022022209
2024-07-19,2.146794861585,1316943858342.9053,459.375,30665937.991481602,66755.7833828171
2024-07-20,2.159544550027,1325455815468.5513,515.625,34642522.308911085,67185.4978112215
2024-07-21,2.186185421436,1342677522206.0012,528.125,35942402.5017022,68056.6201215663
2024-07-22,2.167482354881,1332428244617.5244,559.375,37777501.198823765,67535.1976738749
2024-07-23,2.109594621683,1300525327320.5208,528.125,34812103.06034574,65916.4081616014
2024-07-24,2.091076478928,1289445533977.663,437.5,28592106.27809029,65353.3857784921
2024-07-25,2.101052278672,1296753108115.7764,509.375,33477174.919522543,65722.0611917007
2024-07-26,2.167988897972,1340001251630.1753,500.0,33956121.65458795,67912.2433091759
2024-07-27,2.17149524018,1343292249647.731,481.25,32762235.79534632,68077.3730812391
2024-07-28,2.173689504641,1345164681876.9836,462.5,31528934.47304939,68170.6691309176
2024-07-29,2.130351323441,1319480775875.413,556.25,37194861.797848485,66867.167277031
2024-07-30,2.10753663783,1306088468540.5605,468.75,31025116.259132065,66186.9146861484
2024-07-31,2.060104597961,1276590367647.944,440.625,28504310.623246625,64690.6340385739
2024-08-01,2.073446664875,1286237547913.6736,437.5,28515399.27651957,65178.0554891876
2024-08-02,1.958129492294,1213811646574.5771,390.625,24026081.987415977,61506.7698877849
2024-08-03,1.931910948089,1197683974936.4004,421.875,25602853.117739975,60688.2444272355
2024-08-04,1.85658107668,1150701598520.431,446.875,26055611.938904535,58306.2644786675
2024-08-05,1.734614783702,1072523586902.1216,487.5,26492518.49272353,54343.6276773816
2024-08-06,1.790105908673,1106175094630.1853,437.5,24520768.68792005,56047.4712866744
2024-08-07,1.76102665944,1088083425121.3396,381.25,21018213.770622093,55129.7410376973
2024-08-08,1.974027468759,1221904955759.4966,403.125,24956980.83669181,61908.7896724138
2024-08-09,1.934847151042,1198484835251.109,406.25,24667882.183545817,60720.9407594974
2024-08-10,1.937094140148,1201482137168.4636,403.125,24538845.63870819,60871.5550727645
2024-08-11,1.872742222889,1161336033784.414,503.125,29601915.01231188,58836.1043722969
2024-08-12,1.890144044639,1172376697310.6843,428.125,25428126.014607698,59394.1629538282
2024-08-13,1.926417221684,1194948367404.5227,465.625,28187189.443467833,60536.2457846289
2024-08-14,1.87350048326,1161502552681.3992,412.5,24271766.755384292,58840.6466797195
2024-08-15,1.835793831991,1137913514476.404,500.0,28822093.8439509,57644.1876879018
2024-08-16,1.876508258409,1163268220731.6543,443.75,26148978.950765267,58927.2765087668
2024-08-17,1.891903199321,1172917480915.17,465.625,27664957.737320095,59414.6743351841
2024-08-18,1.871999609436,1160677609428.6133,487.5,28661687.996087834,58793.2061458212
2024-08-19,1.891279440638,1172908290164.1162,406.25,24135929.600635607,59411.5190169492
2024-08-20,1.882426600371,1167245960130.3333,468.75,27714046.999789968,59123.3002662186
2024-08-21,1.945233846186,1206951189414.0603,459.375,28082983.657660004,61133.0256493279
2024-08-22,1.921170694846,1192400134476.1396,500.0,30197236.8874927,60394.4737749854
2024-08-23,2.035903975825,1265727472786.8767,512.5,32854736.49406783,64106.8029152543
2024-08-24,2.032046751517,1264107951577.8176,478.125,30611105.26769796,64023.226703682
2024-08-25,2.046583028581,1273509292081.1409,415.625,26806988.873111498,64498.0183413209
2024-08-26,1.998001382993,1243630467610.3733,418.75,26374316.66116854,62983.4427729398
2024-08-27,1.891971799295,1175823003704.9958,443.75,26424428.382070042,59548.0076215663
2024-08-28,1.875827072948,1167021768381.1953,503.125,29735077.298519667,59100.7747548217
2024-08-29,1.883349152914,1171765932988.4949,412.5,24477663.785330206,59339.7909947399
2024-08-30,1.876982694923,1167905016492.7952,443.75,26244679.60904989,59142.9399640561
2024-08-31,1.87073697854,1164318100826.983,459.375,27084716.13176595,58959.926273232
2024-09-01,1.820019010688,1132533186813.884,443.75,25448654.568613034,57349.0807180012
2024-09-02,1.877143284457,1168306929893.2593,521.875,30873615.591437746,59159.0238877849
2024-09-03,1.829729699885,1138291265398.3296,465.625,26837589.19133456,57637.7754444769
2024-09-04,1.841861370616,1146131838403.5774,471.875,27384510.139197655,58033.3989704851
2024-09-05,1.781930708989,1108231128685.7102,484.375,27179711.580357786,56112.9529400935
2024-09-06,1.710811543806,1063344022288.4587,453.125,24395775.78760596,53838.9534623028
2024-09-07,1.718206634267,1067863679558.0648,493.75,26695304.71291824,54066.4399248977
2024-09-08,1.743469313486,1083551229332.9728,521.875,28629675.481800668,54859.2584082408
2024-09-09,1.814072811646,1128541804948.6787,453.125,25889650.9637182,57135.7814371712
2024-09-10,1.830850569033,1139009699685.7004,428.125,24687613.986058023,57664.4998214494
2024-09-11,1.822802476165,1133986205007.4746,337.5,19375603.33488823,57409.1950663355
2024-09-12,1.844923692611,1148145814023.139,475.0,27609204.858109303,58124.6418065459
2024-09-13,1.918166417135,1195818457804.4065,384.375,23268863.807467327,60536.8814503215
2024-09-14,1.901061522523,1185380845498.9973,434.375,26065614.577661105,60007.1702507306
2024-09-15,1.873189573393,1168079552742.0537,471.875,27901930.883754916,59129.9197536528
2024-09-16,1.844209085413,1150274777284.253,390.625,22745103.209585935,58227.46421654
2024-09-17,1.906555569386,1190025146381.112,468.75,28236664.558874577,60238.2177255991
2024-09-18,1.938486988135,1211150580513.792,431.25,26438313.296811063,61306.2337317358
2024-09-19,1.989407371018,1244529728528.069,381.25,24016694.930143192,62994.6096528346
2024-09-20,1.991251479392,1247706329948.0483,453.125,28616634.42161019,63153.9518270018
2024-09-21,1.997224680189,1251956581811.1748,421.875,26733260.928304,63367.7296078317
2024-09-22,2.00309504051,1256018426232.2217,425.0,27018079.67352428,63571.9521729983
2024-09-23,1.993210662996,1251385764258.587,456.25,28897055.764589403,63336.0126347165
2024-09-24,2.02322807255,1271306695183.4255,453.125,29155326.31607521,64342.7891113384
2024-09-25,1.980828516174,1245981917271.069,450.0,28376832.11252193,63059.6269167154
2024-09-26,2.040909822528,1285489555328.316,406.25,26429725.621858567,65057.7861461134
2024-09-27,2.061133588941,1299545301087.6182,428.125,28156802.236970343,65767.7132542373
2024-09-28,2.059734897491,1299627426191.8,403.125,26513743.958046265,65770.5276478667
2024-09-29,2.054377793402,1296640538015.1345,484.375,31783603.017780162,65617.7610689655
2024-09-30,1.980655974681,1250077896709.859,428.125,27083205.71595557,63260.0425482174
2024-10-01,1.906306811115,1202646051653.5708,490.625,29858578.27268136,60858.2487086499
2024-10-02,1.901135632078,1199273528113.5735,484.375,29394829.355005283,60686.0993135593
2024-10-03,1.903667765594,1200867438226.5305,493.75,30002835.645240363,60765.2367498539
2024-10-04,1.942653036999,1226339830656.776,528.125,32771481.869986456,62052.5100496785
2024-10-05,1.941600018448,1225933206941.3413,471.875,29270620.432986908,62030.4538977206
2024-10-06,1.964736190677,1240971909274.3645,475.0,29825193.69140121,62789.8814555815
2024-10-07,1.952455630153,1233622849152.0457,484.375,30232996.46449444,62416.508829924
2024-10-08,1.926780183281,1227920018306.1497,521.875,32422177.099857524,62126.3273769725
2024-10-09,1.880158282942,1198077958961.5269,396.875,24056680.59483125,60615.2581917008
2024-10-10,1.868650690361,1190316820566.9536,484.375,29169603.685874492,60221.1172869667
2024-10-11,1.931911669891,1234647595504.9775,437.5,27327361.233635314,62462.539962595
2024-10-12,1.953970337674,1249309568739.9368,446.875,28243787.312499102,63202.8806992987
2024-10-13,1.939547429605,1240571118552.432,431.25,27065004.66764685,62759.431113384
2024-10-14,2.039522213226,1306430701379.4463,434.375,28707738.95315971,66089.7587410871
2024-10-15,2.060181206339,1323151391127.9893,487.5,32630312.73143996,66933.974833723
2024-10-16,2.079852586869,1337591659770.797,440.625,29813988.843574665,67662.9534038574
2024-10-17,2.067823405287,1331199044933.5325,490.625,33037660.89084416,67337.9075482174
2024-10-18,2.097751626956,1352037490364.0715,425.0,29065978.46407801,68390.5375625365
2024-10-19,2.095293659588,1351429188789.67,540.625,36955988.766446866,68357.8982963179
2024-10-20,2.110307256847,1364405010361.8098,540.625,37309803.45358432,69012.3532089421
2024-10-21,2.056928495458,1333364068408.307,534.375,36038497.15156066,67440.4625058445
2024-10-22,2.0548573040083666,1333102370303.0415,431.25,29077356.98224904,67425.7553211572
2024-10-23,2.030149964645596,1317742395147.647,471.875,31449188.39468424,66647.2866642315
2024-10-24,2.0735534317639304,1347109398128.7732,459.375,31297675.75321812,68130.9948369374
2024-10-25,2.015882390039284,1310177531436.6272,478.125,31681297.70618975,66261.5376861485
2024-10-26,2.038385405545456,1325271090943.35,456.25,30579398.857267298,67023.3399611338
2024-10-27,2.0672450714484363,1344619989932.5825,503.125,34212574.21137859,68000.1475008767
2024-10-28,2.12079659111609,1381482823559.9583,525.0,36677823.287200466,69862.5205470485
2024-10-29,2.199387577615285,1437208187257.8213,490.625,35658029.68548912,72678.7866201052
2024-10-30,2.1895048875101897,1432727864892.0596,528.125,38262806.43921227,72450.2843819404
2024-10-31,2.1253164193551783,1391566605240.4385,493.75,34743746.71657838,70367.0819576271
2024-11-01,2.096717117505966,1374127913099.3047,478.125,33221838.136405986,69483.5830303916
2024-11-02,2.088469515716,1369374466600.2305,440.625,30509615.02376444,69241.6794865576
2024-11-03,2.072996077959187,1359535717301.9387,412.5,28356386.28187827,68742.7546227352
2024-11-04,2.0421715913323313,1340509299537.1174,471.875,31983261.38722237,67779.0969795441
2024-11-05,2.0934035678438234,1375326900715.9143,434.375,30205579.25014609,69538.0241729982
2024-11-06,2.265383861200003,1497156604749.206,478.125,36192167.50856863,75696.0366192285
2024-11-07,2.268079148113374,1502657637883.2903,487.5,37036494.08289012,75972.2955546464
2024-11-08,2.2784564278185018,1513276367734.307,443.75,33950179.78429461,76507.4474012273
2024-11-09,2.285490807522989,1519081480991.7898,434.375,33359675.411948413,76799.2527469316
2024-11-10,2.386299165227104,1590524775490.166,462.5,37189295.03706531,80409.2865666277
2024-11-11,2.6147362044216913,1757720678966.796,425.0,37765499.3406414,88859.998448568
2024-11-12,2.574402718870185,1741713696652.337,456.25,40172241.680051856,88048.7488877849
2024-11-13,2.6237625094988872,1787657675322.5647,431.25,38971795.97426761,90369.3819693162
2024-11-14,2.5169171310403327,1725080813100.306,396.875,34609189.49003232,87204.2569827586
2024-11-15,2.6166281818489865,1802962571173.1035,468.75,42721445.83252669,91139.0844427236
2024-11-16,2.5963251574245816,1791703486489.722,490.625,44434775.73071302,90567.6957568673
2024-11-17,2.570045957525609,1775232152213.3113,468.75,42062329.88872552,89732.9704292811
2024-11-18,2.586767436063493,1792185787343.0757,487.5,44161502.06982028,90587.6965534775
2024-11-19,2.616096692148944,1825205105778.552,546.875,50451482.03597584,92254.1385800701
2024-11-20,2.6545840511759584,1862955744741.5972,459.375,43254768.69006519,94160.0406858562
2024-11-21,2.7357035205093947,1949767734681.4053,450.0,44345505.99595266,98545.5688798948
2024-11-22,2.7268624607806946,1957583287126.9268,446.875,44213074.95292317,98938.3495450029
2024-11-23,2.682475835762373,1933263035602.3704,431.25,42136164.64798183,97707.0484590883
2024-11-24,2.684190145202477,1938708892763.704,418.75,41029212.218087,97980.2082819988
2024-11-25,2.5509368688261986,1847003530882.5168,528.125,49296787.22997971,93343.0290745178
2024-11-26,2.504171774475637,1818006432546.3628,434.375,39908450.70110591,91875.5699593805
2024-11-27,2.606953545179931,1899443244839.8489,415.625,39895461.469493344,95989.0802273524
2024-11-28,2.593738763868712,1894516141679.9128,443.75,42483711.00026668,95737.9402822911
2024-11-29,2.6309948422566616,1927421800509.8127,378.125,36828974.84540657,97398.9417399182
2024-11-30,2.6035102735918114,1908962307847.3225,512.5,49437607.76023161,96463.6248980129
2024-12-01,2.627590012401485,1928918216380.8752,493.75,48125617.1986448,97469.6044529515
2024-12-02,2.572610271286454,1894459110890.3767,396.875,37991431.559963115,95726.4417258913
2024-12-03,2.5714581344527,1900135290511.2388,490.625,47105336.73558681,96010.8774228521
2024-12-04,2.637537468218781,1957759688318.8247,459.375,45441491.141732715,98920.2528255406
2024-12-05,2.5624396365200885,1918806150363.6316,484.375,46959993.6994402,96949.6644117475
2024-12-06,2.619701356628037,1978292068450.6504,425.0,42480069.90469025,99953.1056580947
2024-12-07,2.6172416537051104,1978823210378.297,443.75,44365104.47627666,99977.7002282291
2024-12-08,2.635830347444721,1995124567555.0056,456.25,45989536.251207314,100798.98356429
2024-12-09,2.528321562198401,1927704967520.9807,521.875,50825510.029922165,97390.1988597311
2024-12-10,2.5042559556430377,1916772101161.006,481.25,46602085.211773105,96835.5017387493
2024-12-11,2.607825988676539,2005389739960.3047,443.75,44956402.09302116,101310.201899766
2024-12-12,2.5725090268010704,1981300299243.624,462.5,46292036.8467891,100090.890479544
2024-12-13,2.5964143923269845,2005087006885.8284,531.25,53810218.98773556,101289.823976914
2024-12-14,2.5956011229498386,2006662563398.3247,496.875,50366664.36005241,101366.87166803
2024-12-15,2.671579602981782,2069747720545.494,428.125,44761054.05730313,104551.367141146
2024-12-16,2.6904870242055368,2095617308590.057,462.5,48958248.40636668,105855.672229982
2024-12-17,2.6825053486643022,2100814326264.9368,425.0,45099261.9977716,106115.910582992
2024-12-18,2.5337669288940026,1989080900958.2937,450.0,45211396.7956167,100469.770656926
2024-12-19,2.449250681750823,1934231301840.7524,453.125,44268973.86890889,97697.045779661
2024-12-20,2.438923701718572,1932701352301.5583,471.875,46063230.540551946,97617.4422051432
2024-12-21,2.4247953422211608,1922362435573.652,453.125,43995274.27211333,97093.0190832846
2024-12-22,2.3683246829858304,1883920629195.2527,484.375,46087848.13410469,95149.1058252484
2024-12-23,2.3466031181287983,1877064601089.3376,434.375,41179078.47698989,94800.7562060199
2024-12-24,2.432547289582645,1953077820204.931,412.5,40688064.88492111,98637.7330543542
2024-12-25,2.4457574461003446,1964958123095.0613,471.875,46826689.221634805,99235.3678869082
2024-12-26,2.3548963638187823,1893573831131.2705,409.375,39147836.577590786,95628.3030902981
2024-12-27,2.316536046291274,1865733631847.3723,493.75,46521116.184643485,94219.9821461134
2024-12-28,2.3373921900161463,1883669106004.3423,446.875,42508350.30847642,95123.5811098773
2024-12-29,2.2939806186069815,1850724503071.0576,493.75,46144679.295638554,93457.5783202806
2024-12-30,2.264447243535571,1832266408959.4832,496.875,45972446.65787826,92523.163085038
2024-12-31,2.2808124449322915,1849465014110.3464,403.125,37647735.955058254,93389.7326016949
2025-01-01,2.3030404933089104,1870618380200.1172,437.5,41324411.00020091,94455.7965718878
2025-01-02,2.3578841474857937,1918111729016.921,521.875,50544321.07828119,96851.393682934
2025-01-03,2.3862905574570155,1943293181040.9524,443.75,43541053.82493972,98120.6846759205
2025-01-04,2.3875160097101222,1945504870252.1655,465.625,45738366.033462696,98230.0478571011
2025-01-05,2.3909658600988406,1949212211950.715,487.5,47977220.897011966,98414.8120964348
2025-01-06,2.477062799747396,2023819606221.713,415.625,42468379.77742839,102179.560366745
2025-01-07,2.346702783421937,1920775996884.6812,418.75,40608279.48530282,96974.9957857978
2025-01-08,2.2986659046669535,1882472571006.6912,390.625,37124719.10980421,95039.2809210988
2025-01-09,2.233820238836667,1829173131917.1704,475.0,43864430.35051142,92346.1691589714
2025-01-10,2.290082536703305,1877010385895.2708,443.75,42049359.33842415,94759.1196358854
2025-01-11,2.285501707170164,1874028218724.514,431.25,40799056.579284765,94606.5080099357
2025-01-12,2.278657758123868,1869072635804.9492,537.5,50715154.201508634,94353.7752586207
2025-01-13,2.2779845089607442,1869545289653.9631,400.0,37750291.96411456,94375.7299102864
2025-01-14,2.3280580564665416,1913048986189.611,481.25,46474060.1935071,96569.475726768
2025-01-15,2.4095410827754344,1984466832794.948,434.375,43512388.84977608,100172.405985096
2025-01-16,2.3989108291075403,1980650188550.284,400.0,39991091.92939804,99977.7298234951
2025-01-17,2.495913169030756,2066259604648.9436,468.75,48889025.64102703,104296.588034191
2025-01-18,2.4946785705686336,2068314222988.1396,406.25,42411750.981133215,104398.156261251
2025-01-19,2.410672870086662,2000137986542.0996,468.75,47322455.75718703,100954.572281999
2025-01-20,2.445056132753733,2032568393070.4937,475.0,48729774.38202785,102588.998699006
2025-01-21,2.5188589005093247,2099953742682.1108,415.625,44051216.24319641,105987.888705435
2025-01-22,2.459018475131256,2056477666295.4968,468.75,48652091.65382109,103791.128861485
2025-01-23,2.455447281433525,2064318362060.2715,425.0,44278462.116079725,104184.616743717
2025-01-24,2.4651832101972833,2074895497988.584,437.5,45813304.63584875,104716.12488194
2025-01-25,2.4670204525538764,2077908832637.7983,400.0,41946434.1395676,104866.085348919
2025-01-26,2.418361700134125,2037674834179.0256,428.125,44025536.22010245,102833.369273232
2025-01-27,2.3934124984483267,2019377065358.7551,487.5,49679880.06959738,101907.44629661
2025-01-28,2.373287118165897,2004179506349.8545,462.5,46776391.630544886,101138.144066043
2025-01-29,2.436318963363576,2059331945599.1267,484.375,50335666.55035431,103918.795458796
2025-01-30,2.457756213004062,2080556697805.9504,453.125,47572436.65492592,104987.446410871
2025-01-31,2.3926271926371023,2026606623485.5928,390.625,39946501.43396602,102263.043670953
2025-02-01,2.353296238999732,1993910895067.3057,575.0,57850917.00288557,100610.290439801
2025-02-02,2.2785882985362735,1930832016063.4487,534.375,52061367.293468714,97424.7809000584
2025-02-03,2.371727104993572,2013279341602.0896,478.125,48569089.16074941,101582.408702221
2025-02-04,2.280750094282139,1939309473574.1904,409.375,40056586.30767459,97848.1497592051
2025-02-05,2.246535583279113,1913809109907.9287,450.0,43451699.740327306,96559.3327562829
2025-02-06,2.243314171452448,1913495458438.8672,453.125,43745276.87115996,96541.3006811806
2025-02-07,2.2387599646519223,1910431989078.9983,540.625,52107660.00052784,96384.1109836353
2025-02-08,2.2429885869544703,1914825201259.5168,500.0,48301659.078609,96603.318157218
2025-02-09,2.232532160927027,1909049334363.78,446.875,43038420.9793496,96309.7532405026
2025-02-10,2.2560105134383015,1930211390619.1672,434.375,42297363.51296757,97375.2253535944
2025-02-11,2.2178405166069126,1899147805926.7595,387.5,37124924.989947386,95806.2580385739
2025-02-12,2.261466528982128,1937847635266.7156,415.625,40630044.337809585,97756.4976548802
2025-02-13,2.2326518009087044,1913676151860.9067,493.75,47664028.18766985,96534.7406332554
2025-02-14,2.25166232416674,1931159716999.0176,475.0,46271820.51653274,97414.3589821742
2025-02-15,2.254483790385446,1934556498527.5264,500.0,48791621.5883986,97583.2431767972
2025-02-16,2.221961475316798,1906827963922.086,471.875,45386006.84928038,96182.2661706604
2025-02-17,2.212551004856131,1899102368220.6968,428.125,41010312.521249466,95790.5109985389
2025-02-18,2.2037234329299973,1892274974606.2864,437.5,41756763.9503945,95444.031886616
2025-02-19,2.2304732158403096,1916181201685.9424,393.75,38055115.86100052,96647.9132977791
2025-02-20,2.269163375900631,1950804507961.5483,406.25,39971839.26316848,98392.2197247224
2025-02-21,2.2145337837142764,1904384514551.3691,403.125,38719750.59527872,96048.9937247224
2025-02-22,2.2259723481715947,1915464594989.7837,434.375,41963104.89282584,96605.7091057861
2025-02-23,2.213616967746432,1905310407147.9172,403.125,38736939.54405408,96091.6329774985
2025-02-24,2.1164194813823665,1821634093760.3489,406.25,37322047.07687389,91869.6543430742
2025-02-25,2.045057192561317,1760208246634.8357,459.375,40778597.30343914,88769.7356265342
2025-02-26,1.937156888282904,1665430715502.8591,490.625,41206561.29922377,83987.89564173
2025-02-27,1.951252300853544,1678112099535.171,468.75,39668165.22022026,84625.4191364699
2025-02-28,1.9428821960052791,1670585267601.7073,487.5,41068841.73183446,84243.7779114553
2025-03-01,1.979772195615528,1702364201940.7178,450.0,38629965.85327296,85844.3685628288
2025-03-02,2.1723352788786894,1870638896492.398,393.75,37141653.71876278,94328.0094444769
2025-03-03,1.9890487557357124,1711790108875.507,468.75,40460592.44584674,86315.9305511397
2025-03-04,2.011926611190173,1731815528260.4128,456.25,39841433.85942248,87323.690650789
2025-03-05,2.085499742580572,1797214619202.8445,418.75,37946877.559621595,90619.4090976038
2025-03-06,2.074588033844596,1789382285455.2207,531.25,47930474.33028017,90222.0693275862
2025-03-07,1.990605455895191,1716663461110.232,443.75,38408156.535974964,86553.5921937464
2025-03-08,1.9817025600012967,1709117730734.5408,428.125,36892078.79460113,86171.2789362946
2025-03-09,1.8553174468191107,1599605268650.108,496.875,40071873.84165148,80647.7964108709
2025-03-10,1.8183074680565463,1567078358406.0225,481.25,38021618.31216027,79005.9601291642
2025-03-11,1.9029557814450992,1641320516183.5276,431.25,35684712.83267097,82747.1601917008
2025-03-12,1.921883426993698,1658875091592.0261,478.125,39985669.346424796,83630.1581101695
2025-03-13,1.864334615532672,1608931653806.9155,496.875,40301674.87126863,81110.2890490941
2025-03-14,1.932035459333313,1668389628844.3645,443.75,37321963.638577566,84105.8335517241
2025-03-15,1.9374873260847636,1673324978903.161,412.5,34795561.8870215,84352.8773018703
2025-03-16,1.894746119450727,1636449800880.6472,453.125,37379234.09427965,82492.1028287551
2025-03-17,1.929602895545638,1666676385336.546,437.5,36756102.039176635,84013.947518118
2025-03-18,1.8989060236861497,1640266102189.8103,443.75,36689607.907197915,82680.8065514319
2025-03-19,1.9911932421344407,1721514946126.3872,475.0,41217761.6592855,86774.23507218
2025-03-20,1.9298268037808353,1668993504738.9026,443.75,37330456.008980505,84124.9712878434
2025-03-21,1.9281651540140552,1667929256877.527,453.125,38093950.5815678,84069.4081800117
2025-03-22,1.9223588315764384,1663044522837.712,468.75,39291197.018145464,83821.220305377
2025-03-23,1.966380986053732,1701569937335.213,487.5,41808429.707174174,85760.8814506137
2025-03-24,2.0008793939408274,1732597247212.6855,481.25,42023987.70608928,87322.5718568089
2025-03-25,2.0026741040033817,1734627459888.4236,465.625,40706261.08954375,87422.8426084161
2025-03-26,1.9885114032158293,1723038102417.2332,475.0,41247421.14539015,86836.6760955582
2025-03-27,1.9967090941768977,1730512308533.819,462.5,40335237.35783901,87211.3240169492
2025-03-28,1.928282346209128,1672964353420.1504,481.25,40573743.958370455,84309.0783550555
2025-03-29,1.8872433668233977,1637046774655.5232,440.625,36350319.60580799,82497.1792472238
2025-03-30,1.8812161854306808,1631511606002.1655,428.125,35198924.79587866,82216.4666765049
2025-03-31,1.887088049301776,1636411209942.2063,462.5,38138420.45294783,82461.4496279953
2025-04-01,1.950076686214192,1691322616301.7249,421.875,35955019.88171208,85226.7137936879
2025-04-02,1.8882773504046595,1638359405101.183,537.5,44373651.82177093,82555.631296318
2025-04-03,1.8941542618128036,1645862024148.4058,475.0,39392556.26475015,82931.697399474
2025-04-04,1.9126673444102584,1662629046893.7307,562.5,47122976.10238898,83774.1797375804
2025-04-05,1.9016833447333796,1653304002042.126,512.5,42692362.93253943,83302.1715756867
2025-04-06,1.780124063587888,1547096309796.6248,453.125,35320680.7232521,77949.0884926943
2025-04-07,1.8128169226747144,1576362060476.6785,453.125,35988005.12354343,79421.8044105786
2025-04-08,1.7439655745926916,1515457839297.2393,478.125,36505527.24421848,76351.4295303916
2025-04-09,1.887230963523962,1641909959540.38,409.375,33863747.053386174,82720.6034891876
2025-04-10,1.8147281216378452,1579190648363.4094,450.0,35801530.12136178,79558.9558252484
2025-04-11,1.9005276237422863,1654675324685.486,462.5,38553953.52604833,83359.8995157802
2025-04-12,1.9432833469455524,1692613865286.0972,450.0,38371162.28039159,85269.2495119813
2025-04-13,1.9039218772421993,1658907541993.389,537.5,44918313.00935124,83568.9544360023
2025-04-14,1.9262023235820704,1679196255170.0217,465.625,39386768.21753636,84589.0324135009
2025-04-15,1.907137055165662,1661016663554.037,450.0,37652104.78711281,83671.3439713618
2025-04-16,1.9172708051026968,1670588196755.446,462.5,38920085.28728084,84151.5357562829
2025-04-17,1.9396573992306128,1686293103287.5042,478.125,40612216.65513953,84940.5838538866
2025-04-18,1.9277993169752448,1676287312525.932,425.0,35884778.41719756,84434.7727463472
2025-04-19,1.943457271715672,1690021871643.1616,434.375,36976050.89991231,85124.721496201
2025-04-20,1.9426378432392224,1689598441895.586,384.375,32710983.678169724,85101.7461545879
2025-04-21,1.9927995689339313,1734482195997.8015,393.75,34398283.45800152,87360.7198933372
2025-04-22,2.1282639230663345,1856331181814.378,484.375,45286936.42751862,93495.6106890707
2025-04-23,2.1261098636422497,1860338085945.4592,356.25,33379107.545004744,93695.7404772063
2025-04-24,2.126194044694234,1863439928975.8303,440.625,41352604.158905625,93849.8817790766
2025-04-25,2.1396892285629945,1881780070424.8152,450.0,42647135.76031563,94771.4128007014
2025-04-26,2.1368454882429617,1880292468574.824,415.625,39357406.1765205,94694.5111014027
2025-04-27,2.1163030783471615,1862825953569.6736,421.875,39577307.2881082,93812.876534775
2025-04-28,2.1414599497479094,1887751317170.654,440.625,41888465.58540417,95066.0211867329
2025-04-29,2.1164915940420426,1868668111983.048,456.25,42934420.88799496,94102.8403024547
2025-04-30,2.117664419217392,1871365778928.6255,412.5,38872652.162156634,94236.7325143191
2025-05-01,2.1635056908519745,1914598090283.48,421.875,40673703.7674514,96411.7422635885
2025-05-02,2.1700257371132774,1923192534185.832,496.875,48118419.48381247,96842.1021057861
2025-05-03,2.1488276411481815,1905398528848.1636,512.5,49171100.81841762,95943.61135301
2025-05-04,2.1136160468529854,1874342989258.676,434.375,40995352.49634258,94377.7899196376
2025-05-05,2.1198315170018898,1883847029957.3728,546.875,51873133.51688065,94853.7298594389
2025-05-06,2.1566030190508583,1920118226994.4229,431.25,41692354.94188524,96677.9245029223
2025-05-07,2.164177587122982,1929289214331.7031,471.875,45836699.162519164,97137.3757086499
2025-05-08,2.2908345636251917,2047161802262.9504,496.875,51212677.33756733,103069.539295733
2025-05-09,2.2831068959043845,2044649883878.203,437.5,45036601.290382184,102940.802949445
2025-05-10,2.317993015404475,2077313318157.566,468.75,49023197.72168156,104582.821806254
2025-05-11,2.30314847924649,2065311256125.5452,465.625,48413889.16263516,103976.137798948
2025-05-12,2.276547512358493,2044380972696.56,453.125,46635658.843485296,102920.074689071
2025-05-13,2.2970209363653464,2068769059377.2952,406.25,42309195.429007,104145.711825248
2025-05-14,2.281735209781493,2057433647794.164,450.0,46607723.8389099,103572.719642022
2025-05-15,2.2793299047250057,2060332819995.956,456.25,47320554.55100079,103716.283947399
2025-05-16,2.272925986368772,2057396779611.088,425.0,44015664.4062243,103566.269191116
2025-05-17,2.263971398372875,2049968934871.8545,446.875,46113049.73498035,103190.041364991
2025-05-18,2.324070467635384,2106156816753.277,506.25,53670442.98601524,106015.689848919
2025-05-19,2.3094629533855167,2098259532017.2595,440.625,46536974.63561324,105615.828960257
2025-05-20,2.3328187609635207,2123688965537.7637,462.5,49438165.23947615,106893.330247516
2025-05-21,2.387132485847717,2179595937622.9265,450.0,49367185.02878445,109704.855619521
2025-05-22,2.419114869272548,2214857125536.5435,468.75,52254850.68180141,111477.014787843
2025-05-23,2.325244185229265,2131757821570.904,484.375,51969508.7197958,107291.888969901
2025-05-24,2.33752306327879,2144232082359.298,440.625,47551072.777474575,107917.328289304
2025-05-25,2.357588378582445,2164103972791.515,471.875,51394207.37601624,108914.876558445
2025-05-26,2.3615409622706878,2173238869041.109,478.125,52293480.410420835,109371.985172122
2025-05-27,2.3483230152239982,2167213819846.428,440.625,48057358.54619826,109066.345636762
2025-05-28,2.3195657659140596,2144001770511.488,512.5,55296393.72973043,107895.402399474
2025-05-29,2.269515917375292,2101084126510.376,496.875,52536063.45267098,105732.957892168
2025-05-30,2.2301710388100866,2066326288336.2883,484.375,50365943.620242015,103981.302957919
2025-05-31,2.2453195179282552,2080839122058.3977,503.125,52681697.58807189,104708.964150205
2025-06-01,2.266824485425617,2101574335240.2612,415.625,43952410.13546622,105750.15972443
2025-06-02,2.2631740322455194,2104590104579.1655,415.625,44014561.53513932,105899.696926651
2025-06-03,2.249049850630191,2096375961866.664,450.0,47467793.498013,105483.98555114
2025-06-04,2.2306295386760513,2082482835627.2383,393.75,41258245.17951321,104782.844900351
2025-06-05,2.164421975716304,2020643792695.6504,418.75,42573973.52052872,101669.190496785
2025-06-06,2.221377259248508,2075379908381.1829,418.75,43726315.33618311,104421.051549094
2025-06-07,2.246857184421021,2100553227975.266,446.875,47228096.273440234,105685.250402104
2025-06-08,2.2465926766265145,2101448276113.1248,478.125,50551075.51173121,105727.739632379
2025-06-09,2.3383291419548384,2190350694809.1885,437.5,48211694.437335625,110198.15871391
2025-06-10,2.331994320703792,2187943357305.6516,528.125,58132894.1400883,110074.119081824
2025-06-11,2.299464902547621,2159600242681.196,440.625,47872049.26156117,108645.785558153
2025-06-12,2.2419620475504862,2107037660426.0664,462.5,49024530.946745455,105998.985830801
2025-06-13,2.2394272436628913,2107599273522.1548,453.125,48042497.50834225,106024.822087376
2025-06-14,2.227143824699812,2096562615729.3809,471.875,49767291.93775205,105467.108742256
2025-06-15,2.227219971359887,2097515696363.0132,425.0,44842938.9110463,105512.797437756
2025-06-16,2.2587719122318566,2131978316689.5857,456.25,48930044.58911113,107243.933345997
2025-06-17,2.203207202646305,2080020784384.478,368.75,38581721.21950419,104628.396527469
2025-06-18,2.20581725377894,2083743868284.6492,437.5,45855848.07502913,104813.367028638
2025-06-19,2.202308074044105,2081724883731.6504,396.875,41556670.429440826,104709.720767095
2025-06-20,2.1712340906871987,2053249239006.785,471.875,48732871.20242068,103274.958839567
2025-06-21,2.1341088047568837,2018963554074.3127,440.625,44744674.03066365,101548.196381648
2025-06-22,2.119915228385861,2006094738210.3289,334.375,33738181.41956096,100899.234151958
2025-06-23,2.2134869832042123,2097542487005.0583,334.375,35275541.81874896,105496.947495324
2025-06-24,2.220349702793955,2106868694059.577,365.625,38743111.31562861,105964.065136762
2025-06-25,2.2450664068043222,2133579562773.2737,446.875,47951951.01106723,107305.065199591
2025-06-26,2.234143825279254,2127821320993.0576,490.625,52503166.19806376,107012.822824079
2025-06-27,2.2307257878946083,2129413451733.8088,359.375,38485813.40900344,107090.95905114
2025-06-28,2.2355962704995864,2134764370076.9768,453.125,48646420.28072039,107357.617171245
2025-06-29,2.2551487868683586,2154771519854.225,528.125,57228101.20839857,108360.901696376
2025-06-30,2.224449219216365,2130802792373.5325,453.125,48553748.95219789,107153.101135885
2025-07-01,2.190371437932748,2099293644623.7915,418.75,44205911.82536895,105566.356597896
2025-07-02,2.2572933277993874,2166178189392.104,478.125,52080786.191614784,108927.13451841
2025-07-03,2.268221095554169,2180250385703.646,471.875,51732675.08797102,109632.159126826
2025-07-04,2.215345083660493,2149464119255.1885,496.875,53702943.51756481,108081.395758621
2025-07-05,2.218074557692169,2152766699219.0437,490.625,53107599.51179614,108244.788813852
2025-07-06,2.2363339967768048,2171420830654.5227,500.0,54590002.7727935,109180.005545587
2025-07-07,2.2137003448829926,2152963631063.5625,471.875,51080186.09880544,108249.401004091
2025-07-08,2.2241472452865456,2167078035042.8596,443.75,48349505.31824974,108956.631703098
2025-07-09,2.268230580456622,2216066450892.2695,512.5,57101113.444024086,111416.806720047
2025-07-10,2.354601798397052,2304779478142.8335,534.375,61920117.33444248,115873.903783752
2025-07-11,2.38212290459618,2339537436457.521,468.75,55133721.13457063,117618.605087084
2025-07-12,2.37341147249211,2334893219628.712,465.625,54656167.21436215,117382.372540912
2025-07-13,2.4017092198498973,2365126544898.0674,428.125,50903949.94929057,118899.737107832
2025-07-14,2.4125084332311304,2384502915692.5654,453.125,54316590.46464534,119871.096197838
2025-07-15,2.364195114922196,2341591953037.3784,512.5,60326831.64154363,117710.89100789
2025-07-16,2.3688751245334454,2361917162381.5225,409.375,48605170.62720344,118730.187791642
2025-07-17,2.374985804949236,2377315036151.2236,425.0,50788207.10262995,119501.663770894
2025-07-18,2.340384009446915,2346669299827.5835,450.0,53081330.04586485,117958.511213033
2025-07-19,2.336414214135971,2345727189536.0054,443.75,52321907.849967,117908.52473232
2025-07-20,2.3233701383205516,2333788554645.3423,465.625,54620457.69412616,117305.680953828
2025-07-21,2.3218439654227243,2336365376851.485,468.75,55046454.203773595,117432.435634717
2025-07-22,2.3670956161477066,2388857383305.068,468.75,56281877.7134625,120068.00578872
2025-07-23,2.334400354595592,2360708516578.7466,437.5,51909631.884990685,118650.587165693
2025-07-24,2.3257901969225423,2355321152006.9604,459.375,54379472.01475379,118377.081936879
2025-07-25,2.304027155259395,2338330202043.7227,500.0,58760086.67519,117520.17335038
2025-07-26,2.3118305041157874,2347599668866.052,478.125,56410719.69878834,117983.204598773
2025-07-27,2.338853962335245,2376601218524.4136,428.125,51134464.063338414,119438.164235535
2025-07-28,2.3084821087206895,2348488298493.529,453.125,53479007.535752326,118022.637320281
2025-07-29,2.3014237166265827,2345519559459.0205,350.0,41254979.81338405,117871.370895383
2025-07-30,2.2955727612124828,2342809433816.109,428.125,50404288.06724789,117732.643660725
2025-07-31,2.2576734658479,2305368665823.8267,481.25,55752013.61782745,115848.339985096
2025-08-01,2.2070884136924738,2254355122015.228,471.875,53455011.858578786,113282.144336061
2025-08-02,2.192314956363128,2239750089818.0874,453.125,50997258.376854,112545.673659264
2025-08-03,2.2240971442941064,2273995431945.6807,484.375,55346476.755912825,114263.693947691
2025-08-04,2.2406311051894656,2292689374189.235,534.375,61559964.5491692,115199.933659264
2025-08-05,2.2178999959543493,2271073998199.12,431.25,49210524.439189315,114111.36101841
2025-08-06,2.2349723954934775,2289501873478.173,450.0,51765605.43703965,115034.678748977
2025-08-07,2.2781308995532936,2337531175120.7417,503.125,59089472.318169974,117444.913924313
2025-08-08,2.2621480824612368,2323564790361.1636,428.125,49979606.93052016,116740.687720923
2025-08-09,2.2569920501462186,2319048455360.759,362.5,42235475.20552344,116511.655739375
2025-08-10,2.307419605120224,2372392553182.501,421.875,50282942.973866016,119189.198160275
2025-08-11,2.296376996154095,2363546734531.7153,459.375,54547126.02547084,118742.043048644
2025-08-12,2.3206476200119286,2391709484341.113,428.125,51441070.36282684,120154.32493507
2025-08-13,2.379739102823155,2457225396914.5664,487.5,60178306.41334688,123442.67982225
2025-08-14,2.282416006210002,2359101850712.3994,506.25,59995824.835920185,118510.27128083
2025-08-15,2.2576928997517896,2335282091620.0776,418.75,49124069.16560566,117311.209947715
2025-08-16,2.2532741501991906,2338348119563.3086,475.0,55794652.75195925,117462.42684623
2025-08-17,2.2553050008051305,2341181540292.769,475.0,55860927.3101468,117601.952231888
2025-08-18,2.2296562377042366,2315575768549.4985,481.25,55975590.05403221,116312.914397989
2025-08-19,2.1624059611427886,2247401509643.068,418.75,47271054.99283631,112886.10147543
2025-08-20,2.187593393945847,2275149059638.6846,440.625,50353444.504076734,114277.320860316
2025-08-21,2.1500922222394157,2236772618107.5776,465.625,52311619.50764687,112347.102298302
2025-08-22,2.2309603181709265,2325500247698.137,456.25,53290445.77225205,116800.977035073
2025-08-23,2.201272176719621,2295281301319.894,475.0,54758211.24382115,115280.444723834
2025-08-24,2.167328504514984,2260210071457.8794,512.5,58177012.76813051,113516.122474401
2025-08-25,2.101608862718138,2192032047921.661,440.625,48508200.6165447,110089.533314144
2025-08-26,2.1348985660008872,2228039674983.534,468.75,52450919.76342516,111895.295495307
2025-08-27,2.1218251202374474,2215288753962.2065,468.75,52149519.016903594,111252.307236061
2025-08-28,2.142789122023943,2239813780373.477,496.875,55889072.84922916,112481.152904109
2025-08-29,2.0585239707912053,2160062777589.67,515.625,55931561.008971654,108473.330441642
2025-08-30,2.063022252855391,2165549227144.0293,493.75,53693411.96977018,108746.150824851
2025-08-31,2.054653984489101,2157036868947.128,412.5,44680534.344109125,108316.44689481
2025-09-01,2.066472278033613,2170551279014.5664,503.125,54836763.32185295,108992.324614863
2025-09-02,2.106133166120609,2213397100781.9453,509.375,56612419.959541455,111140.947159836
2025-09-03,2.117352868701102,2226186647369.0947,428.125,47856130.84834535,111780.743587376
2025-09-04,2.0988399671512,2208707196345.665,437.5,48519027.118179195,110900.633412981
2025-09-05,2.0909910896315393,2204984484343.3813,446.875,49474080.676021785,110711.229484804
2025-09-06,2.081547548704114,2195720165768.225,437.5,48231597.1994815,110243.650741672
2025-09-07,2.1007955085878978,2216968057740.0366,481.25,53566871.25264812,111307.784421087
2025-09-08,2.114485395928852,2233048249212.6406,500.0,56056155.787551,112112.311575102
2025-09-09,2.1019000165432096,2220639486843.1694,521.875,58181963.31947691,111486.396779836
2025-09-10,2.145924375428194,2269387779972.4683,531.25,60525710.0999509,113930.748423437
2025-09-11,2.171828406012249,2299620481124.1,468.75,54115224.81217875,115445.812932648
2025-09-12,2.1834524058125826,2313674623907.2764,375.0,43555940.26198425,116149.174031958
2025-09-13,2.178678922337634,2310069502058.3306,440.625,51097354.63977746,115965.627551268
2025-09-14,2.1673601179200923,2298776200578.8613,478.125,55173680.668080814,115395.933423437
2025-09-15,2.1656665085615017,2299332980316.204,509.375,58792537.1428296,115420.931814144
2025-09-16,2.1888797241350617,2326841616711.2607,500.0,58399433.525453,116798.867050906
2025-09-17,2.1818070259413114,2322443908090.3315,400.0,46630311.0515464,116575.777628866
2025-09-18,2.188425256780357,2331240531967.0737,493.75,57775873.21382341,117014.426762174
2025-09-19,2.1584515968726663,2303368556120.7207,525.0,60696495.58438988,115612.372541695
2025-09-20,2.1600824520314994,2306228956192.6875,478.125,55344482.47488749,115753.165960549
2025-09-21,2.151199242305393,2297674188701.304,506.25,58381184.78220504,115320.858829047
2025-09-22,2.1030843290113816,2246060606259.752,468.75,52841113.00224844,112727.70773813
2025-09-23,2.0884207525288683,2232655622694.466,450.0,50423576.9769099,112052.393282022
2025-09-24,2.1098438050041244,2258059127591.7627,478.125,54183335.6550168,113324.623592192
2025-09-25,2.0312424703115273,2175251165398.7356,440.625,48101422.07642885,109166.347974874
2025-09-26,2.0392977420667635,2185314295488.7644,412.5,45238504.64383016,109669.102166861
2025-09-27,2.0384097258593883,2184881768009.1887,484.375,53109166.42935891,109644.73069287
2025-09-28,2.0843982136269275,2235260600040.185,515.625,57837660.264702655,112170.00778609
2025-09-29,2.122720877587773,2278575750081.584,437.5,50024249.37799538,114341.141435418
2025-09-30,2.1128072133352527,2271271762904.084,503.125,57342033.09469132,113971.742796902
2025-10-01,2.186155026712077,2359441494737.089,471.875,55866824.46354664,118393.270386324
2025-10-02,2.221772196583208,2402645137487.716,425.0,51237402.452980526,120558.594007013
2025-10-03,2.249202943238196,2438354357753.2856,368.75,45115872.067349195,122348.127640269
2025-10-04,2.247639041410611,2439035713312.36,418.75,51246517.93301636,122379.744317651
2025-10-05,2.266766621760195,2461893696556.56,465.625,57515754.621137336,123523.768313852
2025-10-06,2.287145426879909,2487865019395.093,384.375,47979399.3781997,124824.453666861
2025-10-07,2.219347428097428,2423405991080.0264,431.25,52434695.2958286,121587.699236704
2025-10-08,2.248606081441407,2459392369263.4487,462.5,57068038.306290425,123390.353094682
2025-10-09,2.2125534313089372,2423819431448.1187,375.0,45601249.79478375,121603.33278609
2025-10-10,2.070562788244427,2267429035644.953,412.5,46923876.58537053,113754.852328171
2025-10-11,2.0194789962614186,2211374961639.216,459.375,50963114.70712304,110940.113648159
2025-10-12,2.0951257451651712,2295401165962.697,453.125,52178665.53601698,115152.917045003
2025-10-13,2.09746317757528,2299030741394.9785,475.0,54782820.14154717,115332.252929573
2025-10-14,2.056829337301677,2259119504832.801,528.125,59850863.81355729,113327.079410286
2025-10-15,2.005891025806165,2210046641902.439,450.0,49888292.61842505,110862.872485389
2025-10-16,1.9578568178170297,2155719311026.7776,478.125,51702070.592766434,108135.049605786
2025-10-17,1.92928303157762,2125682123928.4111,496.875,52979629.11115096,106625.668651373
2025-10-18,1.9381495183779995,2136069072945.8809,515.625,55246080.622799344,107143.913935126
2025-10-19,1.965929731213064,2167271973156.9053,434.375,47219457.07243581,108706.663763881
2025-10-20,2.000241242040893,2205873161783.9478,465.625,51516866.1806491,110640.249515488
2025-10-21,1.9642552693241937,2167248302706.2048,468.75,50953304.0961975,108700.382071888
2025-10-22,1.9422693938130509,2146708963448.5056,478.125,51478585.68386986,107667.630188486
2025-10-23,1.9838505829202957,2194476255972.5571,443.75,48839540.70375528,110060.936797195
2025-10-24,2.0002399703642184,2213759431224.074,559.375,62104577.57284753,111024.94314699
2025-10-25,2.010123020095332,2225571303267.163,500.0,55807267.928843,111614.535857686
2025-10-26,2.061141989497095,2284298071832.6084,459.375,52624668.0240647,114557.100460549
2025-10-27,2.0506486983041583,2274991986566.8306,459.375,52409071.09171092,114087.773805085
2025-10-28,2.0269852854220023,2252973055585.6294,506.25,57196472.209683806,112980.685846289
2025-10-29,1.9748570714184717,2197691726032.41,384.375,42360565.00598522,110206.347983051
2025-10-30,1.9325248327320044,2154140935697.1548,500.0,54009861.9209525,108019.723841905
2025-10-31,1.9596274069163768,2184790344305.3535,437.5,47929979.83712006,109554.239627703
2025-11-01,1.9663440701835695,2193832993167.6711,431.25,47439783.83761882,110005.295855348
2025-11-02,1.97277646963442,2201542028456.724,484.375,53469753.55376077,110389.168627119
2025-11-03,1.9020882532144816,2123942098026.172,443.75,47257512.48801324,106495.802789889
2025-11-04,1.8116855886218344,2021350949128.4888,409.375,41490048.679481,101349.73723232
2025-11-05,1.857055734420492,2072575814667.2568,431.25,44813725.31626969,103915.88479135
2025-11-06,1.8097201631689652,2019281654873.9136,437.5,44293188.484110124,101241.573677966
2025-11-07,1.8428465053331913,2062945632162.0864,443.75,45896384.33770108,103428.471746932
2025-11-08,1.8227583856026048,2041174456726.6416,375.0,38375633.03970638,102335.021439217
2025-11-09,1.8641651761462623,2088104138262.236,440.625,46127068.45992741,104685.54544097
2025-11-10,1.8875443600732529,2116014386447.3752,437.5,46411084.193655126,106082.478156926
2025-11-11,1.8318881974218433,2054067273200.924,478.125,49234637.68306107,102974.405611631
2025-11-12,1.8085099031300793,2028334526602.0332,440.625,44803687.056405425,101682.126652835
2025-11-13,1.7800126434105843,1995531055051.6216,468.75,46891551.63057984,100035.310145237
2025-11-14,1.6842606972655323,1885204557913.1167,450.0,42526146.42115722,94502.5476025716
2025-11-15,1.7025099652616345,1905969346288.112,446.875,42695025.51554557,95541.3158389831
2025-11-16,1.6785525812642024,1878905175037.5244,496.875,46796836.821388245,94182.3130996493
2025-11-17,1.6392867114437717,1833638268626.4453,387.5,35615695.14702659,91911.4713471654
2025-11-18,1.654516965238705,1852130060915.0713,415.625,38585146.16932716,92836.4419111631
2025-11-19,1.628739580213074,1821925037070.4468,428.125,39096580.98517497,91320.4811332554
2025-11-20,1.5515619978194948,1733993481993.45,409.375,35579312.64291532,86911.2980590298
2025-11-21,1.5202473672522108,1694864140154.9482,471.875,40084859.35752024,84948.0463205727
2025-11-22,1.5063202250156789,1691449473896.7937,446.875,37883828.81555379,84775.0015452952
2025-11-23,1.5408129016405956,1733336869377.817,443.75,38549651.756733984,86872.4546630625
2025-11-24,1.5674035927405892,1763408070508.766,446.875,39493741.091330916,88377.6024421391
2025-11-25,1.5507097680723907,1744622674821.233,359.375,31421791.62573972,87434.550610754
2025-11-26,1.6019179596137352,1804823283719.3835,512.5,46355254.49709601,90449.2770675044
2025-11-27,1.6180110246025807,1822561745081.4656,446.875,40815864.39524129,91336.2000452952
2025-11-28,1.6124043653578792,1815698698812.7932,468.75,42651621.84865392,90990.1266104617
2025-11-29,1.609812435967487,1812783212323.288,428.125,38891762.856059134,90842.0738243717
2025-11-30,1.605936798624271,1808153535032.7244,521.875,47285894.56024805,90607.7021513735
2025-12-01,1.533958697259218,1726309340197.7156,415.625,35953489.676485784,86504.6368156049
2025-12-02,1.6233866164835693,1826593716093.038,396.875,36325184.75556327,91528.0245809468
2025-12-03,1.6594397707736588,1868163523113.6948,412.5,38613751.219670504,93609.0938658679
2025-12-04,1.6346860768202705,1840191787722.4072,412.5,38034807.0936952,92205.5929544126
2025-12-05,1.5845510954223283,1781834205884.992,371.875,33200938.441103537,89279.8344634717
2025-12-06,1.5825974776524672,1779678725951.9172,509.375,45420743.12798528,89169.5570610754
2025-12-07,1.5985004613781386,1797652167928.569,500.0,45033923.699737,90067.847399474
2025-12-08,1.6096177386431436,1809775147324.2783,462.5,41936329.305165134,90673.1444436003
2025-12-09,1.6469894512126808,1852439848225.965,403.125,37413568.401124135,92808.8518477498
2025-12-10,1.6325770870501284,1838394451226.9824,484.375,44612356.76319586,92102.9300917592
2025-12-11,1.6416453987249755,1848835839973.176,500.0,46311859.9354179,92623.7198708358
2025-12-12,1.6020026597826391,1803124581759.215,453.125,40931510.01509533,90331.6083091759
2025-12-13,1.6004071227927794,1801441441839.3125,446.875,40328353.8086773,90245.267264173
2025-12-14,1.5625992937931457,1758581468490.5964,400.0,35238553.04570428,88096.3826142607
2025-12-15,1.5334507834438562,1723807816697.5964,418.75,36160142.982440814,86352.5802565751
2025-12-16,1.5583000660090016,1751792518937.351,459.375,40311272.0873128,87752.4290336061
2025-12-17,1.529104503632707,1718034910274.9507,431.25,37113181.89665946,86059.5522241379
2025-12-18,1.5183951212093736,1705589102848.2754,450.0,38445386.7902981,85434.1928673291
2025-12-19,1.5669393446155329,1760207641640.7705,453.125,39951158.45537608,88168.0738325541
2025-12-20,1.5699331395911071,1762731347927.292,459.375,40559345.8896561,88292.4536373466
2025-12-21,1.5740329131051052,1767580565650.2673,431.25,38180042.11144066,88533.4309830508
2025-12-22,1.5730377244463174,1766441678579.3882,434.375,38431094.532544896,88474.4622331969
2025-12-23,1.5534926720508595,1744350079363.6633,453.125,39587715.93485169,87365.9937872589
2025-12-24,1.5586263806194096,1749578331319.5293,496.875,43539005.17358086,87625.6707895967
2025-12-25,1.5515779428765888,1741741838969.6328,431.25,37618500.18143994,87231.3047685564
2025-12-26,1.5547999122682277,1743851052661.9036,487.5,42575718.793154575,87334.8077808299
2025-12-27,1.561130488616242,1751088738231.2805,425.0,37270551.76075397,87695.4159076564
2025-12-28,1.5623713813655935,1752174226540.3965,484.375,42502767.5593951,87747.6491548802
2025-12-29,1.55184373281198,1739952832712.9773,481.25,41933001.87960624,87133.5103991818
2025-12-30,1.575194732866138,1765844968792.5852,371.875,32884345.56421685,88428.4922735243
2025-12-31,1.5599368640000817,1747679146138.2644,415.625,36374243.996917896,87516.9780376972
2026-01-01,1.5805666838787138,1771030307456.4983,471.875,41847865.29676905,88684.2178474576
2026-01-02,1.6028335346054856,1796152439786.1328,450.0,40473081.07521917,89940.1801671537
2026-01-03,1.6144428345714437,1809335929206.2751,484.375,43883469.30750019,90598.1301832262
2026-01-04,1.6278233718322608,1824587914852.661,453.125,41397392.91856462,91359.7636823495
2026-01-05,1.6729656061920013,1876329155088.757,412.5,38753790.14901372,93948.5821794272
2026-01-06,1.6656981847227377,1868891796056.5051,406.25,38014554.139337376,93574.2871122151
2026-01-07,1.6234736025512655,1821692646787.202,459.375,41899114.28224359,91208.9562606663
2026-01-08,1.6216948371778772,1819492476510.6,412.5,37577477.91412919,91096.9161554647
2026-01-09,1.6124074298017157,1808401358128.12,443.75,40176948.93278604,90539.6032288136
2026-01-10,1.6100132123879032,1805781433869.588,506.25,45768109.595799245,90406.1424114553
2026-01-11,1.61585640170226,1812029241680.1577,381.25,34585934.907712966,90717.2063153127
2026-01-12,1.6235117369511671,1820537738213.6345,443.75,40443885.24545772,91141.1498489188
2026-01-13,1.6956457102183624,1903740522551.245,421.875,40206585.21789617,95304.4982942724
2026-01-14,1.725258285011508,1938525133766.5828,387.5,37604547.18128288,97043.9927258913
2026-01-15,1.698251329285832,1908645921457.2373,434.375,41502854.44876534,95546.1397381648
2026-01-16,1.6967501163466352,1907545876899.8357,406.25,38792459.04635449,95489.1299602572
2026-01-17,1.6895599397740113,1899956122538.015,465.625,44284187.7778958,95106.980462595
2026-01-18,1.6743922801666509,1883103755876.9592,437.5,41239331.62620543,94261.3294313267
2026-01-19,1.6436868798008475,1848484453618.508,468.75,43371675.920788266,92526.2419643483
2026-01-20,1.5689223614895769,1762822147346.9717,415.625,36673321.57679354,88236.5631922852
2026-01-21,1.5933664347912715,1790086994742.5425,428.125,38359726.80270312,89599.361874927
2026-01-22,1.5900557424434003,1786063068452.813,503.125,44977211.93271296,89395.700735827
2026-01-23,1.597227656500748,1786982708956.3025,437.5,39129900.20231224,89439.7718909994
2026-01-24,1.5927055312322624,1781920520861.2185,306.25,27312918.10157071,89185.0386990064
2026-01-25,1.5441681672754624,1727217015608.661,337.5,29175413.825014617,86445.6705926359
2026-01-26,1.5779781705662028,1765049801467.8804,387.5,34230763.638566636,88337.4545511397
2026-01-27,1.594258404220792,1783524598036.6025,381.25,34030520.08077698,89260.3805397429
2026-01-28,1.5929682871962685,1781904984387.2815,343.75,30654865.054938644,89177.7892507306
2026-01-29,1.5108463744510503,1688877168322.3572,400.0,33808158.92425484,84520.3973106371
2026-01-30,1.502794123367734,1678853413751.91,409.375,34394473.30571304,84017.0340292227
2026-01-31,1.409206961565977,1572688463359.5845,431.25,33940403.74800919,78702.38550263
2026-02-01,1.3779375282101733,1536921339757.8943,371.875,28601297.602795348,76911.0523772648
2026-02-02,1.411272421681785,1573030843440.0928,368.75,29026746.917025864,78716.6018088837
2026-02-03,1.3597906397012431,1512475464307.3,412.5,31219965.98645166,75684.7660277616
2026-02-04,1.315930750700471,1460758146742.2793,443.75,32435991.212434266,73095.1914646406
2026-02-05,1.1497951473288677,1268923762593.2031,396.875,25199454.47686568,63494.6884456458
2026-02-06,1.2794885803917828,1411906693993.6548,453.125,32012238.255429003,70647.6982188778
2026-02-07,1.2542864998384384,1382335759076.3145,518.75,35879997.08576124,69166.2594424313
2026-02-08,1.278752679408799,1409480417712.4243,531.25,37465125.53339602,70522.5892393337
2026-02-09,1.274890122985872,1403950284903.542,509.375,35780589.342824005,70244.1017773232
2026-02-10,1.2481033012418763,1372895651922.4705,450.0,30909956.9010228,68688.793113384
2026-02-11,1.2182387788490885,1338968761086.8115,490.625,32866829.702975217,66989.7165920514
2026-02-12,1.205655751536307,1323651411101.5576,553.125,36628791.697306015,66221.5443115137
2026-02-13,1.2543817127922632,1376438775426.905,471.875,32493709.42395805,68860.8411633548
2026-02-14,1.271428434942344,1395209152714.0444,518.75,36207753.546283245,69798.0791253653
2026-02-15,1.2503520156434709,1371901612478.9856,615.625,42250319.110248014,68629.9599760374
2026-02-16,1.2529918805039757,1374287575683.3733,546.875,37596255.17191157,68747.4380286383
2026-02-17,1.230359595565078,1348806897572.9492,515.625,34789760.59276828,67471.0508465809
2026-02-18,1.21146371466258,1327041682412.6785,478.125,31738275.515792143,66380.7069611339
2026-02-19,1.221844787848528,1338103087136.072,496.875,33257012.505270123,66932.3522118644
2026-02-20,1.2419474106076231,1359022838573.6174,428.125,29102785.527472954,67977.3092612507
2026-02-21,1.2427727388908913,1359914969948.6675,371.875,25295185.823715106,68020.6677612507
2026-02-22,1.234286313377275,1350540164036.8376,512.5,34619387.33938849,67550.0240768556
2026-02-23,1.1831842972470235,1293387338339.2383,462.5,29919084.452995323,64689.9123308007
2026-02-24,1.1743319937937022,1282100773328.0007,515.625,33063809.149606384,64123.7510780245
2026-02-25,1.2461229941727416,1360406516183.8442,487.5,33168779.56247076,68038.5221794272
2026-02-26,1.2368113915864163,1350053680284.782,437.5,29539678.231534928,67519.2645292227
2026-02-27,1.2073254705520615,1316988256328.348,440.625,29021384.84439475,65864.1358170661
2026-02-28,1.2275612619982268,1339043246944.108,446.875,29925268.27878798,66965.6353091759
2026-03-01,1.2052481747995247,1314436530955.2664,465.625,30607170.836589526,65733.5212597896
2026-03-02,1.263760682233652,1378236536262.6736,425.0,29292115.326431926,68922.6242974869
2026-03-03,1.2548907532524818,1368437726302.048,418.75,28655554.12534884,68431.1740306838
2026-03-04,1.3324599332646212,1453181528720.1433,406.25,29521156.867137283,72667.4630575687
2026-03-05,1.3020998734899651,1419621513717.0713,518.75,36824727.84781197,70987.427176505
2026-03-06,1.252787494903745,1364443146701.8782,456.25,31128434.335443463,68226.7053927528
2026-03-07,1.236301300128931,1346249079545.666,412.5,27767665.57681912,67315.5529135009
2026-03-08,1.2160004257646573,1324020725745.869,418.75,27722379.734391443,66202.6978731736
2026-03-09,1.258828872642114,1370565923110.882,431.25,29552932.21514468,68528.5384699007
2026-03-10,1.2838921987216931,1397861675303.8767,431.25,30140849.038626917,69891.8238576856
2026-03-11,1.2926305604960422,1406027387800.1365,434.375,30535943.668963674,70298.5753530099
2026-03-12,1.297352966463531,1410846656064.088,403.125,28435674.57074077,70538.1074623027
2026-03-13,1.30454126489792,1418712062331.4456,378.125,26820411.271261327,70930.0132793688
2026-03-14,1.3085611269402389,1422864934640.0215,400.0,28454487.16797196,71136.2179199299
2026-03-15,1.3372863065162932,1454415017618.7727,390.625,28403182.10773121,72712.1461957919
2026-03-16,1.3736647820354706,1494685195333.6306,390.625,29189045.919327147,74723.9575534775
2026-03-17,1.3620392217241302,1481953960271.912,396.875,29402886.651304048,74086.013609585
2026-03-18,1.3108271207032423,1425334864470.0562,434.375,30950937.974769887,71253.9579275278
2026-03-19,1.2873233530441244,1399258410166.362,418.75,29291103.896184605,69948.9048267095
2026-03-20,1.2979134579553593,1410520483673.4092,418.75,29526238.240882497,70510.4196797194
2026-03-21,1.2832286394689276,1394484296727.609,431.25,30061266.660156693,69707.285009059
2026-03-22,1.2516621596693465,1360727895569.4656,506.25,34434190.20005479,68018.1534815897
2026-03-23,1.3014094083299217,1414938935053.9592,500.0,35363105.5230859,70726.2110461718
2026-03-24,1.3002777489726736,1412641989096.3225,390.625,27582038.55943617,70610.0187121566
2026-03-25,1.31291879231233,1426105842430.46,478.125,34081370.315630466,71281.2973921683
2026-03-26,1.2664072256679189,1374957542916.4944,515.625,35435282.35327018,68722.9718366452
2026-03-27,1.221391534843414,1324794804322.246,475.0,31451731.46888514,66214.1715134424
2026-03-28,1.2242821302425808,1327569960241.544,543.75,36078395.68554025,66351.0725251315
2026-03-29,1.2173465160210977,1319910065564.9556,450.0,29685038.577264763,65966.7523939217
2026-03-30,1.2307677885365405,1333633950994.4387,425.0,28326773.601614527,66651.2320037989
2026-03-31,1.2594615926249517,1364949957429.4087,425.0,28991318.916518133,68214.8680388662
2026-04-01,1.2578004357870882,1363022478623.5503,506.25,34484138.50165657,68116.8167933957
2026-04-02,1.2361570581529682,1338870647177.839,453.125,30317831.590042397,66908.3179918177
2026-04-03,1.2360952901456137,1338566550263.67,412.5,27592843.66902397,66891.7422279369
2026-04-04,1.2435879583030514,1346663972184.613,375.0,25235674.092672408,67295.1309137931
2026-04-05,1.2731860065048008,1379250124896.7249,496.875,34245522.40155248,68921.8060911748
2026-04-06,1.270093812424762,1375697653591.4316,400.0,27497165.3234366,68742.9133085915
2026-04-07,1.330703341528385,1442053417557.3213,431.25,31074634.88089019,72057.1243614845
2026-04-08,1.3129220338742065,1422632685924.1665,462.5,32876839.496241223,71085.0583702513
2026-04-09,1.325828946125455,1436746639526.9473,450.0,32304905.902162485,71788.6797825833
2026-04-10,1.3468426562660187,1459918626570.64,390.625,28494168.251616366,72945.0707241379
2026-04-11,1.3497406830177825,1463429926532.0017,384.375,28105157.566804864,73119.1091168907
2026-04-12,1.3049673347970956,1414754502718.0571,484.375,34238225.94937172,70685.3697019287
2026-04-13,1.3770482398402828,1493795013094.8875,462.5,34517644.83335036,74632.7455856224
2026-04-14,1.3687529040183417,1484641267129.7373,512.5,38013923.034661755,74173.5083603156
2026-04-15,1.3796263886883915,1496448887839.818,390.625,29203892.44319844,74761.964654588
2026-04-16,1.3856258612153995,1503165549783.1584,475.0,35670478.50257891,75095.7442159556
2026-04-17,1.4223235153878984,1543607893397.0964,440.625,33978568.3836399,77114.481438048
2026-04-18,1.3980047368399022,1517173171126.9143,478.125,36238080.48095778,75792.0637510228
2026-04-19,1.3634656752952106,1479439310993.9817,493.75,36490694.525211856,73905.2041016949
2026-04-20,1.3987305546501194,1517683423347.0813,406.25,30799496.537788592,75814.1453237873
2026-04-21,1.4040391749892125,1523586908754.2576,421.875,32107827.64125056,76107.4432977791
2026-04-22,1.4451816880881303,1567866712950.4104,409.375,32061325.742625833,78317.7422720631
2026-04-23,1.4435180102987248,1566213501915.1277,378.125,29582111.667692486,78233.6837492694
2026-04-24,1.4313054086958685,1550445734881.661,465.625,36059987.88211756,77444.269277031
2026-04-25,1.4345741475645932,1554092175350.093,437.5,33960811.27345121,77624.7114821742
2026-04-26,1.4512399107371685,1572428798917.5513,465.625,36569616.34453625,78538.7733573933
2026-04-27,1.4274966444382788,1546785594139.162,431.25,33316778.15018445,77256.297159848
2026-04-28,1.4098968122284417,1527582774590.8953,434.375,33140871.329026364,76295.531117183
2026-04-29,1.4012950588480768,1517591460634.257,396.875,30081144.535413302,75795.0098530099
2026-04-30,1.4109087161770764,1527728226837.0825,437.5,33381082.056253664,76299.6161285798
2026-05-01,1.4441109410626063,1564469061455.333,493.75,38577992.86894906,78132.6437852133
2026-05-02,1.4546787719928145,1576113892815.107,425.0,33452828.960987717,78712.5387317358
2026-05-03,1.4532128991393036,1574882442469.4604,475.0,37358357.31241964,78649.1732893045
2026-05-04,1.4734139625232838,1598486719022.307,465.625,37169031.45232136,79826.107817066
2026-05-05,1.49326488273632,1620764931897.133,468.75,37939103.824335195,80936.7548252484
2026-05-06,1.5007289347155643,1629368819802.4692,440.625,35851285.744155474,81364.6201285798
2026-05-07,1.4754077327071486,1601856781311.401,443.75,35495118.18837487,79988.9987343659
2026-05-08,1.4788069377076725,1605712436185.0662,459.375,36832546.14835258,80179.6922957335
2026-05-09,1.4875564619691928,1615447075021.543,534.375,43104627.095265,80663.6296519579
2026-05-10,1.5165762999799848,1647391609832.0415,468.75,38557866.15840516,82256.781137931
2026-05-11,1.5062797314103844,1636578096185.1265,515.625,42134163.869516194,81714.7420499708
2026-05-12,1.4843434176790684,1612795007979.5327,418.75,33720079.51652905,80525.563024547
2026-05-13,1.4616979219598496,1588121422920.642,434.375,34442423.84138664,79291.9110017534
2026-05-14,1.496291810555883,1625892297141.8928,471.875,38304843.41830069,81175.8271116306
2026-05-15,1.4576482075977495,1583618048523.5847,453.125,35825609.72960808,79063.4145756868
2026-05-16,1.4411207320741923,1565649830508.3457,471.875,36883871.20609108,78164.4952711864
2026-05-17,1.4288785719516937,1552327640770.8088,437.5,33905242.4871055,77497.697113384
2026-05-18,1.419569255459985,1541909617519.7688,437.5,33676961.14994886,76975.9111998831
2026-05-19,1.4170368263075273,1538569462749.442,443.75,34083310.79929867,76807.460956166
2026-05-20,1.4282474320399443,1550639385411.9675,475.0,36768881.799247496,77408.1722089421
2026-05-21,1.4318398636638516,1554420448473.3013,396.875,30795668.886911135,77595.3861717446
2026-05-22,1.3951977957217805,1513834758642.7256,487.5,36839177.23351578,75567.5430431093
2026-05-23,1.4145646606056597,1534955087416.121,512.5,39267681.63713377,76619.8666090415
